evaluation_scope,topology,p,missingness_mode,missing_rate_target,alpha_schedule,contrast,left,right,paired_seeds,precision_delta_mean,precision_delta_lo95,precision_delta_hi95,precision_delta_halfwidth95,precision_paired_n,recall_delta_mean,recall_delta_lo95,recall_delta_hi95,recall_delta_halfwidth95,recall_paired_n,f1_delta_mean,f1_delta_lo95,f1_delta_hi95,f1_delta_halfwidth95,f1_paired_n,exact_recovery_delta_mean,exact_recovery_delta_lo95,exact_recovery_delta_hi95,exact_recovery_delta_halfwidth95,exact_recovery_paired_n,fp_delta_mean,fp_delta_lo95,fp_delta_hi95,fp_delta_halfwidth95,fp_paired_n,fn_delta_mean,fn_delta_lo95,fn_delta_hi95,fn_delta_halfwidth95,fn_paired_n,trace_ci_tests_delta_mean,trace_ci_tests_delta_lo95,trace_ci_tests_delta_hi95,trace_ci_tests_delta_halfwidth95,trace_ci_tests_paired_n,trace_ci_n_eff_min_delta_mean,trace_ci_n_eff_min_delta_lo95,trace_ci_n_eff_min_delta_hi95,trace_ci_n_eff_min_delta_halfwidth95,trace_ci_n_eff_min_paired_n,trace_ci_n_eff_median_delta_mean,trace_ci_n_eff_median_delta_lo95,trace_ci_n_eff_median_delta_hi95,trace_ci_n_eff_median_delta_halfwidth95,trace_ci_n_eff_median_paired_n,trace_ci_effective_fraction_mean_delta_mean,trace_ci_effective_fraction_mean_delta_lo95,trace_ci_effective_fraction_mean_delta_hi95,trace_ci_effective_fraction_mean_delta_halfwidth95,trace_ci_effective_fraction_mean_paired_n,runtime_seconds_delta_mean,runtime_seconds_delta_lo95,runtime_seconds_delta_hi95,runtime_seconds_delta_halfwidth95,runtime_seconds_paired_n,gamma
global_whole_skeleton,er_expected_degree_2,20,complete,0.0,n_inverse_half,gamma_1.25_minus_1.0,1.0,1.25,10,0.009783549783549783,-0.017795096445838453,0.03736219601293802,0.027578646229388236,10,0.0,0.0,0.0,0.0,10,0.005149714899841773,-0.009237881983027885,0.019537311782711432,0.014387596882869658,10,0.1,-0.30606963804360443,0.5060696380436044,0.4060696380436044,10,-0.2,-0.7642811372151657,0.3642811372151657,0.5642811372151657,10,0.0,0.0,0.0,0.0,10,4.5,-16.192522011421513,25.192522011421513,20.692522011421513,10,-204.0,-204.0,-204.0,0.0,10,-204.0,-204.0,-204.0,0.0,10,0.0,0.0,0.0,0.0,10,0.4860388524001108,-0.23372453146061178,1.2058022362608334,0.7197633838607226,10,
global_whole_skeleton,er_expected_degree_2,20,self_masking_gaussian_preserving,0.3,n_inverse_half,gamma_1.25_minus_1.0,1.0,1.25,10,-0.015858395989974915,-0.034213876399184,0.002497084419234172,0.018355480409209087,10,-0.015125,-0.042405554781169405,0.012155554781169406,0.027280554781169405,10,-0.015489506778590267,-0.030137507966578228,-0.0008415055906023042,0.014648001187987963,10,-0.1,-0.3262157162798205,0.12621571627982048,0.22621571627982048,10,0.3,-0.045550214413643764,0.6455502144136438,0.34555021441364375,10,0.4,-0.2911004288272876,1.0911004288272876,0.6911004288272876,10,-35.3,-74.64397949855191,4.043979498551913,39.34397949855191,10,-37.5,-42.53862748125525,-32.46137251874475,5.038627481255247,10,-71.7,-73.63866267603346,-69.76133732396654,1.9386626760334578,10,0.002185153061046169,-0.0012460964787887243,0.005616402600881062,0.0034312495398348933,10,-0.7317327777000401,-1.3482493469658903,-0.11521620843419,0.6165165692658501,10,
global_whole_skeleton,er_expected_degree_2,20,self_masking_logistic_population,0.3,n_inverse_half,gamma_1.25_minus_1.0,1.0,1.25,10,-0.002321428571428574,-0.022598350851652117,0.017955493708794967,0.02027692228022354,10,-0.020050125313283207,-0.050335024578099546,0.010234773951533133,0.03028489926481634,10,-0.012028858054849833,-0.0359790284135303,0.011921312303830641,0.023950170358680474,10,-0.1,-0.3262157162798205,0.12621571627982048,0.22621571627982048,10,0.0,-0.33722247945365624,0.33722247945365624,0.33722247945365624,10,0.4,-0.2032419100795213,1.0032419100795213,0.6032419100795213,10,-47.9,-84.63628389277352,-11.163716107226477,36.73628389277352,10,-35.6,-41.264936185263835,-29.935063814736164,5.664936185263836,10,-68.0,-70.5682098897159,-65.4317901102841,2.5682098897158996,10,0.004861033553711319,0.0021417048115496837,0.007580362295872954,0.002719328742161635,10,-0.14709207299997598,-0.5463299901694111,0.2521458441694592,0.39923791716943513,10,
global_whole_skeleton,er_expected_degree_2,50,complete,0.0,n_inverse_half,gamma_1.25_minus_1.0,1.0,1.25,10,0.0,0.0,0.0,0.0,10,0.0,0.0,0.0,0.0,10,0.0,0.0,0.0,0.0,10,0.0,0.0,0.0,0.0,10,0.0,0.0,0.0,0.0,10,0.0,0.0,0.0,0.0,10,0.0,0.0,0.0,0.0,10,0.0,0.0,0.0,0.0,10,0.0,0.0,0.0,0.0,10,0.0,0.0,0.0,0.0,10,1.8568518901999376,-2.5590030005628375,6.272706780962713,4.415854890762775,10,
global_whole_skeleton,er_expected_degree_2,50,self_masking_gaussian_preserving,0.3,n_inverse_half,gamma_1.25_minus_1.0,1.0,1.25,10,0.0,0.0,0.0,0.0,10,0.0,0.0,0.0,0.0,10,0.0,0.0,0.0,0.0,10,0.0,0.0,0.0,0.0,10,0.0,0.0,0.0,0.0,10,0.0,0.0,0.0,0.0,10,0.0,0.0,0.0,0.0,10,0.0,0.0,0.0,0.0,10,0.0,0.0,0.0,0.0,10,0.0,0.0,0.0,0.0,10,1.6428976637999537,-1.207169430056739,4.4929647576566465,2.8500670938566928,10,
global_whole_skeleton,er_expected_degree_2,50,self_masking_logistic_population,0.3,n_inverse_half,gamma_1.25_minus_1.0,1.0,1.25,10,0.0,0.0,0.0,0.0,10,0.0,0.0,0.0,0.0,10,0.0,0.0,0.0,0.0,10,0.0,0.0,0.0,0.0,10,0.0,0.0,0.0,0.0,10,0.0,0.0,0.0,0.0,10,0.0,0.0,0.0,0.0,10,0.0,0.0,0.0,0.0,10,0.0,0.0,0.0,0.0,10,0.0,0.0,0.0,0.0,10,0.18600471269996816,-1.8929713996487945,2.2649808250487307,2.0789761123487627,10,
global_whole_skeleton,er_expected_degree_2,75,complete,0.0,n_inverse_half,gamma_1.25_minus_1.0,1.0,1.25,10,-0.002503102850822925,-0.023398457166153474,0.01839225146450762,0.020895354315330548,10,-0.0013698630136986245,-0.0044687084421893035,0.0017289824147920544,0.003098845428490679,10,-0.0019962277678599594,-0.01369008327283753,0.009697627737117612,0.011693855504977571,10,0.1,-0.12621571627982048,0.3262157162798205,0.22621571627982048,10,0.2,-1.6408764812817767,2.0408764812817766,1.8408764812817766,10,0.1,-0.12621571627982048,0.3262157162798205,0.22621571627982048,10,40.1,-16.61902663927001,96.81902663927002,56.71902663927001,10,401.0,401.0,401.0,0.0,10,401.0,401.0,401.0,0.0,10,0.0,0.0,0.0,0.0,10,-1.3180941435000038,-3.4749408632794028,0.8387525762793953,2.156846719779399,10,
global_whole_skeleton,er_expected_degree_2,75,self_masking_gaussian_preserving,0.3,n_inverse_half,gamma_1.25_minus_1.0,1.0,1.25,10,-0.0037462661800217955,-0.00811680894335075,0.0006242765833071591,0.0043705427633289546,10,0.0011363636363636465,-0.0014342695031797908,0.003706996775907084,0.0025706331395434373,10,-0.0012503446416564311,-0.004033578298620022,0.00153288901530716,0.002783233656963591,10,0.0,0.0,0.0,0.0,10,0.3,-0.045550214413643764,0.6455502144136438,0.34555021441364375,10,-0.1,-0.3262157162798205,0.12621571627982048,0.22621571627982048,10,89.0,17.931612549467644,160.06838745053236,71.06838745053236,10,65.4,59.035511958442534,71.76448804155748,6.364488041557472,10,153.95,134.91226777014847,172.9877322298515,19.03773222985151,10,-0.0009635225254909452,-0.0017986008239090948,-0.0001284442270727956,0.0008350782984181496,10,1.9635095289001125,-3.2915637431728744,7.218582800973099,5.255073272072987,10,
global_whole_skeleton,er_expected_degree_2,75,self_masking_logistic_population,0.3,n_inverse_half,gamma_1.25_minus_1.0,1.0,1.25,10,-0.0013315977941923407,-0.00612393938975552,0.0034607438013708382,0.004792341595563179,10,-0.0011235955056180026,-0.003665345126739638,0.0014181541155036327,0.0025417496211216353,10,-0.0011873639160459581,-0.002919977446149064,0.0005452496140571478,0.001732613530103106,10,0.0,0.0,0.0,0.0,10,0.1,-0.3060696380436043,0.5060696380436043,0.4060696380436043,10,0.1,-0.12621571627982048,0.3262157162798205,0.22621571627982048,10,79.2,-17.12634839515043,175.52634839515042,96.32634839515043,10,62.6,57.17082280928431,68.0291771907157,5.429177190715691,10,154.3,133.5641077500047,175.03589224999533,20.73589224999532,10,-0.000880213541672814,-0.002006727210626358,0.0002463001272807302,0.0011265136689535442,10,1.5260141012000088,-2.8482857121790457,5.900313914579064,4.3742998133790545,10,
global_whole_skeleton,er_expected_degree_2,100,complete,0.0,n_inverse_half,gamma_1.25_minus_1.0,1.0,1.25,10,0.0043575436751738805,-0.009814631194409562,0.018529718544757323,0.014172174869583443,10,0.0,0.0,0.0,0.0,10,0.0023814001659330673,-0.0050959804915553,0.009858780823421434,0.007477380657488367,10,0.0,0.0,0.0,0.0,10,-0.5,-2.0906752542355695,1.0906752542355695,1.5906752542355695,10,0.0,0.0,0.0,0.0,10,71.3,-106.83074849952801,249.43074849952802,178.130748499528,10,947.0,947.0,947.0,0.0,10,947.0,947.0,947.0,0.0,10,0.0,0.0,0.0,0.0,10,1.689759198300178,-15.240344979057335,18.61986337565769,16.930104177357514,10,
global_whole_skeleton,er_expected_degree_2,100,self_masking_gaussian_preserving,0.3,n_inverse_half,gamma_1.25_minus_1.0,1.0,1.25,10,-0.004019645326090238,-0.009191643900369192,0.0011523532481887153,0.005171998574278953,10,0.0034996242573502533,0.0002567693922488159,0.00674247912245169,0.0032428548651014374,10,-0.00021401404621657072,-0.003606471689042808,0.0031784435966096666,0.0033924576428262373,10,-0.2,-0.5016209550397607,0.10162095503976065,0.30162095503976066,10,0.4,-0.10018176838777082,0.9001817683877709,0.5001817683877708,10,-0.4,-0.76940871778918,-0.03059128221082008,0.36940871778917994,10,70.2,-2.196726418439411,142.5967264184394,72.39672641843941,10,155.4,148.00259619107914,162.79740380892088,7.397403808920873,10,381.6,333.11941575010667,430.0805842498934,48.48058424989336,10,-0.00042574203838345316,-0.0010161377407994052,0.0001646536640324988,0.000590395702415952,10,2.2101977220000215,-8.96061130229851,13.381006746298553,11.170809024298531,10,
global_whole_skeleton,er_expected_degree_2,100,self_masking_logistic_population,0.3,n_inverse_half,gamma_1.25_minus_1.0,1.0,1.25,10,0.0028051004385228895,-0.0020507622643433834,0.007660963141389162,0.004855862702866273,10,0.0008064516129032362,-0.0010178686796759842,0.002630771905482457,0.0018243202925792206,10,0.0017966360627729606,-0.0006835201413696566,0.004276792266915578,0.002480156204142617,10,0.1,-0.12621571627982048,0.3262157162798205,0.22621571627982048,10,-0.3,-0.7828291119331838,0.1828291119331838,0.4828291119331838,10,-0.1,-0.3262157162798205,0.12621571627982048,0.22621571627982048,10,107.6,-16.09732414287086,231.29732414287085,123.69732414287085,10,145.5,140.96000342867882,150.03999657132118,4.53999657132117,10,382.0,333.72062183188433,430.27937816811567,48.27937816811565,10,-0.0005401408404464958,-0.0016699764035752614,0.0005896947226822699,0.0011298355631287657,10,1.540670513099986,-11.238089264914663,14.319430291114635,12.77875977801465,10,
global_whole_skeleton,er_expected_degree_2,150,complete,0.0,n_inverse_half,gamma_1.25_minus_1.0,1.0,1.25,10,0.011287322150868672,-0.00373937663965322,0.026314020941390563,0.015026698790521893,10,0.0005952380952380821,-0.0007512840254751054,0.0019417602159512695,0.0013465221207131874,10,0.006183585401473335,-0.001714151390431763,0.014081322193378432,0.007897736791905098,10,0.0,0.0,0.0,0.0,10,-2.0,-4.59025501414116,0.5902550141411607,2.5902550141411607,10,-0.1,-0.3262157162798205,0.12621571627982048,0.22621571627982048,10,159.3,-73.89807363751021,392.49807363751023,233.19807363751022,10,2371.0,2371.0,2371.0,0.0,10,2371.0,2371.0,2371.0,0.0,10,0.0,0.0,0.0,0.0,10,13.27666366339991,3.6207679940094177,22.932559332790404,9.655895669390492,10,
global_whole_skeleton,er_expected_degree_2,150,self_masking_gaussian_preserving,0.3,n_inverse_half,gamma_1.25_minus_1.0,1.0,1.25,10,-0.0033977448963270927,-0.00794098689871276,0.001145497106058574,0.004543242002385667,10,0.001192498230714767,-0.0006111420307362756,0.0029961384921658096,0.0018036402614510425,10,-0.0011000778976486213,-0.003794145663095819,0.0015939898677985766,0.002694067765447198,10,-0.1,-0.3262157162798205,0.12621571627982048,0.22621571627982048,10,0.5,-0.195201951060053,1.195201951060053,0.695201951060053,10,-0.2,-0.5016209550397607,0.10162095503976065,0.30162095503976066,10,355.3,-17.2803369261772,727.8803369261773,372.5803369261772,10,397.6,392.2340284230818,402.96597157691826,5.365971576918228,10,1099.3,846.815368090068,1351.784631909932,252.484631909932,10,-0.0013284459755990464,-0.0028078416057980334,0.0001509496545999407,0.001479395630198987,10,2.2113621240000625,-1.3628269983674994,5.785551246367625,3.574189122367562,10,
global_whole_skeleton,er_expected_degree_2,150,self_masking_logistic_population,0.3,n_inverse_half,gamma_1.25_minus_1.0,1.0,1.25,10,0.004045858315136641,-0.000496280221827081,0.008587996852100363,0.004542138536963722,10,0.00127388535031846,-0.0016078435194881444,0.004155614220125064,0.0028817288698066044,10,0.002649501738810256,-0.000915527741919258,0.00621453121953977,0.003565029480729514,10,0.2,-0.10162095503976065,0.5016209550397607,0.30162095503976066,10,-0.6,-1.2911004288272876,0.09110042882728764,0.6911004288272876,10,-0.2,-0.652431432559641,0.25243143255964096,0.45243143255964097,10,435.3,100.1593740594335,770.4406259405665,335.1406259405665,10,361.7,350.23418774355133,373.16581225644865,11.465812256448649,10,921.7,708.5532372327021,1134.846762767298,213.14676276729793,10,-0.0016817409026741504,-0.003131453231933314,-0.00023202857341498673,0.0014497123292591637,10,4.452385591700386,-0.815916035120944,9.720687218521716,5.26830162682133,10,
global_whole_skeleton,random_regular_d2,20,complete,0.0,n_inverse_half,gamma_1.25_minus_1.0,1.0,1.25,10,-0.004761904761904756,-0.02409855419255256,0.014574744668743048,0.019336649430647803,10,0.0,0.0,0.0,0.0,10,-0.0024390243902439046,-0.012343161903502556,0.007465113123014747,0.009904137513258651,10,-0.1,-0.5060696380436043,0.3060696380436043,0.4060696380436043,10,0.1,-0.3060696380436043,0.5060696380436043,0.4060696380436043,10,0.0,0.0,0.0,0.0,10,-4.6,-17.595978599693993,8.395978599693992,12.995978599693991,10,-204.0,-204.0,-204.0,0.0,10,-204.0,-204.0,-204.0,0.0,10,0.0,0.0,0.0,0.0,10,0.013556504300004279,-0.3452979161773746,0.37241092477738313,0.35885442047737887,10,
global_whole_skeleton,random_regular_d2,20,self_masking_gaussian_preserving,0.3,n_inverse_half,gamma_1.25_minus_1.0,1.0,1.25,10,-0.004761904761904756,-0.01553408172761048,0.006010272203800967,0.010772176965705723,10,-0.015000000000000003,-0.039141455596659186,0.009141455596659184,0.024141455596659186,10,-0.010266284849083296,-0.023258025961310644,0.002725456263144053,0.012991741112227348,10,-0.3,-0.6455502144136438,0.045550214413643764,0.34555021441364375,10,0.1,-0.12621571627982048,0.3262157162798205,0.22621571627982048,10,0.3,-0.18282911193318369,0.7828291119331836,0.4828291119331837,10,-3.2,-20.928411490975478,14.52841149097548,17.72841149097548,10,-53.0,-83.69836084186254,-22.301639158137462,30.698360841862538,10,-88.15,-115.65847290482085,-60.641527095179164,27.50847290482084,10,0.0006255251644018522,-0.004569962751710114,0.005821013080513819,0.005195487916111966,10,-0.1528238056999726,-0.5348126560868084,0.22916504468686325,0.38198885038683583,10,
global_whole_skeleton,random_regular_d2,20,self_masking_logistic_population,0.3,n_inverse_half,gamma_1.25_minus_1.0,1.0,1.25,10,-0.0050000000000000044,-0.016310785813991036,0.006310785813991028,0.011310785813991033,10,0.0,0.0,0.0,0.0,10,-0.0024358974358974494,-0.007946280268354646,0.003074485396559747,0.005510382832457196,10,0.0,0.0,0.0,0.0,10,0.1,-0.12621571627982048,0.3262157162798205,0.22621571627982048,10,0.0,0.0,0.0,0.0,10,0.0,-6.004075549632292,6.004075549632292,6.004075549632292,10,-73.9,-98.56443001614079,-49.23556998385922,24.66443001614078,10,-92.45,-100.29622217941697,-84.60377782058303,7.846222179416968,10,0.0008287425115670877,-0.001460049776898743,0.0031175348000329183,0.0022887922884658306,10,0.08240334029999305,-0.12453337549755267,0.28934005609753877,0.20693671579754572,10,
global_whole_skeleton,random_regular_d2,50,complete,0.0,n_inverse_half,gamma_1.25_minus_1.0,1.0,1.25,10,0.0,0.0,0.0,0.0,10,0.0,0.0,0.0,0.0,10,0.0,0.0,0.0,0.0,10,0.0,0.0,0.0,0.0,10,0.0,0.0,0.0,0.0,10,0.0,0.0,0.0,0.0,10,0.0,0.0,0.0,0.0,10,0.0,0.0,0.0,0.0,10,0.0,0.0,0.0,0.0,10,0.0,0.0,0.0,0.0,10,0.1256663014999501,-0.8329403442356467,1.0842729472355468,0.9586066457355967,10,
global_whole_skeleton,random_regular_d2,50,self_masking_gaussian_preserving,0.3,n_inverse_half,gamma_1.25_minus_1.0,1.0,1.25,10,0.0,0.0,0.0,0.0,10,0.0,0.0,0.0,0.0,10,0.0,0.0,0.0,0.0,10,0.0,0.0,0.0,0.0,10,0.0,0.0,0.0,0.0,10,0.0,0.0,0.0,0.0,10,0.0,0.0,0.0,0.0,10,0.0,0.0,0.0,0.0,10,0.0,0.0,0.0,0.0,10,0.0,0.0,0.0,0.0,10,-0.11747663320002166,-0.9449822499287381,0.7100289835286948,0.8275056167287165,10,
global_whole_skeleton,random_regular_d2,50,self_masking_logistic_population,0.3,n_inverse_half,gamma_1.25_minus_1.0,1.0,1.25,10,0.0,0.0,0.0,0.0,10,0.0,0.0,0.0,0.0,10,0.0,0.0,0.0,0.0,10,0.0,0.0,0.0,0.0,10,0.0,0.0,0.0,0.0,10,0.0,0.0,0.0,0.0,10,0.0,0.0,0.0,0.0,10,0.0,0.0,0.0,0.0,10,0.0,0.0,0.0,0.0,10,0.0,0.0,0.0,0.0,10,-0.6117833635999886,-1.910950291454196,0.6873835642542189,1.2991669278542075,10,
global_whole_skeleton,random_regular_d2,75,complete,0.0,n_inverse_half,gamma_1.25_minus_1.0,1.0,1.25,10,0.006393606393606399,-0.002513248416138548,0.015300461203351346,0.008906854809744947,10,0.0,0.0,0.0,0.0,10,0.003268030809395883,-0.0012688060533429138,0.0078048676721346796,0.004536836862738797,10,0.1,-0.3060696380436043,0.5060696380436043,0.4060696380436043,10,-0.5,-1.195201951060053,0.195201951060053,0.695201951060053,10,0.0,0.0,0.0,0.0,10,-24.3,-59.138607605291,10.538607605290995,34.838607605290996,10,401.0,401.0,401.0,0.0,10,401.0,401.0,401.0,0.0,10,0.0,0.0,0.0,0.0,10,-2.6272964960999388,-5.12949318633826,-0.12509980586161795,2.502196690238321,10,
global_whole_skeleton,random_regular_d2,75,self_masking_gaussian_preserving,0.3,n_inverse_half,gamma_1.25_minus_1.0,1.0,1.25,10,0.0,0.0,0.0,0.0,10,0.0,0.0,0.0,0.0,10,0.0,0.0,0.0,0.0,10,0.0,0.0,0.0,0.0,10,0.0,0.0,0.0,0.0,10,0.0,0.0,0.0,0.0,10,-47.7,-65.76596849915039,-29.634031500849616,18.065968499150387,10,86.0,-49.71686164621454,221.71686164621454,135.71686164621454,10,196.1,195.0098791090981,197.19012089090188,1.09012089090188,10,0.001273201663294865,0.0007390707309403257,0.0018073325956494044,0.0005341309323545393,10,-0.9835399737000895,-2.7070438735135536,0.7399639261133747,1.7235038998134642,10,
global_whole_skeleton,random_regular_d2,75,self_masking_logistic_population,0.3,n_inverse_half,gamma_1.25_minus_1.0,1.0,1.25,10,0.0,0.0,0.0,0.0,10,0.0,0.0,0.0,0.0,10,0.0,0.0,0.0,0.0,10,0.0,0.0,0.0,0.0,10,0.0,0.0,0.0,0.0,10,0.0,0.0,0.0,0.0,10,-24.8,-51.02715179208171,1.427151792081709,26.22715179208171,10,111.2,5.899182655267339,216.50081734473267,105.30081734473266,10,196.75,195.6670747051659,197.8329252948341,1.0829252948340844,10,0.000847221055139058,1.082091304011241e-06,0.001693360018974105,0.0008461389638350468,10,-0.046735981800134316,-2.3074650450604604,2.2139930814601914,2.260729063260326,10,
global_whole_skeleton,random_regular_d2,100,complete,0.0,n_inverse_half,gamma_1.25_minus_1.0,1.0,1.25,10,-1.1004483130794274e-05,-0.007959808213009196,0.007937799246747607,0.007948803729878402,10,0.0,0.0,0.0,0.0,10,-1.926954135478276e-07,-0.004049309849594857,0.004048924458767762,0.00404911715418131,10,-0.2,-0.5016209550397607,0.10162095503976065,0.30162095503976066,10,0.0,-0.8260230044576421,0.8260230044576421,0.8260230044576421,10,0.0,0.0,0.0,0.0,10,-56.1,-124.67935464398653,12.479354643986518,68.57935464398652,10,947.0,947.0,947.0,0.0,10,947.0,947.0,947.0,0.0,10,0.0,0.0,0.0,0.0,10,-0.2837169223001208,-6.3937195409682595,5.826285696368018,6.110002618668139,10,
global_whole_skeleton,random_regular_d2,100,self_masking_gaussian_preserving,0.3,n_inverse_half,gamma_1.25_minus_1.0,1.0,1.25,10,0.000990099009901002,-0.003030392455877307,0.005010590475679312,0.004020491465778309,10,0.0,0.0,0.0,0.0,10,0.000497512437810943,-0.0015227345176298658,0.002517759393251752,0.0020202469554408088,10,0.1,-0.30606963804360443,0.5060696380436044,0.4060696380436044,10,-0.1,-0.5060696380436044,0.30606963804360443,0.4060696380436044,10,0.0,0.0,0.0,0.0,10,-34.4,-74.52409046927052,5.7240904692705215,40.12409046927052,10,254.8,96.57910813978714,413.0208918602129,158.22089186021287,10,462.85,461.1804081326847,464.51959186731534,1.669591867315323,10,0.0006142795192334016,-0.00022355112292758023,0.0014521101613943835,0.0008378306421609819,10,-2.3723136429000977,-7.9679822599922465,3.223354974192051,5.595668617092149,10,
global_whole_skeleton,random_regular_d2,100,self_masking_logistic_population,0.3,n_inverse_half,gamma_1.25_minus_1.0,1.0,1.25,10,0.0,-0.0033388364302342614,0.0033388364302342614,0.0033388364302342614,10,0.0,0.0,0.0,0.0,10,0.0,-0.0016777237783763914,0.0016777237783763914,0.0016777237783763914,10,0.0,-0.33722247945365624,0.33722247945365624,0.33722247945365624,10,0.0,-0.33722247945365624,0.33722247945365624,0.33722247945365624,10,0.0,0.0,0.0,0.0,10,-56.7,-99.39035476953606,-14.009645230463953,42.69035476953605,10,211.2,38.84011781823736,383.55988218176265,172.35988218176263,10,463.95,462.4005186670375,465.4994813329625,1.549481332962518,10,0.001107366954135297,0.00046134869909660264,0.0017533852091739916,0.0006460182550386944,10,0.6525062649001022,-3.9078952143022065,5.212907744102411,4.560401479202309,10,
global_whole_skeleton,random_regular_d2,150,complete,0.0,n_inverse_half,gamma_1.25_minus_1.0,1.0,1.25,10,0.007451514420366745,-0.00423211146075192,0.01913514030148541,0.011683625881118665,10,0.0,0.0,0.0,0.0,10,0.003859306337010593,-0.0021262082849769345,0.009844820958998121,0.005985514621987527,10,-0.1,-0.3262157162798205,0.12621571627982048,0.22621571627982048,10,-1.2,-3.0408764812817766,0.6408764812817767,1.8408764812817766,10,0.0,0.0,0.0,0.0,10,-211.9,-298.3569319730965,-125.44306802690355,86.45693197309646,10,2371.0,2371.0,2371.0,0.0,10,2371.0,2371.0,2371.0,0.0,10,0.0,0.0,0.0,0.0,10,1.7433989723001098,-0.4193570079518345,3.906154952552054,2.1627559802519443,10,
global_whole_skeleton,random_regular_d2,150,self_masking_gaussian_preserving,0.3,n_inverse_half,gamma_1.25_minus_1.0,1.0,1.25,10,0.0013245033112582849,-0.0006729864572169611,0.003321993079733531,0.001997489768475246,10,0.000666666666666682,-0.0008414381085321559,0.00217477144186552,0.001508104775198838,10,0.000998899987777646,-0.00015167516365060434,0.0021494751392058965,0.0011505751514282504,10,0.3,-0.045550214413643764,0.6455502144136438,0.34555021441364375,10,-0.2,-0.5016209550397607,0.10162095503976065,0.30162095503976066,10,-0.1,-0.3262157162798205,0.12621571627982048,0.22621571627982048,10,-146.8,-190.78885962651307,-102.81114037348695,43.988859626513054,10,778.6,517.3554624088348,1039.8445375911651,261.2445375911652,10,1160.0,1157.521930986627,1162.478069013373,2.4780690133729264,10,0.0012793622003776316,0.0006905643925899374,0.0018681600081653258,0.0005887978077876942,10,0.1283282961997884,-1.31280659103646,1.5694631834360369,1.4411348872362484,10,
global_whole_skeleton,random_regular_d2,150,self_masking_logistic_population,0.3,n_inverse_half,gamma_1.25_minus_1.0,1.0,1.25,10,0.0,-0.002233261453335483,0.002233261453335483,0.002233261453335483,10,0.0,0.0,0.0,0.0,10,0.0,-0.001120340463301191,0.001120340463301191,0.001120340463301191,10,0.0,-0.33722247945365624,0.33722247945365624,0.33722247945365624,10,0.0,-0.33722247945365624,0.33722247945365624,0.33722247945365624,10,0.0,0.0,0.0,0.0,10,-113.9,-184.98314716148235,-42.81685283851765,71.08314716148236,10,652.0,383.33694371787465,920.6630562821254,268.66305628212535,10,1159.5,1157.676190588636,1161.323809411364,1.823809411363889,10,0.0010404330405851148,0.00038316859587812346,0.0016976974852921062,0.0006572644447069914,10,2.890646946000197,0.3594217703802922,5.421872121620102,2.531225175619905,10,
global_whole_skeleton,scale_free_m2,20,complete,0.0,n_inverse_half,gamma_1.25_minus_1.0,1.0,1.25,10,-0.0025791419909066858,-0.021946090166934364,0.01678780618512099,0.019366948176027677,10,-0.005405405405405394,-0.01763328196107137,0.006822471150260581,0.012227876555665975,10,-0.00440516985700401,-0.017297157199194495,0.008486817485186477,0.012891987342190487,10,0.0,0.0,0.0,0.0,10,0.1,-0.5263629556723539,0.7263629556723539,0.6263629556723539,10,0.2,-0.25243143255964096,0.652431432559641,0.45243143255964097,10,-69.9,-236.06668043894445,96.26668043894443,166.16668043894444,10,-204.0,-204.0,-204.0,0.0,10,-204.0,-204.0,-204.0,0.0,10,0.0,0.0,0.0,0.0,10,-0.49027066550002035,-2.340778251191685,1.3602369201916442,1.8505075856916646,10,
global_whole_skeleton,scale_free_m2,20,self_masking_gaussian_preserving,0.3,n_inverse_half,gamma_1.25_minus_1.0,1.0,1.25,10,-0.0004573908614829425,-0.018812018720911535,0.01789723699794565,0.018354627859428593,10,-0.010810810810810817,-0.0486096982065649,0.02698807658494326,0.03779888739575408,10,-0.008890229619132694,-0.04177371844283444,0.023993259204569045,0.03288348882370174,10,0.0,0.0,0.0,0.0,10,0.0,-0.33722247945365624,0.33722247945365624,0.33722247945365624,10,0.4,-0.9985588336429009,1.7985588336429008,1.398558833642901,10,-100.0,-183.42627881377,-16.57372118622999,83.42627881377001,10,-30.0,-38.82595691381263,-21.174043086187364,8.825956913812636,10,-68.3,-71.63918373463065,-64.96081626536935,3.339183734630646,10,0.006670904319508286,0.0005215966706676274,0.012820211968348944,0.006149307648840659,10,-0.5171328548999783,-1.7667939521182288,0.7325282423182722,1.2496610972182505,10,
global_whole_skeleton,scale_free_m2,20,self_masking_logistic_population,0.3,n_inverse_half,gamma_1.25_minus_1.0,1.0,1.25,10,-0.00868048016654831,-0.03582969434208906,0.01846873400899244,0.02714921417554075,10,-0.040540540540540536,-0.07613232109272103,-0.004948759988360037,0.0355917805521805,10,-0.036490893460501904,-0.07006405877692239,-0.0029177281440814218,0.03357316531642048,10,0.0,0.0,0.0,0.0,10,0.1,-0.5263629556723539,0.7263629556723539,0.6263629556723539,10,1.5,0.1831041195693215,2.8168958804306783,1.3168958804306785,10,-87.8,-132.46485961673926,-43.13514038326074,44.66485961673926,10,-26.5,-38.104814798971425,-14.895185201028575,11.604814798971425,10,-65.0,-67.40825020151405,-62.59174979848595,2.4082502015140483,10,0.00866274536918124,0.005502721408603466,0.011822769329759016,0.0031600239605777754,10,-0.8867517999000258,-1.7807318294680525,0.007228229668000852,0.8939800295680267,10,
global_whole_skeleton,scale_free_m2,50,complete,0.0,n_inverse_half,gamma_1.25_minus_1.0,1.0,1.25,10,0.0,0.0,0.0,0.0,10,0.0,0.0,0.0,0.0,10,0.0,0.0,0.0,0.0,10,0.0,0.0,0.0,0.0,10,0.0,0.0,0.0,0.0,10,0.0,0.0,0.0,0.0,10,0.0,0.0,0.0,0.0,10,0.0,0.0,0.0,0.0,10,0.0,0.0,0.0,0.0,10,0.0,0.0,0.0,0.0,10,-0.9312203000001219,-8.374876064716762,6.512435464716518,7.44365576471664,10,
global_whole_skeleton,scale_free_m2,50,self_masking_gaussian_preserving,0.3,n_inverse_half,gamma_1.25_minus_1.0,1.0,1.25,10,0.0,0.0,0.0,0.0,10,0.0,0.0,0.0,0.0,10,0.0,0.0,0.0,0.0,10,0.0,0.0,0.0,0.0,10,0.0,0.0,0.0,0.0,10,0.0,0.0,0.0,0.0,10,0.0,0.0,0.0,0.0,10,0.0,0.0,0.0,0.0,10,0.0,0.0,0.0,0.0,10,0.0,0.0,0.0,0.0,10,-0.9356070939999654,-4.9551579940075055,3.083943806007575,4.01955090000754,10,
global_whole_skeleton,scale_free_m2,50,self_masking_logistic_population,0.3,n_inverse_half,gamma_1.25_minus_1.0,1.0,1.25,10,0.0,0.0,0.0,0.0,10,0.0,0.0,0.0,0.0,10,0.0,0.0,0.0,0.0,10,0.0,0.0,0.0,0.0,10,0.0,0.0,0.0,0.0,10,0.0,0.0,0.0,0.0,10,0.0,0.0,0.0,0.0,10,0.0,0.0,0.0,0.0,10,0.0,0.0,0.0,0.0,10,0.0,0.0,0.0,0.0,10,2.911188444599998,-0.451991703662296,6.274368592862292,3.363180148262294,10,
global_whole_skeleton,scale_free_m2,75,complete,0.0,n_inverse_half,gamma_1.25_minus_1.0,1.0,1.25,10,-0.0026946995697045284,-0.013157046579678856,0.007767647440269799,0.010462347009974327,10,0.004081632653061229,-0.0011495616852252788,0.009312826991347736,0.005231194338286508,10,0.0013563493886691869,-0.005015899849761932,0.007728598627100305,0.006372249238431119,10,0.0,0.0,0.0,0.0,10,0.4,-0.9572942976789228,1.7572942976789228,1.3572942976789228,10,-0.6,-1.3689855677281157,0.1689855677281158,0.7689855677281158,10,3495.3,969.7330079979856,6020.866992002015,2525.5669920020146,10,401.0,401.0,401.0,0.0,10,401.0,401.0,401.0,0.0,10,0.0,0.0,0.0,0.0,10,22.62350619999999,1.9367359232675767,43.310276476732405,20.686770276732414,10,
global_whole_skeleton,scale_free_m2,75,self_masking_gaussian_preserving,0.3,n_inverse_half,gamma_1.25_minus_1.0,1.0,1.25,10,-0.0007550982913312576,-0.004670469559167188,0.0031602729765046727,0.0039153712678359305,10,0.008843537414965985,0.0027524653048279016,0.01493460952510407,0.006091072110138084,10,0.006086164807719207,0.0016306353027722561,0.010541694312666158,0.004455529504946951,10,0.0,0.0,0.0,0.0,10,0.1,-0.3060696380436043,0.5060696380436043,0.4060696380436043,10,-1.3,-2.1953876001903003,-0.40461239980969976,0.8953876001903003,10,860.8,572.8689095265232,1148.7310904734768,287.93109047347673,10,61.2,58.72652426029498,63.673475739705026,2.47347573970502,10,105.1,38.422451275426084,171.7775487245739,66.67754872457391,10,-0.002344404565694652,-0.003391270970213169,-0.0012975381611761354,0.0010468664045185168,10,3.9732968946997773,-7.2664556417906745,15.213049431190228,11.239752536490451,10,
global_whole_skeleton,scale_free_m2,75,self_masking_logistic_population,0.3,n_inverse_half,gamma_1.25_minus_1.0,1.0,1.25,10,0.002229000658737068,-0.0007491384730776108,0.005207139790551747,0.002978139131814679,10,0.008163265306122458,0.0021811657166185697,0.014145364895626348,0.005982099589503889,10,0.00647504091207719,0.0016899256820823083,0.011260156142072073,0.004785115229994882,10,0.0,0.0,0.0,0.0,10,-0.2,-0.5016209550397607,0.10162095503976065,0.30162095503976066,10,-1.2,-2.079368639657071,-0.32063136034292905,0.8793686396570709,10,973.5,606.8108674626784,1340.1891325373217,366.6891325373216,10,63.2,58.79282343094502,67.60717656905499,4.407176569054985,10,130.7,127.62683176446703,133.77316823553295,3.0731682355329637,10,-0.002036384587222206,-0.0037527567070586125,-0.00032001246738579993,0.0017163721198364063,10,12.679590903599891,7.198983905119226,18.160197902080554,5.480606998480665,10,
global_whole_skeleton,small_world_k2,20,complete,0.0,n_inverse_half,gamma_1.25_minus_1.0,1.0,1.25,10,0.008852813852813834,-0.022038919554997677,0.039744547260625346,0.03089173340781151,10,0.0,0.0,0.0,0.0,10,0.004765031716251211,-0.011085375556513292,0.020615438989015713,0.015850407272764502,10,0.2,-0.25243143255964096,0.652431432559641,0.45243143255964097,10,-0.2,-0.8573676311362708,0.4573676311362707,0.6573676311362707,10,0.0,0.0,0.0,0.0,10,2.9,-8.981769790546428,14.781769790546429,11.881769790546429,10,-204.0,-204.0,-204.0,0.0,10,-204.0,-204.0,-204.0,0.0,10,0.0,0.0,0.0,0.0,10,0.0999466853000059,-0.16352226727212166,0.36341563787213343,0.26346895257212755,10,
global_whole_skeleton,small_world_k2,20,self_masking_gaussian_preserving,0.3,n_inverse_half,gamma_1.25_minus_1.0,1.0,1.25,10,0.0,0.0,0.0,0.0,10,0.0,0.0,0.0,0.0,10,0.0,0.0,0.0,0.0,10,0.0,0.0,0.0,0.0,10,0.0,0.0,0.0,0.0,10,0.0,0.0,0.0,0.0,10,-3.3,-17.26137719074298,10.661377190742982,13.961377190742981,10,-46.5,-56.917118429257954,-36.082881570742046,10.417118429257956,10,-85.3,-105.83405246428201,-64.76594753571798,20.534052464282013,10,-5.741712016398282e-05,-0.003410651308206333,0.003295817067878368,0.0033532341880423504,10,-0.1584960204000935,-0.5387796735241497,0.22178763272396265,0.38028365312405615,10,
global_whole_skeleton,small_world_k2,20,self_masking_logistic_population,0.3,n_inverse_half,gamma_1.25_minus_1.0,1.0,1.25,10,-0.004761904761904756,-0.01553408172761048,0.006010272203800967,0.010772176965705723,10,0.0,0.0,0.0,0.0,10,-0.0024390243902439046,-0.007956480884873678,0.0030784321043858687,0.005517456494629773,10,-0.1,-0.3262157162798205,0.12621571627982048,0.22621571627982048,10,0.1,-0.12621571627982048,0.3262157162798205,0.22621571627982048,10,0.0,0.0,0.0,0.0,10,-4.0,-8.828291119331837,0.828291119331837,4.828291119331837,10,-44.1,-52.54033577273355,-35.659664227266454,8.44033577273355,10,-82.3,-92.71739133944857,-71.88260866055143,10.417391339448576,10,0.001145302829694128,-0.0012171956397235813,0.0035078012991118374,0.0023624984694177093,10,-0.003033201300036081,-0.33755985728939786,0.3314934546893257,0.33452665598936177,10,
global_whole_skeleton,small_world_k2,50,complete,0.0,n_inverse_half,gamma_1.25_minus_1.0,1.0,1.25,10,0.0,0.0,0.0,0.0,10,0.0,0.0,0.0,0.0,10,0.0,0.0,0.0,0.0,10,0.0,0.0,0.0,0.0,10,0.0,0.0,0.0,0.0,10,0.0,0.0,0.0,0.0,10,0.0,0.0,0.0,0.0,10,0.0,0.0,0.0,0.0,10,0.0,0.0,0.0,0.0,10,0.0,0.0,0.0,0.0,10,0.3877975855000614,-0.8276877521072227,1.6032829231073453,1.215485337607284,10,
global_whole_skeleton,small_world_k2,50,self_masking_gaussian_preserving,0.3,n_inverse_half,gamma_1.25_minus_1.0,1.0,1.25,10,0.0,0.0,0.0,0.0,10,0.0,0.0,0.0,0.0,10,0.0,0.0,0.0,0.0,10,0.0,0.0,0.0,0.0,10,0.0,0.0,0.0,0.0,10,0.0,0.0,0.0,0.0,10,0.0,0.0,0.0,0.0,10,0.0,0.0,0.0,0.0,10,0.0,0.0,0.0,0.0,10,0.0,0.0,0.0,0.0,10,0.23911197790007535,-0.6510422424181661,1.1292661982183168,0.8901542203182414,10,
global_whole_skeleton,small_world_k2,50,self_masking_logistic_population,0.3,n_inverse_half,gamma_1.25_minus_1.0,1.0,1.25,10,0.0,0.0,0.0,0.0,10,0.0,0.0,0.0,0.0,10,0.0,0.0,0.0,0.0,10,0.0,0.0,0.0,0.0,10,0.0,0.0,0.0,0.0,10,0.0,0.0,0.0,0.0,10,0.0,0.0,0.0,0.0,10,0.0,0.0,0.0,0.0,10,0.0,0.0,0.0,0.0,10,0.0,0.0,0.0,0.0,10,0.8640339796000035,0.12132641994171922,1.6067415392582878,0.7427075596582843,10,
global_whole_skeleton,small_world_k2,75,complete,0.0,n_inverse_half,gamma_1.25_minus_1.0,1.0,1.25,10,-9.00770337818324e-06,-0.007456132763489035,0.007438117356732669,0.007447125060110852,10,0.0013333333333333196,-0.0016828762170642553,0.0043495428837308945,0.003016209550397575,10,0.000663375389007581,-0.002777756846876561,0.004104507624891724,0.0034411322358841425,10,0.2,-0.10162095503976065,0.5016209550397607,0.30162095503976066,10,0.0,-0.5840864678680845,0.5840864678680845,0.5840864678680845,10,-0.1,-0.3262157162798205,0.12621571627982048,0.22621571627982048,10,-32.6,-72.3238920148048,7.123892014804795,39.7238920148048,10,401.0,401.0,401.0,0.0,10,401.0,401.0,401.0,0.0,10,0.0,0.0,0.0,0.0,10,0.7095806228999662,-1.4432950498772876,2.86245629567722,2.152875672777254,10,
global_whole_skeleton,small_world_k2,75,self_masking_gaussian_preserving,0.3,n_inverse_half,gamma_1.25_minus_1.0,1.0,1.25,10,-0.0013157894736842036,-0.004292312056313404,0.001660733108944997,0.0029765225826292006,10,0.0,0.0,0.0,0.0,10,-0.0006622516556291424,-0.0021603689819855772,0.0008358656707272923,0.0014981173263564347,10,-0.1,-0.3262157162798205,0.12621571627982048,0.22621571627982048,10,0.1,-0.12621571627982048,0.3262157162798205,0.22621571627982048,10,0.0,0.0,0.0,0.0,10,-35.2,-72.29723173031263,1.8972317303126331,37.097231730312636,10,88.2,81.16828459889557,95.23171540110444,7.03171540110444,10,195.45,193.69409385071623,197.20590614928375,1.7559061492837627,10,0.0006236706016838789,-0.0005008479141412887,0.0017481891175090466,0.0011245185158251677,10,0.3604378591000561,-1.0657844621202077,1.78666018032032,1.4262223212202638,10,
global_whole_skeleton,small_world_k2,75,self_masking_logistic_population,0.3,n_inverse_half,gamma_1.25_minus_1.0,1.0,1.25,10,0.0013333333333333196,-0.004031898505555307,0.006698565172221945,0.005365231838888626,10,0.0,0.0,0.0,0.0,10,0.0006621923937360052,-0.002026935826726667,0.0033513206141986777,0.0026891282204626723,10,0.0,-0.33722247945365624,0.33722247945365624,0.33722247945365624,10,-0.1,-0.5060696380436043,0.3060696380436043,0.4060696380436043,10,0.0,0.0,0.0,0.0,10,-19.9,-44.67713339054583,4.877133390545833,24.77713339054583,10,93.8,80.16936893390015,107.43063106609985,13.630631066099856,10,196.45,195.4895077341467,197.41049226585326,0.9604922658532818,10,0.0005922274674717898,-0.00018305280485357285,0.0013675077397971524,0.0007752802723253626,10,1.897177075100013,-0.12380429556603678,3.9181584457660628,2.0209813706660498,10,
global_whole_skeleton,small_world_k2,100,complete,0.0,n_inverse_half,gamma_1.25_minus_1.0,1.0,1.25,10,-0.003790613562585554,-0.015420933364149379,0.00783970623897827,0.011630319801563824,10,0.0,0.0,0.0,0.0,10,-0.0019463622707897922,-0.00791281396742987,0.004020089425850287,0.005966451696640078,10,0.0,-0.33722247945365624,0.33722247945365624,0.33722247945365624,10,0.4,-0.8251901111929959,1.625190111192996,1.225190111192996,10,0.0,0.0,0.0,0.0,10,-12.5,-74.51891799037571,49.518917990375705,62.018917990375705,10,947.0,947.0,947.0,0.0,10,947.0,947.0,947.0,0.0,10,0.0,0.0,0.0,0.0,10,1.6928445563999959,-4.105861465409028,7.49155057820902,5.798706021809024,10,
global_whole_skeleton,small_world_k2,100,self_masking_gaussian_preserving,0.3,n_inverse_half,gamma_1.25_minus_1.0,1.0,1.25,10,0.0,0.0,0.0,0.0,10,0.0,0.0,0.0,0.0,10,0.0,0.0,0.0,0.0,10,0.0,0.0,0.0,0.0,10,0.0,0.0,0.0,0.0,10,0.0,0.0,0.0,0.0,10,-33.7,-86.996143239052,19.596143239051997,53.296143239052,10,205.8,178.21198579921403,233.388014200786,27.588014200785967,10,462.15,460.6041926054212,463.69580739457876,1.5458073945787734,10,0.00043130346217001847,-0.0005989018579650317,0.0014615087823050686,0.0010302053201350502,10,-0.6185667043999732,-6.7925750598048475,5.555441651004901,6.174008355404874,10,
global_whole_skeleton,small_world_k2,100,self_masking_logistic_population,0.3,n_inverse_half,gamma_1.25_minus_1.0,1.0,1.25,10,-0.000990099009901002,-0.005010590475679312,0.003030392455877307,0.004020491465778309,10,0.0,0.0,0.0,0.0,10,-0.000497512437810943,-0.002517759393251752,0.0015227345176298658,0.0020202469554408088,10,-0.1,-0.5060696380436043,0.3060696380436043,0.4060696380436043,10,0.1,-0.3060696380436043,0.5060696380436043,0.4060696380436043,10,0.0,0.0,0.0,0.0,10,-1.8,-28.311778499575354,24.711778499575352,26.511778499575353,10,211.9,130.20688862804911,293.5931113719509,81.69311137195089,10,462.3,460.5139938498984,464.08600615010164,1.7860061501016309,10,1.4682861727449703e-05,-0.0005382347029280751,0.0005676004263829745,0.0005529175646555248,10,3.3800606754999523,-2.063152418367549,8.823273769367454,5.443213093867501,10,
target_restriction_of_global,er_expected_degree_2,20,complete,0.0,n_inverse_half,gamma_1.25_minus_1.0,1.0,1.25,10,0.009999999999999998,-0.026510812049242462,0.046510812049242456,0.03651081204924246,10,0.0,0.0,0.0,0.0,10,0.006666666666666665,-0.01669679204805673,0.03003012538139006,0.023363458714723395,10,0.020000000000000007,-0.06793686396570707,0.10793686396570708,0.08793686396570707,10,-0.02,-0.10793686396570708,0.06793686396570707,0.08793686396570707,10,0.0,0.0,0.0,0.0,10,4.5,-16.192522011421513,25.192522011421513,20.692522011421513,10,-204.0,-204.0,-204.0,0.0,10,-204.0,-204.0,-204.0,0.0,10,0.0,0.0,0.0,0.0,10,0.4860378815401031,-0.23372588314274523,1.2058016462229513,0.7197637646828483,10,
target_restriction_of_global,er_expected_degree_2,20,self_masking_gaussian_preserving,0.3,n_inverse_half,gamma_1.25_minus_1.0,1.0,1.25,10,-0.0033333333333333435,-0.010873857209327382,0.004207190542660695,0.007540523875994038,10,-0.005666666666666686,-0.015074710503637904,0.0037413771703045315,0.009408043836971218,10,-0.005590909090909091,-0.012466550537402352,0.0012847323555841691,0.00687564144649326,10,-0.019999999999999997,-0.05016209550397605,0.010162095503976058,0.030162095503976055,10,0.01,-0.012621571627982045,0.03262157162798204,0.022621571627982045,10,0.03,-0.018282911193318374,0.07828291119331837,0.04828291119331837,10,-35.3,-74.64397949855191,4.043979498551913,39.34397949855191,10,-37.5,-42.53862748125525,-32.46137251874475,5.038627481255247,10,-71.7,-73.63866267603346,-69.76133732396654,1.9386626760334578,10,0.002185153061046169,-0.0012460964787887243,0.005616402600881062,0.0034312495398348933,10,-0.731732674780003,-1.3482504254369325,-0.11521492412307344,0.6165177506569296,10,
target_restriction_of_global,er_expected_degree_2,20,self_masking_logistic_population,0.3,n_inverse_half,gamma_1.25_minus_1.0,1.0,1.25,10,0.0050000000000000044,-0.006310785813991028,0.016310785813991036,0.011310785813991033,10,-0.009166666666666656,-0.024916256190376504,0.006582922857043191,0.015749589523709848,10,-0.002960317460317485,-0.016455907228948692,0.010535272308313724,0.013495589768631208,10,-0.009999999999999986,-0.06278366713195811,0.042783667131958136,0.052783667131958124,10,-0.01,-0.03262157162798204,0.012621571627982045,0.022621571627982045,10,0.02000000000000001,-0.036428113721516546,0.07642811372151656,0.05642811372151656,10,-47.9,-84.63628389277352,-11.163716107226477,36.73628389277352,10,-35.6,-41.264936185263835,-29.935063814736164,5.664936185263836,10,-68.0,-70.5682098897159,-65.4317901102841,2.5682098897158996,10,0.004861033553711314,0.002141704811549673,0.007580362295872955,0.0027193287421616408,10,-0.1470935086500072,-0.5463326038177048,0.25214558651769037,0.39923909516769757,10,
target_restriction_of_global,er_expected_degree_2,50,complete,0.0,n_inverse_half,gamma_1.25_minus_1.0,1.0,1.25,10,0.0,0.0,0.0,0.0,10,0.0,0.0,0.0,0.0,10,0.0,0.0,0.0,0.0,10,0.0,0.0,0.0,0.0,10,0.0,0.0,0.0,0.0,10,0.0,0.0,0.0,0.0,10,0.0,0.0,0.0,0.0,10,0.0,0.0,0.0,0.0,10,0.0,0.0,0.0,0.0,10,0.0,0.0,0.0,0.0,10,1.8568516634299503,-2.5590035974477865,6.272706924307688,4.415855260877737,10,
target_restriction_of_global,er_expected_degree_2,50,self_masking_gaussian_preserving,0.3,n_inverse_half,gamma_1.25_minus_1.0,1.0,1.25,10,0.0,0.0,0.0,0.0,10,0.0,0.0,0.0,0.0,10,0.0,0.0,0.0,0.0,10,0.0,0.0,0.0,0.0,10,0.0,0.0,0.0,0.0,10,0.0,0.0,0.0,0.0,10,0.0,0.0,0.0,0.0,10,0.0,0.0,0.0,0.0,10,0.0,0.0,0.0,0.0,10,0.0,0.0,0.0,0.0,10,1.6428959988099858,-1.2071710746247122,4.492963072244684,2.850067073434698,10,
target_restriction_of_global,er_expected_degree_2,50,self_masking_logistic_population,0.3,n_inverse_half,gamma_1.25_minus_1.0,1.0,1.25,10,0.0,0.0,0.0,0.0,10,0.0,0.0,0.0,0.0,10,0.0,0.0,0.0,0.0,10,0.0,0.0,0.0,0.0,10,0.0,0.0,0.0,0.0,10,0.0,0.0,0.0,0.0,10,0.0,0.0,0.0,0.0,10,0.0,0.0,0.0,0.0,10,0.0,0.0,0.0,0.0,10,0.0,0.0,0.0,0.0,10,0.18600560317003315,-1.8929722814909198,2.2649834878309862,2.078977884660953,10,
target_restriction_of_global,er_expected_degree_2,75,complete,0.0,n_inverse_half,gamma_1.25_minus_1.0,1.0,1.25,10,0.009166666666666667,-0.018431891081207685,0.03676522441454102,0.027598557747874352,10,0.0,0.0,0.0,0.0,10,0.006670995670995683,-0.011311468495933613,0.024653459837924982,0.017982464166929297,10,0.020000000000000007,-0.03642811372151655,0.07642811372151656,0.05642811372151656,10,-0.01,-0.07263629556723539,0.05263629556723539,0.06263629556723539,10,0.0,0.0,0.0,0.0,10,40.1,-16.61902663927001,96.81902663927002,56.71902663927001,10,401.0,401.0,401.0,0.0,10,401.0,401.0,401.0,0.0,10,0.0,0.0,0.0,0.0,10,-1.3180959687999887,-3.4749477706724012,0.8387558330724239,2.1568518018724125,10,
target_restriction_of_global,er_expected_degree_2,75,self_masking_gaussian_preserving,0.3,n_inverse_half,gamma_1.25_minus_1.0,1.0,1.25,10,0.0,-0.01686112397268283,0.01686112397268283,0.01686112397268283,10,0.0,0.0,0.0,0.0,10,0.0,-0.011240749315121912,0.011240749315121912,0.011240749315121912,10,0.0,-0.033722247945365616,0.033722247945365616,0.033722247945365616,10,0.0,-0.03372224794536563,0.03372224794536563,0.03372224794536563,10,0.0,0.0,0.0,0.0,10,89.0,17.931612549467644,160.06838745053236,71.06838745053236,10,65.4,59.035511958442534,71.76448804155748,6.364488041557472,10,153.95,134.91226777014847,172.9877322298515,19.03773222985151,10,-0.0009635225254909452,-0.00179860082390909,-0.00012844422707280036,0.0008350782984181449,10,1.963509057310081,-3.2915630722801783,7.218581186900341,5.25507212959026,10,
target_restriction_of_global,er_expected_degree_2,75,self_masking_logistic_population,0.3,n_inverse_half,gamma_1.25_minus_1.0,1.0,1.25,10,0.0,0.0,0.0,0.0,10,-0.0058333333333333345,-0.014742114724159188,0.003075448057492519,0.008908781390825854,10,-0.003904761904761911,-0.009795741039337308,0.001986217229813487,0.005890979134575398,10,-0.010000000000000009,-0.03262157162798207,0.012621571627982057,0.022621571627982066,10,0.0,0.0,0.0,0.0,10,0.019999999999999997,-0.010162095503976058,0.05016209550397605,0.030162095503976055,10,79.2,-17.12634839515043,175.52634839515042,96.32634839515043,10,62.6,57.17082280928431,68.0291771907157,5.429177190715691,10,154.3,133.5641077500047,175.03589224999533,20.73589224999532,10,-0.000880213541672814,-0.0020067272106263556,0.0002463001272807276,0.0011265136689535416,10,1.5260124593500357,-2.848289241032668,5.90031415973274,4.374301700382704,10,
target_restriction_of_global,er_expected_degree_2,100,complete,0.0,n_inverse_half,gamma_1.25_minus_1.0,1.0,1.25,10,-0.0033333333333333327,-0.024955346355067205,0.018288679688400537,0.02162201302173387,10,0.0,0.0,0.0,0.0,10,-0.0019999999999999797,-0.01586764095085237,0.011867640950852413,0.013867640950852392,10,-0.010000000000000009,-0.06278366713195813,0.0427836671319581,0.05278366713195811,10,0.009999999999999998,-0.04278366713195811,0.06278366713195811,0.05278366713195811,10,0.0,0.0,0.0,0.0,10,71.3,-106.83074849952801,249.43074849952802,178.130748499528,10,947.0,947.0,947.0,0.0,10,947.0,947.0,947.0,0.0,10,0.0,0.0,0.0,0.0,10,1.6897570170500316,-15.240349250458316,18.619863284558377,16.930106267508346,10,
target_restriction_of_global,er_expected_degree_2,100,self_masking_gaussian_preserving,0.3,n_inverse_half,gamma_1.25_minus_1.0,1.0,1.25,10,0.0050000000000000044,-0.006310785813991028,0.016310785813991036,0.011310785813991033,10,0.0051785714285714326,-0.0012071242866274843,0.01156426714377035,0.006385695715198917,10,0.0062930402930402975,-0.0013834599154288925,0.013969540501509487,0.00767650020846919,10,0.029999999999999992,-0.004555021441364382,0.06455502144136437,0.034555021441364374,10,-0.01,-0.03262157162798204,0.012621571627982045,0.022621571627982045,10,-0.030000000000000006,-0.0645550214413644,0.004555021441364382,0.03455502144136439,10,70.2,-2.196726418439411,142.5967264184394,72.39672641843941,10,155.4,148.00259619107914,162.79740380892088,7.397403808920873,10,381.6,333.11941575010667,430.0805842498934,48.48058424989336,10,-0.00042574203838344205,-0.001016137740799394,0.00016465366403250982,0.0005903957024159519,10,2.2101984393699565,-8.960613461881362,13.381010340621277,11.17081190125132,10,
target_restriction_of_global,er_expected_degree_2,100,self_masking_logistic_population,0.3,n_inverse_half,gamma_1.25_minus_1.0,1.0,1.25,10,0.0,0.0,0.0,0.0,10,0.0,0.0,0.0,0.0,10,0.0,0.0,0.0,0.0,10,0.0,0.0,0.0,0.0,10,0.0,0.0,0.0,0.0,10,0.0,0.0,0.0,0.0,10,107.6,-16.09732414287086,231.29732414287085,123.69732414287085,10,145.5,140.96000342867882,150.03999657132118,4.53999657132117,10,382.0,333.72062183188433,430.27937816811567,48.27937816811565,10,-0.0005401408404464958,-0.001669976403575263,0.0005896947226822714,0.0011298355631287672,10,1.540669479170068,-11.238092894853262,14.319431853193398,12.77876237402333,10,
target_restriction_of_global,er_expected_degree_2,150,complete,0.0,n_inverse_half,gamma_1.25_minus_1.0,1.0,1.25,10,0.017500000000000036,-0.010098557747874316,0.045098557747874385,0.027598557747874352,10,0.0,0.0,0.0,0.0,10,0.010904761904761907,-0.0072761214039168375,0.02908564521344065,0.018180883308678744,10,0.04,-0.020324191007952117,0.10032419100795212,0.06032419100795212,10,-0.030000000000000006,-0.09786471488394616,0.03786471488394615,0.06786471488394616,10,0.0,0.0,0.0,0.0,10,159.3,-73.89807363751021,392.49807363751023,233.19807363751022,10,2371.0,2371.0,2371.0,0.0,10,2371.0,2371.0,2371.0,0.0,10,0.0,0.0,0.0,0.0,10,13.276662113469945,3.6207687849741657,22.932555441965725,9.655893328495779,10,
target_restriction_of_global,er_expected_degree_2,150,self_masking_gaussian_preserving,0.3,n_inverse_half,gamma_1.25_minus_1.0,1.0,1.25,10,-0.005833333333333346,-0.014742114724159216,0.0030754480574925252,0.008908781390825871,10,0.0014285714285714457,-0.0018030816611403142,0.0046602245182832056,0.00323165308971176,10,-0.002367965367965341,-0.008496224574977982,0.0037602938390473,0.006128259207012641,10,-0.020000000000000007,-0.05016209550397609,0.010162095503976069,0.030162095503976076,10,0.02,-0.010162095503976072,0.05016209550397607,0.030162095503976073,10,-0.009999999999999998,-0.03262157162798204,0.012621571627982043,0.02262157162798204,10,355.3,-17.2803369261772,727.8803369261773,372.5803369261772,10,397.6,392.2340284230818,402.96597157691826,5.365971576918228,10,1099.3,846.815368090068,1351.784631909932,252.484631909932,10,-0.001328445975599063,-0.002807841605798048,0.00015094965459992206,0.0014793956301989851,10,2.2113619560500566,-1.3628245902962548,5.785548502396368,3.5741865463463114,10,
target_restriction_of_global,er_expected_degree_2,150,self_masking_logistic_population,0.3,n_inverse_half,gamma_1.25_minus_1.0,1.0,1.25,10,0.009999999999999998,-0.005081047751988029,0.025081047751988026,0.015081047751988028,10,0.0014285714285714457,-0.0018030816611403142,0.0046602245182832056,0.00323165308971176,10,0.007727272727272738,-0.0040626781982873944,0.01951722365283287,0.011789950925560132,10,0.020000000000000007,-0.010162095503976069,0.05016209550397609,0.030162095503976076,10,-0.02,-0.05016209550397606,0.010162095503976062,0.030162095503976062,10,-0.009999999999999998,-0.03262157162798204,0.012621571627982043,0.02262157162798204,10,435.3,100.1593740594335,770.4406259405665,335.1406259405665,10,361.7,350.23418774355133,373.16581225644865,11.465812256448649,10,921.7,708.5532372327021,1134.846762767298,213.14676276729793,10,-0.0016817409026741558,-0.0031314532319333182,-0.00023202857341499345,0.0014497123292591624,10,4.452384220030001,-0.815918804108942,9.720687244168943,5.268303024138943,10,
target_restriction_of_global,random_regular_d2,20,complete,0.0,n_inverse_half,gamma_1.25_minus_1.0,1.0,1.25,10,-0.0033333333333333214,-0.02092788904398603,0.01426122237731939,0.01759455571065271,10,0.0,0.0,0.0,0.0,10,-0.002000000000000013,-0.01255673342639163,0.008556733426391606,0.010556733426391619,10,-0.009999999999999998,-0.0627836671319581,0.04278366713195811,0.052783667131958104,10,0.01,-0.04278366713195811,0.06278366713195811,0.05278366713195811,10,0.0,0.0,0.0,0.0,10,-4.6,-17.595978599693993,8.395978599693992,12.995978599693991,10,-204.0,-204.0,-204.0,0.0,10,-204.0,-204.0,-204.0,0.0,10,0.0,0.0,0.0,0.0,10,0.013556642139958552,-0.3452977294735845,0.3724110137535016,0.35885437161354306,10,
target_restriction_of_global,random_regular_d2,20,self_masking_gaussian_preserving,0.3,n_inverse_half,gamma_1.25_minus_1.0,1.0,1.25,10,-0.0033333333333333435,-0.010873857209327382,0.004207190542660695,0.007540523875994038,10,0.0,0.0,0.0,0.0,10,-0.0019999999999999905,-0.006524314325596379,0.0025243143255963977,0.004524314325596388,10,-0.009999999999999998,-0.03262157162798204,0.012621571627982043,0.02262157162798204,10,0.01,-0.012621571627982045,0.03262157162798204,0.022621571627982045,10,0.0,0.0,0.0,0.0,10,-3.2,-20.928411490975478,14.52841149097548,17.72841149097548,10,-53.0,-83.69836084186254,-22.301639158137462,30.698360841862538,10,-88.15,-115.65847290482085,-60.641527095179164,27.50847290482084,10,0.0006255251644018411,-0.004569962751710139,0.005821013080513821,0.00519548791611198,10,-0.1528251518199659,-0.5348131033327599,0.22916279969282813,0.381987951512794,10,
target_restriction_of_global,random_regular_d2,20,self_masking_logistic_population,0.3,n_inverse_half,gamma_1.25_minus_1.0,1.0,1.25,10,0.0,0.0,0.0,0.0,10,0.0,0.0,0.0,0.0,10,0.0,0.0,0.0,0.0,10,0.0,0.0,0.0,0.0,10,0.0,0.0,0.0,0.0,10,0.0,0.0,0.0,0.0,10,0.0,-6.004075549632292,6.004075549632292,6.004075549632292,10,-73.9,-98.56443001614079,-49.23556998385922,24.66443001614078,10,-92.45,-100.29622217941697,-84.60377782058303,7.846222179416968,10,0.0008287425115670987,-0.0014600497768987332,0.0031175348000329305,0.002288792288465832,10,0.08240295917996263,-0.12453374252824143,0.28933966088816665,0.20693670170820405,10,
target_restriction_of_global,random_regular_d2,50,complete,0.0,n_inverse_half,gamma_1.25_minus_1.0,1.0,1.25,10,0.0,0.0,0.0,0.0,10,0.0,0.0,0.0,0.0,10,0.0,0.0,0.0,0.0,10,0.0,0.0,0.0,0.0,10,0.0,0.0,0.0,0.0,10,0.0,0.0,0.0,0.0,10,0.0,0.0,0.0,0.0,10,0.0,0.0,0.0,0.0,10,0.0,0.0,0.0,0.0,10,0.0,0.0,0.0,0.0,10,0.12566584751003101,-0.832943161582212,1.084274856602274,0.958609009092243,10,
target_restriction_of_global,random_regular_d2,50,self_masking_gaussian_preserving,0.3,n_inverse_half,gamma_1.25_minus_1.0,1.0,1.25,10,0.0,0.0,0.0,0.0,10,0.0,0.0,0.0,0.0,10,0.0,0.0,0.0,0.0,10,0.0,0.0,0.0,0.0,10,0.0,0.0,0.0,0.0,10,0.0,0.0,0.0,0.0,10,0.0,0.0,0.0,0.0,10,0.0,0.0,0.0,0.0,10,0.0,0.0,0.0,0.0,10,0.0,0.0,0.0,0.0,10,-0.11747646131004101,-0.9449820855379036,0.7100291629178217,0.8275056242278627,10,
target_restriction_of_global,random_regular_d2,50,self_masking_logistic_population,0.3,n_inverse_half,gamma_1.25_minus_1.0,1.0,1.25,10,0.0,0.0,0.0,0.0,10,0.0,0.0,0.0,0.0,10,0.0,0.0,0.0,0.0,10,0.0,0.0,0.0,0.0,10,0.0,0.0,0.0,0.0,10,0.0,0.0,0.0,0.0,10,0.0,0.0,0.0,0.0,10,0.0,0.0,0.0,0.0,10,0.0,0.0,0.0,0.0,10,0.0,0.0,0.0,0.0,10,-0.6117837216500035,-1.9109518901855744,0.6873844468855674,1.299168168535571,10,
target_restriction_of_global,random_regular_d2,75,complete,0.0,n_inverse_half,gamma_1.25_minus_1.0,1.0,1.25,10,0.0033333333333333435,-0.004207190542660695,0.010873857209327382,0.007540523875994038,10,0.0,0.0,0.0,0.0,10,0.0019999999999999905,-0.0025243143255963977,0.006524314325596379,0.004524314325596388,10,0.009999999999999998,-0.012621571627982043,0.03262157162798204,0.02262157162798204,10,-0.01,-0.03262157162798204,0.012621571627982045,0.022621571627982045,10,0.0,0.0,0.0,0.0,10,-24.3,-59.138607605291,10.538607605290995,34.838607605290996,10,401.0,401.0,401.0,0.0,10,401.0,401.0,401.0,0.0,10,0.0,0.0,0.0,0.0,10,-2.627294684739998,-5.129493992894426,-0.12509537658557024,2.502199308154428,10,
target_restriction_of_global,random_regular_d2,75,self_masking_gaussian_preserving,0.3,n_inverse_half,gamma_1.25_minus_1.0,1.0,1.25,10,0.0,0.0,0.0,0.0,10,0.0,0.0,0.0,0.0,10,0.0,0.0,0.0,0.0,10,0.0,0.0,0.0,0.0,10,0.0,0.0,0.0,0.0,10,0.0,0.0,0.0,0.0,10,-47.7,-65.76596849915039,-29.634031500849616,18.065968499150387,10,86.0,-49.71686164621454,221.71686164621454,135.71686164621454,10,196.1,195.0098791090981,197.19012089090188,1.09012089090188,10,0.001273201663294843,0.0007390707309403259,0.00180733259564936,0.000534130932354517,10,-0.9835396914900725,-2.707044614514463,0.7399652315343184,1.7235049230243908,10,
target_restriction_of_global,random_regular_d2,75,self_masking_logistic_population,0.3,n_inverse_half,gamma_1.25_minus_1.0,1.0,1.25,10,0.0,0.0,0.0,0.0,10,0.0,0.0,0.0,0.0,10,0.0,0.0,0.0,0.0,10,0.0,0.0,0.0,0.0,10,0.0,0.0,0.0,0.0,10,0.0,0.0,0.0,0.0,10,-24.8,-51.02715179208171,1.427151792081709,26.22715179208171,10,111.2,5.899182655267339,216.50081734473267,105.30081734473266,10,196.75,195.6670747051659,197.8329252948341,1.0829252948340844,10,0.0008472210551390801,1.0820913040400807e-06,0.0016933600189741201,0.0008461389638350401,10,-0.046734324760088874,-2.3074635540430535,2.2139949045228757,2.2607292292829646,10,
target_restriction_of_global,random_regular_d2,100,complete,0.0,n_inverse_half,gamma_1.25_minus_1.0,1.0,1.25,10,-0.006666666666666687,-0.021747714418654765,0.008414381085321391,0.015081047751988078,10,0.0,0.0,0.0,0.0,10,-0.003999999999999981,-0.013048628651192757,0.005048628651192795,0.009048628651192776,10,-0.019999999999999997,-0.06524314325596409,0.025243143255964086,0.04524314325596408,10,0.02,-0.02524314325596409,0.06524314325596409,0.04524314325596409,10,0.0,0.0,0.0,0.0,10,-56.1,-124.67935464398653,12.479354643986518,68.57935464398652,10,947.0,947.0,947.0,0.0,10,947.0,947.0,947.0,0.0,10,0.0,0.0,0.0,0.0,10,-0.2837214993400998,-6.393728852619809,5.826285853939609,6.110007353279709,10,
target_restriction_of_global,random_regular_d2,100,self_masking_gaussian_preserving,0.3,n_inverse_half,gamma_1.25_minus_1.0,1.0,1.25,10,0.0033333333333333435,-0.004207190542660695,0.010873857209327382,0.007540523875994038,10,0.0,0.0,0.0,0.0,10,0.0019999999999999905,-0.0025243143255963977,0.006524314325596379,0.004524314325596388,10,0.009999999999999998,-0.012621571627982043,0.03262157162798204,0.02262157162798204,10,-0.01,-0.03262157162798204,0.012621571627982045,0.022621571627982045,10,0.0,0.0,0.0,0.0,10,-34.4,-74.52409046927052,5.7240904692705215,40.12409046927052,10,254.8,96.57910813978714,413.0208918602129,158.22089186021287,10,462.85,461.1804081326847,464.51959186731534,1.669591867315323,10,0.0006142795192334016,-0.0002235511229275618,0.001452110161394365,0.0008378306421609634,10,-2.372312359420071,-7.967984303142796,3.2233595843026532,5.595671943722724,10,
target_restriction_of_global,random_regular_d2,100,self_masking_logistic_population,0.3,n_inverse_half,gamma_1.25_minus_1.0,1.0,1.25,10,-0.0033333333333333435,-0.010873857209327382,0.004207190542660695,0.007540523875994038,10,0.0,0.0,0.0,0.0,10,-0.0019999999999999905,-0.006524314325596379,0.0025243143255963977,0.004524314325596388,10,-0.009999999999999998,-0.03262157162798204,0.012621571627982043,0.02262157162798204,10,0.01,-0.012621571627982045,0.03262157162798204,0.022621571627982045,10,0.0,0.0,0.0,0.0,10,-56.7,-99.39035476953606,-14.009645230463953,42.69035476953605,10,211.2,38.84011781823736,383.55988218176265,172.35988218176263,10,463.95,462.4005186670375,465.4994813329625,1.549481332962518,10,0.0011073669541353248,0.00046134869909662726,0.0017533852091740224,0.0006460182550386976,10,0.6525078049300514,-3.9078971425335958,5.212912752393699,4.560404947463647,10,
target_restriction_of_global,random_regular_d2,150,complete,0.0,n_inverse_half,gamma_1.25_minus_1.0,1.0,1.25,10,0.0,-0.011240749315121912,0.011240749315121912,0.011240749315121912,10,0.0,0.0,0.0,0.0,10,0.0,-0.006744449589073095,0.006744449589073095,0.006744449589073095,10,0.0,-0.033722247945365616,0.033722247945365616,0.033722247945365616,10,0.0,-0.03372224794536563,0.03372224794536563,0.03372224794536563,10,0.0,0.0,0.0,0.0,10,-211.9,-298.3569319730965,-125.44306802690355,86.45693197309646,10,2371.0,2371.0,2371.0,0.0,10,2371.0,2371.0,2371.0,0.0,10,0.0,0.0,0.0,0.0,10,1.7433952439900025,-0.4193586473170452,3.90614913529705,2.1627538913070476,10,
target_restriction_of_global,random_regular_d2,150,self_masking_gaussian_preserving,0.3,n_inverse_half,gamma_1.25_minus_1.0,1.0,1.25,10,0.0,0.0,0.0,0.0,10,0.0,0.0,0.0,0.0,10,0.0,0.0,0.0,0.0,10,0.0,0.0,0.0,0.0,10,0.0,0.0,0.0,0.0,10,0.0,0.0,0.0,0.0,10,-146.8,-190.78885962651307,-102.81114037348695,43.988859626513054,10,778.6,517.3554624088348,1039.8445375911651,261.2445375911652,10,1160.0,1157.521930986627,1162.478069013373,2.4780690133729264,10,0.0012793622003776206,0.000690564392589927,0.0018681600081653141,0.0005887978077876936,10,0.1283294864899581,-1.3128055805211916,1.5694645535011076,1.4411350670111496,10,
target_restriction_of_global,random_regular_d2,150,self_masking_logistic_population,0.3,n_inverse_half,gamma_1.25_minus_1.0,1.0,1.25,10,0.0,0.0,0.0,0.0,10,0.0,0.0,0.0,0.0,10,0.0,0.0,0.0,0.0,10,0.0,0.0,0.0,0.0,10,0.0,0.0,0.0,0.0,10,0.0,0.0,0.0,0.0,10,-113.9,-184.98314716148235,-42.81685283851765,71.08314716148236,10,652.0,383.33694371787465,920.6630562821254,268.66305628212535,10,1159.5,1157.676190588636,1161.323809411364,1.823809411363889,10,0.0010404330405851259,0.000383168595878132,0.0016976974852921196,0.0006572644447069938,10,2.890648607469971,0.3594250799602028,5.421872134979739,2.531223527509768,10,
target_restriction_of_global,scale_free_m2,20,complete,0.0,n_inverse_half,gamma_1.25_minus_1.0,1.0,1.25,10,0.004428571428571437,-0.034913494048724285,0.043770636905867154,0.03934206547729572,10,-0.002666666666666662,-0.017053069315728933,0.011719735982395608,0.01438640264906227,10,0.0009477124183006836,-0.018465272924127703,0.020360697760729067,0.019412985342428385,10,0.020000000000000004,-0.03642811372151655,0.07642811372151656,0.05642811372151656,10,0.0,-0.13488899178146252,0.13488899178146252,0.13488899178146252,10,0.009999999999999998,-0.030606963804360402,0.0506069638043604,0.0406069638043604,10,-69.9,-236.06668043894445,96.26668043894443,166.16668043894444,10,-204.0,-204.0,-204.0,0.0,10,-204.0,-204.0,-204.0,0.0,10,0.0,0.0,0.0,0.0,10,-0.4902745855199967,-2.340784805421812,1.3602356343818185,1.8505102199018153,10,
target_restriction_of_global,scale_free_m2,20,self_masking_gaussian_preserving,0.3,n_inverse_half,gamma_1.25_minus_1.0,1.0,1.25,10,-0.009166666666666667,-0.046916384902451855,0.028583051569118518,0.037749718235785185,10,-0.005988344988345001,-0.05637696337943296,0.044400273402742954,0.05038861839108796,10,-0.008325142178083379,-0.0540475079735768,0.03739722361741005,0.04572236579549342,10,0.02,-0.02524314325596409,0.06524314325596409,0.04524314325596409,10,0.009999999999999998,-0.012621571627982043,0.03262157162798204,0.02262157162798204,10,0.02999999999999996,-0.12099887294314075,0.18099887294314068,0.1509988729431407,10,-100.0,-183.42627881377,-16.57372118622999,83.42627881377001,10,-30.0,-38.82595691381263,-21.174043086187364,8.825956913812636,10,-68.3,-71.63918373463065,-64.96081626536935,3.339183734630646,10,0.006670904319508286,0.0005215966706676274,0.012820211968348944,0.006149307648840659,10,-0.5171318243599694,-1.7667931837464221,0.7325295350264833,1.2496613593864527,10,
target_restriction_of_global,scale_free_m2,20,self_masking_logistic_population,0.3,n_inverse_half,gamma_1.25_minus_1.0,1.0,1.25,10,-0.021666666666666657,-0.0797499145606724,0.03641658122733908,0.05808324789400574,10,-0.035935897435897424,-0.07817435711686967,0.006302562245074819,0.04223845968097224,10,-0.037210123210123194,-0.08334742036244255,0.008927173942196172,0.046137297152319366,10,0.0,-0.04769046039804431,0.04769046039804431,0.04769046039804431,10,0.009999999999999998,-0.06872538050313574,0.08872538050313573,0.07872538050313574,10,0.13999999999999996,0.012924832905324174,0.2670751670946757,0.12707516709467578,10,-87.8,-132.46485961673926,-43.13514038326074,44.66485961673926,10,-26.5,-38.104814798971425,-14.895185201028575,11.604814798971425,10,-65.0,-67.40825020151405,-62.59174979848595,2.4082502015140483,10,0.00866274536918124,0.005502721408603466,0.011822769329759016,0.0031600239605777754,10,-0.8867503939599919,-1.7807305894634868,0.007229801543503056,0.893980195503495,10,
target_restriction_of_global,scale_free_m2,50,complete,0.0,n_inverse_half,gamma_1.25_minus_1.0,1.0,1.25,10,0.0,0.0,0.0,0.0,10,0.0,0.0,0.0,0.0,10,0.0,0.0,0.0,0.0,10,0.0,0.0,0.0,0.0,10,0.0,0.0,0.0,0.0,10,0.0,0.0,0.0,0.0,10,0.0,0.0,0.0,0.0,10,0.0,0.0,0.0,0.0,10,0.0,0.0,0.0,0.0,10,0.0,0.0,0.0,0.0,10,-0.9312190284800508,-8.3748753587555,6.512437301795399,7.4436563302754495,10,
target_restriction_of_global,scale_free_m2,50,self_masking_gaussian_preserving,0.3,n_inverse_half,gamma_1.25_minus_1.0,1.0,1.25,10,0.0,0.0,0.0,0.0,10,0.0,0.0,0.0,0.0,10,0.0,0.0,0.0,0.0,10,0.0,0.0,0.0,0.0,10,0.0,0.0,0.0,0.0,10,0.0,0.0,0.0,0.0,10,0.0,0.0,0.0,0.0,10,0.0,0.0,0.0,0.0,10,0.0,0.0,0.0,0.0,10,0.0,0.0,0.0,0.0,10,-0.935607600559947,-4.955159042378204,3.0839438412583107,4.019551441818257,10,
target_restriction_of_global,scale_free_m2,50,self_masking_logistic_population,0.3,n_inverse_half,gamma_1.25_minus_1.0,1.0,1.25,10,0.0,0.0,0.0,0.0,10,0.0,0.0,0.0,0.0,10,0.0,0.0,0.0,0.0,10,0.0,0.0,0.0,0.0,10,0.0,0.0,0.0,0.0,10,0.0,0.0,0.0,0.0,10,0.0,0.0,0.0,0.0,10,0.0,0.0,0.0,0.0,10,0.0,0.0,0.0,0.0,10,0.0,0.0,0.0,0.0,10,2.9111909051600007,-0.4519876392728701,6.2743694495928715,3.363178544432871,10,
target_restriction_of_global,scale_free_m2,75,complete,0.0,n_inverse_half,gamma_1.25_minus_1.0,1.0,1.25,10,0.004349123099123109,-0.004435216925657827,0.013133463123904045,0.008784340024780936,10,0.0019029581529581784,0.00012893543974916888,0.003676980866167188,0.0017740227132090095,10,0.0042212820744067184,-0.0005088547889912018,0.008951418937804639,0.00473013686339792,10,0.009999999999999998,-0.012621571627982043,0.03262157162798204,0.02262157162798204,10,-0.03,-0.11294576263593419,0.05294576263593419,0.08294576263593419,10,-0.040000000000000015,-0.07694087177891801,-0.003059128221082015,0.036940871778918,10,3495.3,969.7330079979856,6020.866992002015,2525.5669920020146,10,401.0,401.0,401.0,0.0,10,401.0,401.0,401.0,0.0,10,0.0,0.0,0.0,0.0,10,22.623507677180022,1.9367391446351867,43.31027620972486,20.686768532544836,10,
target_restriction_of_global,scale_free_m2,75,self_masking_gaussian_preserving,0.3,n_inverse_half,gamma_1.25_minus_1.0,1.0,1.25,10,0.0018333333333333645,-0.0012680747562635786,0.004934741422930307,0.003101408089596943,10,0.01255952380952382,-0.0028317862161799656,0.027950833835227607,0.015391310025703786,10,0.010280041070595802,-0.0004791722673448094,0.021039254408536413,0.010759213337940611,10,0.009999999999999998,-0.012621571627982043,0.03262157162798204,0.02262157162798204,10,-0.01,-0.03262157162798204,0.012621571627982045,0.022621571627982045,10,-0.08000000000000007,-0.1457367631136272,-0.014263236886372932,0.06573676311362714,10,860.8,572.8689095265232,1148.7310904734768,287.93109047347673,10,61.2,58.72652426029498,63.673475739705026,2.47347573970502,10,105.1,38.422451275426084,171.7775487245739,66.67754872457391,10,-0.002344404565694652,-0.003391270970213169,-0.0012975381611761354,0.0010468664045185168,10,3.973297117629876,-7.266455983782631,15.213050219042383,11.239753101412507,10,
target_restriction_of_global,scale_free_m2,75,self_masking_logistic_population,0.3,n_inverse_half,gamma_1.25_minus_1.0,1.0,1.25,10,0.011428571428571422,-0.015028522886468621,0.03788566574361146,0.026457094315040043,10,0.011569264069264052,-0.012168677954688647,0.03530720609321675,0.0237379420239527,10,0.011193697107490252,-0.011177075993677208,0.033564470208657715,0.02237077310116746,10,0.030000000000000006,-0.01828291119331836,0.07828291119331837,0.048282911193318366,10,-0.02,-0.05016209550397606,0.010162095503976062,0.030162095503976062,10,-0.02999999999999998,-0.11294576263593409,0.05294576263593412,0.0829457626359341,10,973.5,606.8108674626784,1340.1891325373217,366.6891325373216,10,63.2,58.79282343094502,67.60717656905499,4.407176569054985,10,130.7,127.62683176446703,133.77316823553295,3.0731682355329637,10,-0.002036384587222206,-0.0037527567070586125,-0.00032001246738579993,0.0017163721198364063,10,12.679590568709967,7.198983069352995,18.16019806806694,5.480607499356973,10,
target_restriction_of_global,small_world_k2,20,complete,0.0,n_inverse_half,gamma_1.25_minus_1.0,1.0,1.25,10,0.0050000000000000044,-0.01606703559221167,0.026067035592211678,0.021067035592211673,10,0.0,0.0,0.0,0.0,10,0.0026666666666666505,-0.01048068595605878,0.015814019289392082,0.013147352622725431,10,0.019999999999999997,-0.036428113721516546,0.07642811372151653,0.05642811372151654,10,-0.02,-0.07642811372151656,0.03642811372151655,0.05642811372151656,10,0.0,0.0,0.0,0.0,10,2.9,-8.981769790546428,14.781769790546429,11.881769790546429,10,-204.0,-204.0,-204.0,0.0,10,-204.0,-204.0,-204.0,0.0,10,0.0,0.0,0.0,0.0,10,0.09994612600002481,-0.16352325922806935,0.363415511228119,0.26346938522809416,10,
target_restriction_of_global,small_world_k2,20,self_masking_gaussian_preserving,0.3,n_inverse_half,gamma_1.25_minus_1.0,1.0,1.25,10,0.0,0.0,0.0,0.0,10,0.0,0.0,0.0,0.0,10,0.0,0.0,0.0,0.0,10,0.0,0.0,0.0,0.0,10,0.0,0.0,0.0,0.0,10,0.0,0.0,0.0,0.0,10,-3.3,-17.26137719074298,10.661377190742982,13.961377190742981,10,-46.5,-56.917118429257954,-36.082881570742046,10.417118429257956,10,-85.3,-105.83405246428201,-64.76594753571798,20.534052464282013,10,-5.741712016398282e-05,-0.003410651308206317,0.0032958170678783517,0.0033532341880423344,10,-0.15849638355001608,-0.5387809670324252,0.22178819993239304,0.3802845834824091,10,
target_restriction_of_global,small_world_k2,20,self_masking_logistic_population,0.3,n_inverse_half,gamma_1.25_minus_1.0,1.0,1.25,10,-0.0033333333333333435,-0.010873857209327382,0.0042071905426606954,0.007540523875994039,10,0.0,0.0,0.0,0.0,10,-0.0019999999999999905,-0.006524314325596379,0.0025243143255963977,0.004524314325596388,10,-0.009999999999999998,-0.03262157162798204,0.012621571627982043,0.02262157162798204,10,0.01,-0.012621571627982045,0.03262157162798204,0.022621571627982045,10,0.0,0.0,0.0,0.0,10,-4.0,-8.828291119331837,0.828291119331837,4.828291119331837,10,-44.1,-52.54033577273355,-35.659664227266454,8.44033577273355,10,-82.3,-92.71739133944857,-71.88260866055143,10.417391339448576,10,0.0011453028296941226,-0.0012171956397235785,0.0035078012991118235,0.002362498469417701,10,-0.0030334532700135195,-0.3375611630345983,0.33149425649457126,0.3345277097645848,10,
target_restriction_of_global,small_world_k2,50,complete,0.0,n_inverse_half,gamma_1.25_minus_1.0,1.0,1.25,10,0.0,0.0,0.0,0.0,10,0.0,0.0,0.0,0.0,10,0.0,0.0,0.0,0.0,10,0.0,0.0,0.0,0.0,10,0.0,0.0,0.0,0.0,10,0.0,0.0,0.0,0.0,10,0.0,0.0,0.0,0.0,10,0.0,0.0,0.0,0.0,10,0.0,0.0,0.0,0.0,10,0.0,0.0,0.0,0.0,10,0.38779581301004307,-0.8276913147097541,1.6032829407298403,1.2154871277197972,10,
target_restriction_of_global,small_world_k2,50,self_masking_gaussian_preserving,0.3,n_inverse_half,gamma_1.25_minus_1.0,1.0,1.25,10,0.0,0.0,0.0,0.0,10,0.0,0.0,0.0,0.0,10,0.0,0.0,0.0,0.0,10,0.0,0.0,0.0,0.0,10,0.0,0.0,0.0,0.0,10,0.0,0.0,0.0,0.0,10,0.0,0.0,0.0,0.0,10,0.0,0.0,0.0,0.0,10,0.0,0.0,0.0,0.0,10,0.0,0.0,0.0,0.0,10,0.2391123711700585,-0.6510433775135109,1.1292681198536278,0.8901557486835694,10,
target_restriction_of_global,small_world_k2,50,self_masking_logistic_population,0.3,n_inverse_half,gamma_1.25_minus_1.0,1.0,1.25,10,0.0,0.0,0.0,0.0,10,0.0,0.0,0.0,0.0,10,0.0,0.0,0.0,0.0,10,0.0,0.0,0.0,0.0,10,0.0,0.0,0.0,0.0,10,0.0,0.0,0.0,0.0,10,0.0,0.0,0.0,0.0,10,0.0,0.0,0.0,0.0,10,0.0,0.0,0.0,0.0,10,0.0,0.0,0.0,0.0,10,0.8640343238800415,0.12132522012339542,1.6067434276366876,0.7427091037566461,10,
target_restriction_of_global,small_world_k2,75,complete,0.0,n_inverse_half,gamma_1.25_minus_1.0,1.0,1.25,10,-0.007500000000000007,-0.020815069690869846,0.005815069690869834,0.013315069690869841,10,0.0,0.0,0.0,0.0,10,-0.0047619047619047675,-0.013415479094318167,0.003891669570508632,0.0086535743324134,10,-0.019999999999999997,-0.05016209550397605,0.010162095503976058,0.030162095503976055,10,0.02,-0.010162095503976062,0.05016209550397606,0.030162095503976062,10,0.0,0.0,0.0,0.0,10,-32.6,-72.3238920148048,7.123892014804795,39.7238920148048,10,401.0,401.0,401.0,0.0,10,401.0,401.0,401.0,0.0,10,0.0,0.0,0.0,0.0,10,0.7095819391799989,-1.443294334368759,2.8624582127287566,2.152876273548758,10,
target_restriction_of_global,small_world_k2,75,self_masking_gaussian_preserving,0.3,n_inverse_half,gamma_1.25_minus_1.0,1.0,1.25,10,0.0,0.0,0.0,0.0,10,0.0,0.0,0.0,0.0,10,0.0,0.0,0.0,0.0,10,0.0,0.0,0.0,0.0,10,0.0,0.0,0.0,0.0,10,0.0,0.0,0.0,0.0,10,-35.2,-72.29723173031263,1.8972317303126331,37.097231730312636,10,88.2,81.16828459889557,95.23171540110444,7.03171540110444,10,195.45,193.69409385071623,197.20590614928375,1.7559061492837627,10,0.0006236706016838789,-0.0005008479141412907,0.0017481891175090485,0.0011245185158251696,10,0.3604370374500066,-1.065786067664493,1.7866601425645061,1.4262231051144996,10,
target_restriction_of_global,small_world_k2,75,self_masking_logistic_population,0.3,n_inverse_half,gamma_1.25_minus_1.0,1.0,1.25,10,0.0033333333333333435,-0.0042071905426606954,0.010873857209327382,0.007540523875994039,10,0.0,0.0,0.0,0.0,10,0.0019999999999999905,-0.0025243143255963977,0.006524314325596379,0.004524314325596388,10,0.009999999999999998,-0.012621571627982043,0.03262157162798204,0.02262157162798204,10,-0.01,-0.03262157162798204,0.012621571627982045,0.022621571627982045,10,0.0,0.0,0.0,0.0,10,-19.9,-44.67713339054583,4.877133390545833,24.77713339054583,10,93.8,80.16936893390015,107.43063106609985,13.630631066099856,10,196.45,195.4895077341467,197.41049226585326,0.9604922658532818,10,0.0005922274674717953,-0.00018305280485353924,0.0013675077397971298,0.0007752802723253345,10,1.8971803983300082,-0.12380197001394544,3.918162766673962,2.0209823683439536,10,
target_restriction_of_global,small_world_k2,100,complete,0.0,n_inverse_half,gamma_1.25_minus_1.0,1.0,1.25,10,-0.0033333333333333435,-0.03349542883730944,0.026828762170642752,0.030162095503976097,10,0.0,0.0,0.0,0.0,10,-0.0019999999999999684,-0.020949916442034845,0.01694991644203491,0.018949916442034878,10,-0.009999999999999998,-0.08872538050313572,0.06872538050313573,0.07872538050313573,10,0.01,-0.06872538050313574,0.08872538050313573,0.07872538050313574,10,0.0,0.0,0.0,0.0,10,-12.5,-74.51891799037571,49.518917990375705,62.018917990375705,10,947.0,947.0,947.0,0.0,10,947.0,947.0,947.0,0.0,10,0.0,0.0,0.0,0.0,10,1.6928429935700646,-4.105867228578765,7.491553215718895,5.79871022214883,10,
target_restriction_of_global,small_world_k2,100,self_masking_gaussian_preserving,0.3,n_inverse_half,gamma_1.25_minus_1.0,1.0,1.25,10,0.0,0.0,0.0,0.0,10,0.0,0.0,0.0,0.0,10,0.0,0.0,0.0,0.0,10,0.0,0.0,0.0,0.0,10,0.0,0.0,0.0,0.0,10,0.0,0.0,0.0,0.0,10,-33.7,-86.996143239052,19.596143239051997,53.296143239052,10,205.8,178.21198579921403,233.388014200786,27.588014200785967,10,462.15,460.6041926054212,463.69580739457876,1.5458073945787734,10,0.000431303462170024,-0.0005989018579650403,0.0014615087823050881,0.0010302053201350643,10,-0.6185654861600366,-6.792574018604917,5.555443046284843,6.17400853244488,10,
target_restriction_of_global,small_world_k2,100,self_masking_logistic_population,0.3,n_inverse_half,gamma_1.25_minus_1.0,1.0,1.25,10,-0.0033333333333333435,-0.010873857209327382,0.004207190542660695,0.007540523875994038,10,0.0,0.0,0.0,0.0,10,-0.0019999999999999905,-0.006524314325596379,0.0025243143255963977,0.004524314325596388,10,-0.009999999999999998,-0.03262157162798204,0.012621571627982043,0.02262157162798204,10,0.01,-0.012621571627982045,0.03262157162798204,0.022621571627982045,10,0.0,0.0,0.0,0.0,10,-1.8,-28.311778499575354,24.711778499575352,26.511778499575353,10,211.9,130.20688862804911,293.5931113719509,81.69311137195089,10,462.3,460.5139938498984,464.08600615010164,1.7860061501016309,10,1.4682861727444151e-05,-0.0005382347029280694,0.0005676004263829578,0.0005529175646555136,10,3.3800578344498917,-2.0631553132851175,8.823270982184901,5.443213147735009,10,
global_whole_skeleton,er_expected_degree_2,20,,,n_inverse_half,quadratic_minus_complete,complete,self_masking_gaussian_preserving,10,0.022322767811898226,0.004664546951052149,0.0399809886727443,0.017658220860846077,10,-0.029962597947437775,-0.05120990114847768,-0.008715294746397872,0.021247303201039902,10,-0.005511928503707875,-0.020130011435796735,0.009106154428380983,0.014618082932088858,10,0.0,0.0,0.0,0.0,10,-0.5,-0.8770261937997008,-0.12297380620029918,0.3770261937997008,10,0.7,0.21717088806681628,1.1828291119331835,0.4828291119331837,10,-204.5,-355.20949494756655,-53.79050505243342,150.70949494756658,10,-823.3,-842.0607567266965,-804.5392432733034,18.76075672669656,10,-646.7,-652.5120761473631,-640.887923852637,5.812076147363118,10,-0.6281392681379397,-0.6425849760683617,-0.6136935602075178,0.014445707930421978,10,-0.9842636127998731,-2.163521809284717,0.19499458368497058,1.1792581964848436,10,1.0
global_whole_skeleton,er_expected_degree_2,20,,,n_inverse_half,quadratic_minus_complete,complete,self_masking_gaussian_preserving,10,-0.0033191779616264737,-0.03200387013488964,0.02536551421163669,0.028684692173263162,10,-0.045087597947437774,-0.0732189616519083,-0.016956234242967237,0.028131363704470537,10,-0.026151150182139916,-0.04572651713853479,-0.006575783225745046,0.01957536695639487,10,-0.2,-0.652431432559641,0.25243143255964096,0.45243143255964097,10,0.0,-0.5840864678680845,0.5840864678680845,0.5840864678680845,10,1.1,0.3886284002805013,1.8113715997194988,0.7113715997194988,10,-244.3,-425.2647338511259,-63.33526614887407,180.96473385112594,10,-656.8,-671.2487141777806,-642.3512858222193,14.448714177780616,10,-514.4,-519.9123240990873,-508.8876759009127,5.51232409908729,10,-0.6259541150768935,-0.6392487377168231,-0.6126594924369638,0.01329462263992967,10,-2.202035242900024,-3.595374561648067,-0.8086959241519813,1.3933393187480427,10,1.25
global_whole_skeleton,er_expected_degree_2,50,,,n_inverse_half,quadratic_minus_complete,complete,self_masking_gaussian_preserving,10,0.02172065123146679,0.00546512806865752,0.03797617439427606,0.01625552316280927,10,-0.02197092777911742,-0.039732364527708744,-0.004209491030526095,0.017761436748591326,10,-0.0006648043740394849,-0.014530897415810847,0.013201288667731877,0.013866093041771362,10,0.0,0.0,0.0,0.0,10,-1.2,-2.0793686396570705,-0.3206313603429293,0.8793686396570707,10,1.3,0.17902053668676343,2.4209794633132367,1.1209794633132366,10,-893.0,-1336.121244987638,-449.87875501236203,443.12124498763797,10,-2104.2,-2113.1271650401864,-2095.2728349598133,8.927165040186567,10,-1621.9,-1629.6813676108698,-1614.1186323891304,7.7813676108696805,10,-0.6210693578109839,-0.6331129970462833,-0.6090257185756845,0.012043639235299388,10,-6.7416127837999955,-10.975801206890385,-2.5074243607096065,4.234188423090389,10,1.0
global_whole_skeleton,er_expected_degree_2,50,,,n_inverse_half,quadratic_minus_complete,complete,self_masking_gaussian_preserving,10,0.02172065123146679,0.005465128068657524,0.03797617439427606,0.016255523162809267,10,-0.02197092777911742,-0.039732364527708744,-0.004209491030526095,0.017761436748591326,10,-0.0006648043740394849,-0.014530897415810847,0.013201288667731877,0.013866093041771362,10,0.0,0.0,0.0,0.0,10,-1.2,-2.0793686396570705,-0.3206313603429293,0.8793686396570707,10,1.3,0.17902053668676343,2.4209794633132367,1.1209794633132366,10,-893.0,-1336.121244987638,-449.87875501236203,443.12124498763797,10,-2104.2,-2113.1271650401864,-2095.2728349598133,8.927165040186567,10,-1621.9,-1629.6813676108698,-1614.1186323891304,7.7813676108696805,10,-0.6210693578109839,-0.6331129970462833,-0.6090257185756845,0.012043639235299388,10,-6.95556701019998,-12.98338058262326,-0.9277534377766994,6.02781357242328,10,1.25
global_whole_skeleton,er_expected_degree_2,75,,,n_inverse_half,quadratic_minus_complete,complete,self_masking_gaussian_preserving,10,0.03225726738686283,0.019237150545043925,0.045277384228681744,0.013020116841818908,10,-0.011976945373046877,-0.020661565366774045,-0.0032923253793197098,0.008684619993727168,10,0.010266772902387599,0.0016226937394940699,0.018910852065281127,0.00864407916289353,10,0.3,-0.04555021441364382,0.6455502144136438,0.3455502144136438,10,-2.6,-3.565658223866367,-1.6343417761336327,0.9656582238663673,10,1.0,0.24594761240059837,1.7540523875994016,0.7540523875994016,10,-1549.6,-2423.5427615340977,-675.6572384659019,873.942761534098,10,-3145.3,-3154.392821312539,-3136.2071786874612,9.092821312538927,10,-2289.1,-2454.710385393082,-2123.4896146069177,165.610385393082,10,-0.6055159075676146,-0.6214102562355709,-0.5896215588996584,0.015894348667956238,10,-13.15894595439995,-19.23273093082795,-7.085160977971949,6.073784976428001,10,1.0
global_whole_skeleton,er_expected_degree_2,75,,,n_inverse_half,quadratic_minus_complete,complete,self_masking_gaussian_preserving,10,0.03101410405766396,0.014975424018973924,0.047052784096353995,0.016038680038690037,10,-0.009470718722984606,-0.01803162622364175,-0.000909811222327462,0.008560907500657144,10,0.011012656028591129,0.0021811964744410314,0.019844115582741226,0.008831459554150097,10,0.2,-0.10162095503976065,0.5016209550397607,0.30162095503976066,10,-2.5,-3.8168958804306783,-1.1831041195693215,1.3168958804306785,10,0.8,0.06118256442164016,1.53881743557836,0.7388174355783599,10,-1500.7,-2340.2114884945686,-661.1885115054313,839.5114884945688,10,-3480.9,-3491.8763197492353,-3469.923680250765,10.976319749235035,10,-2536.15,-2720.506020476456,-2351.7939795235443,184.35602047645594,10,-0.6064794300931056,-0.6223173291604934,-0.5906415310257177,0.015837899067387865,10,-9.877342281999836,-17.05475221696049,-2.699932347039181,7.177409934960655,10,1.25
global_whole_skeleton,er_expected_degree_2,100,,,n_inverse_half,quadratic_minus_complete,complete,self_masking_gaussian_preserving,10,0.04873822382901927,0.02962894836625184,0.0678474992917867,0.019109275462767427,10,-0.011564591134765701,-0.020347428918155854,-0.002781753351375548,0.008782837783390153,10,0.019453755942679674,0.005959121965306688,0.03294838992005266,0.013494633977372985,10,0.2,-0.10162095503976065,0.5016209550397607,0.30162095503976066,10,-5.2,-7.009725730238564,-3.390274269761436,1.8097257302385639,10,1.3,0.28552626654393465,2.314473733456065,1.0144737334560654,10,-1756.1,-2684.845816726137,-827.3541832738629,928.745816726137,10,-4185.7,-4199.879593756425,-4171.520406243575,14.179593756424671,10,-2980.0,-3223.148164891985,-2736.851835108015,243.14816489198503,10,-0.5943187010900055,-0.6101971133931275,-0.5784402887868835,0.01587841230312203,10,-16.661943774700013,-29.676620078478003,-3.647267470922026,13.014676303777987,10,1.0
global_whole_skeleton,er_expected_degree_2,100,,,n_inverse_half,quadratic_minus_complete,complete,self_masking_gaussian_preserving,10,0.040361034827755146,0.02186133627980134,0.05886073337570895,0.018499698547953806,10,-0.008064966877415447,-0.014250243271792432,-0.0018796904830384624,0.006185276394376985,10,0.016858341730530035,0.0060370848878627155,0.027679598573197354,0.01082125684266732,10,0.0,0.0,0.0,0.0,10,-4.3,-6.148582151135997,-2.451417848864002,1.8485821511359979,10,0.9,0.1886284002805012,1.6113715997194988,0.7113715997194988,10,-1757.2,-2819.790483531519,-694.6095164684812,1062.5904835315189,10,-4977.3,-4992.313219016457,-4962.286780983543,15.013219016456665,10,-3545.4,-3836.987914574554,-3253.812085425446,291.5879145745541,10,-0.5947444431283889,-0.6106026175770451,-0.5788862686797327,0.015858174448656233,10,-16.141505251000172,-36.012415777615175,3.729405275614834,19.870910526615006,10,1.25
global_whole_skeleton,er_expected_degree_2,150,,,n_inverse_half,quadratic_minus_complete,complete,self_masking_gaussian_preserving,10,0.05076101316673083,0.040644944697704626,0.06087708163575704,0.010116068469026206,10,-0.003624348775143005,-0.008354570918019846,0.0011058733677338376,0.004730222142876842,10,0.02413937344133339,0.018464695636227317,0.02981405124643946,0.005674677805106071,10,0.1,-0.12621571627982048,0.3262157162798205,0.22621571627982048,10,-8.5,-10.260353023595481,-6.739646976404519,1.760353023595481,10,0.6,-0.1689855677281158,1.3689855677281157,0.7689855677281158,10,-3029.2,-4534.461232229722,-1523.9387677702778,1505.261232229722,10,-6284.6,-6289.139370321705,-6280.060629678295,4.539370321704933,10,-4364.7,-4730.983545507407,-3998.4164544925925,366.28354550740755,10,-0.5884657455339013,-0.5973504789728853,-0.5795810120949173,0.008884733438983966,10,-27.523740427899885,-53.66311336768911,-1.3843674881106622,26.139372939789222,10,1.0
global_whole_skeleton,er_expected_degree_2,150,,,n_inverse_half,quadratic_minus_complete,complete,self_masking_gaussian_preserving,10,0.03607594611953506,0.025301907347846618,0.0468499848912235,0.010774038771688442,10,-0.0030270886396663197,-0.006165527744505748,0.00011135046517310888,0.0031384391048394286,10,0.016855710142211433,0.010329381979444592,0.023382038304978273,0.006526328162766841,10,0.0,0.0,0.0,0.0,10,-6.0,-7.815998628528468,-4.184001371471532,1.8159986285284682,10,0.5,-0.005833719180484476,1.0058337191804845,0.5058337191804845,10,-2833.2,-4126.71531232616,-1539.6846876738398,1293.51531232616,10,-8258.0,-8264.353758354733,-8251.646241645267,6.353758354733789,10,-5636.4,-6119.3101497653915,-5153.489850234608,482.9101497653921,10,-0.5897941915095002,-0.5994273991490763,-0.5801609838699241,0.00963320763957613,10,-38.58904196729973,-69.37733556806097,-7.800748366538485,30.788293600761243,10,1.25
global_whole_skeleton,random_regular_d2,20,,,n_inverse_half,quadratic_minus_complete,complete,self_masking_gaussian_preserving,10,0.009523809523809513,-0.004839093097131453,0.02388671214475048,0.014362902620940966,10,0.0,-0.01686112397268283,0.01686112397268283,0.01686112397268283,10,0.004878048780487809,-0.002722399244663029,0.012478496805638648,0.007600448025150838,10,0.2,-0.10162095503976065,0.5016209550397607,0.30162095503976066,10,-0.2,-0.5016209550397607,0.10162095503976065,0.30162095503976066,10,0.0,-0.33722247945365624,0.33722247945365624,0.33722247945365624,10,-18.6,-46.248541845128926,9.04854184512892,27.64854184512892,10,-734.3,-761.3073944709943,-707.2926055290056,27.00739447099433,10,-562.65,-598.0908833609499,-527.2091166390501,35.440883360949925,10,-0.5787550024324929,-0.5847979076335424,-0.5727120972314433,0.006042905201049508,10,0.09975151989999631,-0.23479107535208993,0.43429411515208255,0.33454259525208624,10,1.0
global_whole_skeleton,random_regular_d2,20,,,n_inverse_half,quadratic_minus_complete,complete,self_masking_gaussian_preserving,10,0.009523809523809513,-0.004839093097131453,0.02388671214475048,0.014362902620940966,10,-0.015000000000000003,-0.0322775107206822,0.002277510720682191,0.017277510720682194,10,-0.002949211678351582,-0.016324247355970607,0.010425823999267442,0.013375035677619024,10,0.0,-0.47690460398044304,0.47690460398044304,0.47690460398044304,10,-0.2,-0.5016209550397607,0.10162095503976065,0.30162095503976066,10,0.3,-0.045550214413643764,0.6455502144136438,0.34555021441364375,10,-17.2,-47.134645167647776,12.73464516764778,29.93464516764778,10,-583.3,-602.4744417141108,-564.1255582858892,19.174441714110856,10,-446.8,-475.3377698690162,-418.2622301309838,28.537769869016163,10,-0.578129477268091,-0.5854941362192829,-0.5707648183168992,0.007364658951191863,10,-0.06662879009998053,-0.5658732398557628,0.43261565965580173,0.49924444975578225,10,1.25
global_whole_skeleton,random_regular_d2,50,,,n_inverse_half,quadratic_minus_complete,complete,self_masking_gaussian_preserving,10,0.01713591419473769,-0.0012608012891287684,0.03553262967860415,0.01839671548386646,10,0.0,0.0,0.0,0.0,10,0.008777235189582334,-0.000711569330733618,0.018266039709898284,0.009488804520315952,10,0.5,-0.005833719180484476,1.0058337191804845,0.5058337191804845,10,-0.9,-1.8802681038792222,0.08026810387922223,0.9802681038792223,10,0.0,0.0,0.0,0.0,10,-38.2,-78.24266681115233,1.842666811152334,40.04266681115234,10,-1839.7,-1915.5803408453316,-1763.8196591546684,75.88034084533162,10,-1285.65,-1288.5215934661007,-1282.7784065338994,2.8715934661005384,10,-0.5534751948510227,-0.5564011476311164,-0.550549242070929,0.0029259527800936896,10,-0.3963218777000068,-1.863668067700687,1.0710243123006733,1.4673461900006801,10,1.0
global_whole_skeleton,random_regular_d2,50,,,n_inverse_half,quadratic_minus_complete,complete,self_masking_gaussian_preserving,10,0.01713591419473769,-0.001260801289128765,0.03553262967860414,0.018396715483866455,10,0.0,0.0,0.0,0.0,10,0.008777235189582334,-0.0007115693307336163,0.018266039709898284,0.00948880452031595,10,0.5,-0.005833719180484476,1.0058337191804845,0.5058337191804845,10,-0.9,-1.8802681038792222,0.08026810387922223,0.9802681038792223,10,0.0,0.0,0.0,0.0,10,-38.2,-78.24266681115233,1.842666811152327,40.04266681115233,10,-1839.7,-1915.5803408453316,-1763.8196591546684,75.88034084533162,10,-1285.65,-1288.5215934661007,-1282.7784065338994,2.8715934661005384,10,-0.5534751948510227,-0.5564011476311164,-0.550549242070929,0.0029259527800936896,10,-0.6394648123999785,-2.1584445863677724,0.8795149615678152,1.5189797739677937,10,1.25
global_whole_skeleton,random_regular_d2,75,,,n_inverse_half,quadratic_minus_complete,complete,self_masking_gaussian_preserving,10,0.025845140868458648,0.015388088399405477,0.03630219333751182,0.010457052469053171,10,0.0,0.0,0.0,0.0,10,0.01310628153806046,0.007742520884375768,0.018470042191745153,0.005363760653684692,10,0.7,0.3544497855863562,1.0455502144136437,0.34555021441364375,10,-2.0,-2.826023004457642,-1.173976995542358,0.8260230044576421,10,0.0,0.0,0.0,0.0,10,-89.1,-171.6254790013964,-6.574520998603603,82.52547900139639,10,-2694.9,-2813.393016784385,-2576.406983215615,118.49301678438492,10,-1922.2,-1925.2870134846444,-1919.1129865153557,3.0870134846442507,10,-0.5425265371845406,-0.5442688214075514,-0.5407842529615298,0.0017422842230108576,10,-1.6653321045999974,-5.052888285648347,1.7222240764483523,3.3875561810483497,10,1.0
global_whole_skeleton,random_regular_d2,75,,,n_inverse_half,quadratic_minus_complete,complete,self_masking_gaussian_preserving,10,0.01945153447485225,0.007873149279773324,0.031029919669931176,0.011578385195078927,10,0.0,0.0,0.0,0.0,10,0.009838250728664576,0.00393582122895369,0.015740680228375464,0.005902429499710886,10,0.6,0.23059128221082004,0.9694087177891799,0.36940871778917994,10,-1.5,-2.407999314264234,-0.5920006857357659,0.9079993142642341,10,0.0,0.0,0.0,0.0,10,-112.5,-194.73268866049963,-30.267311339500367,82.23268866049963,10,-3009.9,-3136.720067163364,-2883.079932836636,126.8200671633642,10,-2127.1,-2130.7546267423922,-2123.4453732576076,3.6546267423924395,10,-0.5412533355212459,-0.542973405116643,-0.5395332659258487,0.0017200695953971399,10,-0.021575582200148345,-2.5407363497706887,2.497585185370392,2.5191607675705403,10,1.25
global_whole_skeleton,random_regular_d2,100,,,n_inverse_half,quadratic_minus_complete,complete,self_masking_gaussian_preserving,10,0.0146105101658081,0.00460216419562102,0.024618856135995182,0.01000834597018708,10,0.0,0.0,0.0,0.0,10,0.0073938685759248005,0.0023348234205983597,0.012452913731251241,0.005059045155326441,10,0.4,-0.10018176838777082,0.9001817683877709,0.5001817683877708,10,-1.5,-2.5256221311974807,-0.4743778688025191,1.025622131197481,10,0.0,0.0,0.0,0.0,10,-95.5,-146.4063553648918,-44.59364463510819,50.90635536489181,10,-3631.7,-3793.035160536907,-3470.3648394630927,161.33516053690715,10,-2561.55,-2564.6610944123777,-2558.4389055876227,3.111094412377594,10,-0.5391113860211177,-0.5399245303147633,-0.5382982417274722,0.0008131442936455265,10,-0.26857253840003176,-6.242190051252442,5.705044974452378,5.97361751285241,10,1.0
global_whole_skeleton,random_regular_d2,100,,,n_inverse_half,quadratic_minus_complete,complete,self_masking_gaussian_preserving,10,0.015611613658839896,0.005747432368058084,0.025475794949621707,0.009864181290781811,10,0.0,0.0,0.0,0.0,10,0.00789157370914929,0.002883296695423412,0.012899850722875169,0.005008277013725878,10,0.7,0.3544497855863562,1.0455502144136437,0.34555021441364375,10,-1.6,-2.6228464234525237,-0.5771535765474767,1.0228464234525234,10,0.0,0.0,0.0,0.0,10,-73.8,-149.03750175610168,1.4375017561016676,75.23750175610166,10,-4323.9,-4514.531975011818,-4133.268024988181,190.63197501181776,10,-3045.7,-3048.9703626727055,-3042.429637327294,3.2703626727056396,10,-0.5384971065018843,-0.5394190554981325,-0.5375751575056361,0.0009219489962481801,10,-2.357169259000009,-7.7131320623423765,2.998793544342359,5.355962803342368,10,1.25
global_whole_skeleton,random_regular_d2,150,,,n_inverse_half,quadratic_minus_complete,complete,self_masking_gaussian_preserving,10,0.024386386503876666,0.01195927690470139,0.03681349610305194,0.012427109599175276,10,-0.000666666666666682,-0.00217477144186552,0.0008414381085321559,0.001508104775198838,10,0.012090624439663956,0.005697275460136579,0.01848397341919133,0.006393348979527377,10,0.6,0.2305912822108201,0.9694087177891799,0.3694087177891799,10,-3.8,-5.760536207758444,-1.8394637922415555,1.9605362077584443,10,0.1,-0.12621571627982048,0.3262157162798205,0.22621571627982048,10,-291.6,-453.0409080236926,-130.15909197630745,161.44090802369257,10,-5641.8,-5794.484269354179,-5489.115730645822,152.68426935417807,10,-3834.7,-3838.317094279204,-3831.0829057207957,3.617094279204329,10,-0.5332331867951466,-0.5342623409391613,-0.532204032651132,0.0010291541440146546,10,-0.052777531900074594,-9.469533719823696,9.363978656023546,9.416756187923621,10,1.0
global_whole_skeleton,random_regular_d2,150,,,n_inverse_half,quadratic_minus_complete,complete,self_masking_gaussian_preserving,10,0.018259375394768206,0.012241590439454978,0.024277160350081435,0.006017784955313228,10,0.0,0.0,0.0,0.0,10,0.009230218090431008,0.006157255373296083,0.012303180807565935,0.0030729627171349255,10,1.0,1.0,1.0,0.0,10,-2.8,-3.7418111302491592,-1.8581888697508406,0.9418111302491592,10,0.0,0.0,0.0,0.0,10,-226.5,-341.60962265751175,-111.39037734248825,115.10962265751175,10,-7234.2,-7531.455982458522,-6936.9440175414775,297.25598245852274,10,-5045.7,-5050.361117363247,-5041.0388826367525,4.661117363247457,10,-0.5319538245947689,-0.532784145564686,-0.5311235036248518,0.0008303209699171057,10,-1.667848208000396,-11.686511098760295,8.350814682759502,10.018662890759899,10,1.25
global_whole_skeleton,scale_free_m2,20,,,n_inverse_half,quadratic_minus_complete,complete,self_masking_gaussian_preserving,10,0.04042179027952366,0.020818416207831966,0.060025164351215354,0.019603374071691694,10,-0.17567567567567566,-0.2290147016912684,-0.12233664966008292,0.053339026015592726,10,-0.11494142698483426,-0.1615450394935896,-0.06833781447607892,0.04660361250875533,10,0.0,0.0,0.0,0.0,10,-1.5,-2.1079364704546295,-0.8920635295453704,0.6079364704546296,10,6.5,4.52645603742307,8.473543962576931,1.9735439625769307,10,-1051.8,-1315.336250038745,-788.2637499612549,263.5362500387451,10,-837.6,-846.8855665574038,-828.3144334425963,9.285566557403724,10,-656.3,-661.546492552845,-651.0535074471549,5.246492552845127,10,-0.6546820210343299,-0.6656130590928655,-0.6437509829757944,0.010931038058535578,10,-7.475342861499962,-9.913084932909621,-5.037600790090304,2.4377420714096583,10,1.0
global_whole_skeleton,scale_free_m2,20,,,n_inverse_half,quadratic_minus_complete,complete,self_masking_gaussian_preserving,10,0.04254354140894741,0.006973272658222958,0.07811381015967186,0.03557026875072445,10,-0.18108108108108112,-0.2408811068422195,-0.12128105531994274,0.05980002576113839,10,-0.11942648674696295,-0.17022886932799577,-0.06862410416593012,0.05080238258103283,10,0.0,0.0,0.0,0.0,10,-1.6,-2.6770022314825956,-0.5229977685174043,1.0770022314825958,10,6.7,4.487399046837879,8.912600953162121,2.2126009531621205,10,-1081.9,-1499.6962584005987,-664.1037415994015,417.79625840059856,10,-663.6,-673.0674873282958,-654.1325126717043,9.46748732829575,10,-520.6,-524.9211873260188,-516.2788126739813,4.321187326018709,10,-0.6480111167148216,-0.6566662232762287,-0.6393560101534145,0.008655106561407113,10,-7.50220505089992,-10.265838841501585,-4.738571260298254,2.763633790601665,10,1.25
global_whole_skeleton,scale_free_m2,50,,,n_inverse_half,quadratic_minus_complete,complete,self_masking_gaussian_preserving,10,0.03625681433953616,0.01618271758518479,0.056330911093887534,0.020074096754351373,10,-0.13402061855670105,-0.15980318393751397,-0.10823805317588814,0.025782565380812916,10,-0.07905832830224964,-0.09833266003613075,-0.059783996568368525,0.019274331733881114,10,0.0,0.0,0.0,0.0,10,-3.2,-4.774507610062715,-1.6254923899372855,1.5745076100627147,10,13.0,10.499091158061146,15.500908841938854,2.500908841938854,10,-10019.4,-11985.425483787441,-8053.374516212557,1966.0254837874425,10,-2110.3,-2116.180158343726,-2104.4198416562745,5.880158343725909,10,-1643.7,-1647.0730677453796,-1640.3269322546205,3.3730677453795095,10,-0.662013135496762,-0.6686617913209555,-0.6553644796725685,0.006648655824193528,10,-78.45868710410002,-96.67300943025187,-60.24436477794818,18.214322326151848,10,1.0
global_whole_skeleton,scale_free_m2,50,,,n_inverse_half,quadratic_minus_complete,complete,self_masking_gaussian_preserving,10,0.03625681433953616,0.01618271758518479,0.056330911093887534,0.020074096754351373,10,-0.13402061855670105,-0.15980318393751397,-0.10823805317588814,0.025782565380812916,10,-0.07905832830224964,-0.09833266003613075,-0.059783996568368525,0.019274331733881114,10,0.0,0.0,0.0,0.0,10,-3.2,-4.774507610062715,-1.6254923899372855,1.5745076100627147,10,13.0,10.499091158061146,15.500908841938854,2.500908841938854,10,-10019.4,-11985.425483787441,-8053.374516212557,1966.0254837874425,10,-2110.3,-2116.180158343726,-2104.4198416562745,5.880158343725909,10,-1643.7,-1647.0730677453796,-1640.3269322546205,3.3730677453795095,10,-0.662013135496762,-0.6686617913209555,-0.6553644796725685,0.006648655824193528,10,-78.46307389809985,-97.71218120824213,-59.21396658795758,19.24910731014227,10,1.25
global_whole_skeleton,scale_free_m2,75,,,n_inverse_half,quadratic_minus_complete,complete,self_masking_gaussian_preserving,10,0.04652120863538951,0.028777848793549624,0.0642645684772294,0.01774335984183989,10,-0.12176870748299318,-0.15309293547859856,-0.09044447948738779,0.031324227995605386,10,-0.0617582969888251,-0.08512124975820581,-0.038395344219444384,0.023362952769380718,10,0.0,0.0,0.0,0.0,10,-6.4,-8.836417828261627,-3.963582171738374,2.4364178282616265,10,17.9,13.295338484646006,22.50466151535399,4.6046615153539925,10,-30721.0,-38054.356032138196,-23387.643967861804,7333.356032138196,10,-3177.8,-3186.6632435173724,-3168.936756482628,8.863243517372211,10,-2481.7,-2495.6042434908595,-2467.79575650914,13.904243490859695,10,-0.6803109034337129,-0.6871555968180308,-0.673466210049395,0.006844693384317927,10,-250.18364587019988,-321.8838241708156,-178.48346756958415,71.70017830061575,10,1.0
global_whole_skeleton,scale_free_m2,75,,,n_inverse_half,quadratic_minus_complete,complete,self_masking_gaussian_preserving,10,0.04846080991376278,0.031094617425426838,0.06582700240209872,0.017366192488335944,10,-0.11700680272108843,-0.1460061064061849,-0.08800749903599198,0.028999303685096463,10,-0.05702848156977508,-0.07937316389956389,-0.03468379923998626,0.02234468232978882,10,0.0,0.0,0.0,0.0,10,-6.7,-9.156174461316345,-4.243825538683655,2.4561744613163454,10,17.2,12.937102358290819,21.46289764170918,4.262897641709181,10,-33355.5,-41058.031903301104,-25652.968096698896,7702.531903301103,10,-3517.6,-3527.043433713901,-3508.156566286099,9.443433713901165,10,-2777.6,-2857.043060375411,-2698.1569396245886,79.44306037541106,10,-0.6826553079994075,-0.6899263611576664,-0.6753842548411487,0.007271053158258871,10,-268.83385517550005,-347.88027538852583,-189.78743496247426,79.04642021302578,10,1.25
global_whole_skeleton,small_world_k2,20,,,n_inverse_half,quadratic_minus_complete,complete,self_masking_gaussian_preserving,10,0.027705627705627678,0.00011508377162954692,0.05529617163962581,0.02759054393399813,10,-0.0050000000000000044,-0.016310785813991036,0.006310785813991028,0.011310785813991033,10,0.011837755740194767,-0.004991391094400497,0.02866690257479003,0.016829146834595264,10,0.3,-0.1828291119331838,0.7828291119331838,0.4828291119331838,10,-0.6,-1.2032419100795213,0.0032419100795213485,0.6032419100795213,10,0.1,-0.12621571627982048,0.3262157162798205,0.22621571627982048,10,-49.6,-73.1698973686749,-26.030102631325107,23.569897368674894,10,-770.6,-798.8828957917024,-742.3171042082977,28.28289579170232,10,-583.55,-623.9102798359002,-543.1897201640998,40.3602798359002,10,-0.5853174578429489,-0.5954972897139832,-0.5751376259719145,0.01017983187103431,10,-0.07388900239996019,-0.4634350754248082,0.3156570706248879,0.38954607302484806,10,1.0
global_whole_skeleton,small_world_k2,20,,,n_inverse_half,quadratic_minus_complete,complete,self_masking_gaussian_preserving,10,0.018852813852813843,-0.0043614094502459275,0.042067037155873614,0.02321422330305977,10,-0.0050000000000000044,-0.016310785813991036,0.006310785813991028,0.011310785813991033,10,0.007072724023943555,-0.0072603129438474695,0.02140576099173458,0.014333036967791025,10,0.1,-0.30606963804360443,0.5060696380436044,0.4060696380436044,10,-0.4,-0.9001817683877709,0.10018176838777082,0.5001817683877708,10,0.1,-0.12621571627982048,0.3262157162798205,0.22621571627982048,10,-55.8,-87.40694032803883,-24.193059671961162,31.606940328038835,10,-613.1,-635.7151612744253,-590.4848387255747,22.615161274425343,10,-464.85,-496.2398025258149,-433.4601974741851,31.38980252581492,10,-0.5853748749631129,-0.5960987905942386,-0.5746509593319872,0.010723915631125748,10,-0.3323317081000596,-0.6678631421761563,0.003199725976037071,0.33553143407609665,10,1.25
global_whole_skeleton,small_world_k2,50,,,n_inverse_half,quadratic_minus_complete,complete,self_masking_gaussian_preserving,10,0.00588235294117645,-0.0008931414590910526,0.012657847341443953,0.006775494400267502,10,0.0,0.0,0.0,0.0,10,0.0029702970297030063,-0.00045099222191727134,0.0063915862813232836,0.0034212892516202777,10,0.3,-0.045550214413643764,0.6455502144136438,0.34555021441364375,10,-0.3,-0.6455502144136438,0.045550214413643764,0.34555021441364375,10,0.0,0.0,0.0,0.0,10,-59.1,-96.61431468893012,-21.58568531106988,37.51431468893012,10,-1919.0,-1954.5173883358268,-1883.4826116641732,35.5173883358269,10,-1289.3,-1293.389300556992,-1285.2106994430078,4.089300556992183,10,-0.5597792568723439,-0.5634580763363751,-0.5561004374083126,0.0036788194640312672,10,-0.04361088170001075,-1.4606385071050194,1.373416743704998,1.4170276254050087,10,1.0
global_whole_skeleton,small_world_k2,50,,,n_inverse_half,quadratic_minus_complete,complete,self_masking_gaussian_preserving,10,0.00588235294117645,-0.0008931414590910526,0.012657847341443953,0.006775494400267502,10,0.0,0.0,0.0,0.0,10,0.0029702970297030063,-0.00045099222191727134,0.0063915862813232836,0.0034212892516202777,10,0.3,-0.045550214413643764,0.6455502144136438,0.34555021441364375,10,-0.3,-0.6455502144136438,0.045550214413643764,0.34555021441364375,10,0.0,0.0,0.0,0.0,10,-59.1,-96.61431468893012,-21.58568531106988,37.51431468893012,10,-1919.0,-1954.5173883358268,-1883.4826116641732,35.5173883358269,10,-1289.3,-1293.389300556992,-1285.2106994430078,4.089300556992183,10,-0.5597792568723439,-0.5634580763363751,-0.5561004374083126,0.0036788194640312677,10,-0.19229648929999676,-1.3354455497061404,0.9508525711061468,1.1431490604061436,10,1.25
global_whole_skeleton,small_world_k2,75,,,n_inverse_half,quadratic_minus_complete,complete,self_masking_gaussian_preserving,10,0.021870362094046268,0.011596276045171754,0.03214444814292078,0.010274086048874514,10,0.0,0.0,0.0,0.0,10,0.011111765607417123,0.00579520497052434,0.016428326244309906,0.005316560636892783,10,0.6,0.2305912822108201,0.9694087177891799,0.3694087177891799,10,-1.7,-2.5294576263593416,-0.8705423736406582,0.8294576263593417,10,0.0,0.0,0.0,0.0,10,-102.1,-169.25169920620027,-34.94830079379972,67.15169920620028,10,-2898.9,-2955.726190405267,-2842.073809594733,56.826190405266914,10,-1927.15,-1930.9504913590108,-1923.3495086409894,3.800491359010675,10,-0.5509798719407899,-0.5537272549869668,-0.548232488894613,0.0027473830461769554,10,-0.8473143353000058,-3.899290636596678,2.2046619659966664,3.0519763012966723,10,1.0
global_whole_skeleton,small_world_k2,75,,,n_inverse_half,quadratic_minus_complete,complete,self_masking_gaussian_preserving,10,0.020563580323740248,0.010745427468650476,0.03038173317883002,0.009818152855089772,10,-0.0013333333333333196,-0.0043495428837308945,0.0016828762170642553,0.003016209550397575,10,0.0097861385627804,0.004760885900085394,0.014811391225475406,0.0050252526626950065,10,0.3,-0.04555021441364382,0.6455502144136438,0.3455502144136438,10,-1.6,-2.368985567728116,-0.8310144322718842,0.7689855677281159,10,0.1,-0.12621571627982048,0.3262157162798205,0.22621571627982048,10,-104.7,-161.5017708558441,-47.89822914415591,56.80177085584409,10,-3211.7,-3274.934430390141,-3148.4655696098584,63.23443039014155,10,-2132.7,-2136.5010523585497,-2128.89894764145,3.801052358550082,10,-0.550356201339106,-0.5524624575036866,-0.5482499451745254,0.0021062561645806424,10,-1.196457099099916,-3.4260848457823623,1.0331706475825304,2.2296277466824463,10,1.25
global_whole_skeleton,small_world_k2,100,,,n_inverse_half,quadratic_minus_complete,complete,self_masking_gaussian_preserving,10,0.027916941442168865,0.015785779779536407,0.04004810310480132,0.012131161662632457,10,0.0,0.0,0.0,0.0,10,0.014223499464286426,0.00799044702824297,0.020456551900329883,0.006233052436043456,10,0.9,0.6737842837201795,1.1262157162798205,0.22621571627982048,10,-2.9,-4.1818890589189825,-1.6181109410810175,1.2818890589189824,10,0.0,0.0,0.0,0.0,10,-192.0,-316.57210180271375,-67.42789819728627,124.57210180271373,10,-3966.1,-4082.025322325323,-3850.174677674677,115.92532232532308,10,-2562.35,-2565.171657586053,-2559.528342413947,2.8216575860527664,10,-0.5459802916101264,-0.5483544003619506,-0.5436061828583022,0.0023741087518241557,10,-0.804561495400231,-6.825131000512104,5.216008009711643,6.020569505111873,10,1.0
global_whole_skeleton,small_world_k2,100,,,n_inverse_half,quadratic_minus_complete,complete,self_masking_gaussian_preserving,10,0.03170755500475442,0.020218835196680995,0.04319627481282784,0.011488719808073422,10,0.0,0.0,0.0,0.0,10,0.01616986173507622,0.010257227550947953,0.022082495919204484,0.005912634184128266,10,0.9,0.6737842837201795,1.1262157162798205,0.22621571627982048,10,-3.3,-4.518208914130813,-2.0817910858691864,1.2182089141308132,10,0.0,0.0,0.0,0.0,10,-213.2,-296.84803432911195,-129.55196567088802,83.64803432911197,10,-4707.3,-4849.695780757881,-4564.904219242119,142.39578075788074,10,-3047.2,-3050.0772805298125,-3044.322719470187,2.8772805298124577,10,-0.5455489881479564,-0.5481764473337665,-0.5429215289621463,0.002627459185810082,10,-3.1159727562002,-9.07071670742958,2.8387711950291803,5.95474395122938,10,1.25
target_restriction_of_global,er_expected_degree_2,20,,,n_inverse_half,quadratic_minus_complete,complete,self_masking_gaussian_preserving,10,0.030000000000000006,-0.01045108236984639,0.0704510823698464,0.040451082369846396,10,-0.0395,-0.06577818176995179,-0.013221818230048206,0.026278181769951794,10,-0.006717893217893245,-0.040553894091664294,0.027118107655877802,0.03383600087377105,10,0.01000000000000002,-0.07564388794217727,0.09564388794217732,0.0856438879421773,10,-0.06999999999999999,-0.16567852189616103,0.025678521896161044,0.09567852189616104,10,0.12,0.03878607239127911,0.20121392760872087,0.08121392760872088,10,-204.5,-355.20949494756655,-53.79050505243342,150.70949494756658,10,-823.3,-842.0607567266965,-804.5392432733034,18.76075672669656,10,-646.7,-652.5120761473631,-640.887923852637,5.812076147363118,10,-0.6281392681379397,-0.6425849760683617,-0.6136935602075178,0.014445707930421978,10,-0.9842650984298938,-2.1635250393633463,0.1949948425035587,1.1792599409334525,10,1.0
target_restriction_of_global,er_expected_degree_2,20,,,n_inverse_half,quadratic_minus_complete,complete,self_masking_gaussian_preserving,10,0.016666666666666663,-0.018879703776096254,0.05221303710942958,0.03554637044276292,10,-0.04516666666666669,-0.07129052841496189,-0.01904280491837149,0.0261238617482952,10,-0.018975468975469,-0.04938617522666829,0.011435237275730294,0.030410706251199293,10,-0.02999999999999998,-0.11953876001903,0.059538760019030024,0.08953876001903001,10,-0.04,-0.12396772022765679,0.04396772022765679,0.08396772022765679,10,0.15,0.06569438013658593,0.23430561986341406,0.08430561986341406,10,-244.3,-425.2647338511259,-63.33526614887407,180.96473385112594,10,-656.8,-671.2487141777806,-642.3512858222193,14.448714177780616,10,-514.4,-519.9123240990873,-508.8876759009127,5.51232409908729,10,-0.6259541150768935,-0.6392487377168231,-0.6126594924369638,0.01329462263992967,10,-2.2020356547499995,-3.5953765396489743,-0.8086947698510247,1.3933408848989748,10,1.25
target_restriction_of_global,er_expected_degree_2,50,,,n_inverse_half,quadratic_minus_complete,complete,self_masking_gaussian_preserving,10,0.016428571428571438,-0.0004411529649576626,0.03329829582210054,0.0168697243935291,10,-0.019023809523809544,-0.03530735447511898,-0.002740264572500109,0.016283544951309434,10,-0.0006239871239871353,-0.016544693586256064,0.015296719338281792,0.015920706462268928,10,-0.020000000000000007,-0.08573676311362707,0.045736763113627066,0.06573676311362707,10,-0.04,-0.07694087177891798,-0.003059128221082015,0.036940871778917986,10,0.09,0.011274619496864258,0.16872538050313574,0.07872538050313574,10,-893.0,-1336.121244987638,-449.87875501236203,443.12124498763797,10,-2104.2,-2113.1271650401864,-2095.2728349598133,8.927165040186567,10,-1621.9,-1629.6813676108698,-1614.1186323891304,7.7813676108696805,10,-0.6210693578109839,-0.6331129970462833,-0.6090257185756845,0.012043639235299388,10,-6.74161258165004,-10.975801792479508,-2.5074233708205727,4.234189210829467,10,1.0
target_restriction_of_global,er_expected_degree_2,50,,,n_inverse_half,quadratic_minus_complete,complete,self_masking_gaussian_preserving,10,0.016428571428571438,-0.00044115296495766607,0.033298295822100546,0.016869724393529104,10,-0.019023809523809544,-0.03530735447511898,-0.002740264572500109,0.016283544951309434,10,-0.0006239871239871353,-0.016544693586256064,0.015296719338281792,0.015920706462268928,10,-0.020000000000000007,-0.08573676311362707,0.045736763113627066,0.06573676311362707,10,-0.04,-0.07694087177891798,-0.003059128221082015,0.036940871778917986,10,0.09,0.011274619496864258,0.16872538050313574,0.07872538050313574,10,-893.0,-1336.121244987638,-449.87875501236203,443.12124498763797,10,-2104.2,-2113.1271650401864,-2095.2728349598133,8.927165040186567,10,-1621.9,-1629.6813676108698,-1614.1186323891304,7.7813676108696805,10,-0.6210693578109839,-0.6331129970462833,-0.6090257185756845,0.012043639235299388,10,-6.955568246270003,-12.983382348089128,-0.9277541444508781,6.027814101819125,10,1.25
target_restriction_of_global,er_expected_degree_2,75,,,n_inverse_half,quadratic_minus_complete,complete,self_masking_gaussian_preserving,10,0.024761904761904773,-6.284135306769065e-05,0.049586650876877233,0.024824746114972464,10,-0.0019999999999999905,-0.006524314325596379,0.0025243143255963977,0.004524314325596388,10,0.014881562881562903,-0.0013398580697540942,0.0311029838328799,0.016221420951316998,10,0.039999999999999994,-0.020324191007952117,0.1003241910079521,0.06032419100795211,10,-0.06000000000000001,-0.1100181768387771,-0.009981823161222918,0.050018176838777094,10,0.01,-0.012621571627982045,0.03262157162798204,0.022621571627982045,10,-1549.6,-2423.5427615340977,-675.6572384659019,873.942761534098,10,-3145.3,-3154.392821312539,-3136.2071786874612,9.092821312538927,10,-2289.1,-2454.710385393082,-2123.4896146069177,165.610385393082,10,-0.6055159075676146,-0.6214102562355709,-0.5896215588996584,0.015894348667956238,10,-13.158948996310011,-19.232729334406798,-7.085168658213226,6.073780338096785,10,1.0
target_restriction_of_global,er_expected_degree_2,75,,,n_inverse_half,quadratic_minus_complete,complete,self_masking_gaussian_preserving,10,0.015595238095238106,-0.002279445069435497,0.03346992125991171,0.017874683164673603,10,-0.0019999999999999905,-0.006524314325596379,0.0025243143255963977,0.004524314325596388,10,0.008210567210567222,-0.003394029089213945,0.01981516351034839,0.011604596299781167,10,0.019999999999999983,-0.036428113721516574,0.07642811372151653,0.05642811372151656,10,-0.05,-0.11079364704546298,0.01079364704546297,0.06079364704546297,10,0.01,-0.012621571627982045,0.03262157162798204,0.022621571627982045,10,-1500.7,-2340.2114884945686,-661.1885115054313,839.5114884945688,10,-3480.9,-3491.8763197492353,-3469.923680250765,10.976319749235035,10,-2536.15,-2720.506020476456,-2351.7939795235443,184.35602047645594,10,-0.6064794300931056,-0.6223173291604934,-0.5906415310257177,0.01583789906738787,10,-9.877343970199941,-17.05475548350068,-2.6999324568992025,7.177411513300739,10,1.25
target_restriction_of_global,er_expected_degree_2,100,,,n_inverse_half,quadratic_minus_complete,complete,self_masking_gaussian_preserving,10,0.02583333333333334,0.0050968926743498,0.046569773992316876,0.02073644065898354,10,-0.00785714285714285,-0.015550015939161391,-0.00016426977512430923,0.0076928730820185415,10,0.012366300366300398,-0.0025515747725999988,0.027284175505200795,0.014917875138900397,10,0.019999999999999997,-0.04573676311362707,0.08573676311362707,0.06573676311362707,10,-0.06000000000000001,-0.1100181768387771,-0.009981823161222918,0.050018176838777094,10,0.05,-0.000583371918048449,0.10058337191804845,0.05058337191804845,10,-1756.1,-2684.845816726137,-827.3541832738629,928.745816726137,10,-4185.7,-4199.879593756425,-4171.520406243575,14.179593756424671,10,-2980.0,-3223.148164891985,-2736.851835108015,243.14816489198503,10,-0.5943187010900055,-0.6101971133931275,-0.5784402887868835,0.01587841230312202,10,-16.661943658960062,-29.676621532929236,-3.647265784990889,13.014677873969173,10,1.0
target_restriction_of_global,er_expected_degree_2,100,,,n_inverse_half,quadratic_minus_complete,complete,self_masking_gaussian_preserving,10,0.03416666666666668,-0.0012071070191973995,0.06954044035253076,0.03537377368586408,10,-0.002678571428571419,-0.006729343266778128,0.0013722004096352897,0.004050771838206709,10,0.020659340659340674,-0.003278360106279965,0.04459704142496131,0.02393770076562064,10,0.06,-0.036565822386636734,0.15656582238663674,0.09656582238663673,10,-0.08,-0.16121392760872089,0.001213927608720869,0.08121392760872087,10,0.02,-0.010162095503976062,0.05016209550397606,0.030162095503976062,10,-1757.2,-2819.790483531519,-694.6095164684812,1062.5904835315189,10,-4977.3,-4992.313219016457,-4962.286780983543,15.013219016456665,10,-3545.4,-3836.987914574554,-3253.812085425446,291.5879145745541,10,-0.5947444431283889,-0.6106026175770451,-0.5788862686797327,0.015858174448656233,10,-16.14150223664014,-36.01241678691464,3.7294123136343664,19.870914550274506,10,1.25
target_restriction_of_global,er_expected_degree_2,150,,,n_inverse_half,quadratic_minus_complete,complete,self_masking_gaussian_preserving,10,0.06000000000000004,0.03351855044246936,0.08648144955753072,0.02648144955753068,10,-0.0028571428571428693,-0.009320449036566338,0.0036061633222806,0.006463306179423469,10,0.03737529137529141,0.01718438676537255,0.05756619598521026,0.020190904609918858,10,0.12999999999999998,0.0711066258413513,0.18889337415864865,0.05889337415864867,10,-0.13,-0.18889337415864865,-0.07110662584135136,0.05889337415864865,10,0.019999999999999997,-0.025243143255964093,0.06524314325596409,0.04524314325596409,10,-3029.2,-4534.461232229722,-1523.9387677702778,1505.261232229722,10,-6284.6,-6289.139370321705,-6280.060629678295,4.539370321704933,10,-4364.7,-4730.983545507407,-3998.4164544925925,366.28354550740755,10,-0.5884657455339013,-0.5973504789728853,-0.5795810120949173,0.008884733438983973,10,-27.523741388719873,-53.66311312217587,-1.3843696552638782,26.139371733455995,10,1.0
target_restriction_of_global,er_expected_degree_2,150,,,n_inverse_half,quadratic_minus_complete,complete,self_masking_gaussian_preserving,10,0.03666666666666666,0.009391920180010394,0.06394141315332293,0.027274746486656266,10,-0.0014285714285714236,-0.004660224518283133,0.001803081661140286,0.0032316530897117095,10,0.024102564102564162,0.004896710750013859,0.04330841745511446,0.019205853352550303,10,0.06999999999999998,0.011106625841351338,0.12889337415864863,0.05889337415864864,10,-0.07999999999999999,-0.14573676311362707,-0.014263236886372904,0.06573676311362708,10,0.01,-0.012621571627982045,0.03262157162798204,0.022621571627982045,10,-2833.2,-4126.71531232616,-1539.6846876738398,1293.51531232616,10,-8258.0,-8264.353758354733,-8251.646241645267,6.353758354733789,10,-5636.4,-6119.3101497653915,-5153.489850234608,482.9101497653921,10,-0.5897941915095002,-0.5994273991490763,-0.5801609838699241,0.009633207639576135,10,-38.589041546139754,-69.37733719412668,-7.8007458981528295,30.788295647986924,10,1.25
target_restriction_of_global,random_regular_d2,20,,,n_inverse_half,quadratic_minus_complete,complete,self_masking_gaussian_preserving,10,0.0033333333333333435,-0.004207190542660695,0.010873857209327382,0.007540523875994038,10,-0.0050000000000000044,-0.016310785813991036,0.006310785813991028,0.011310785813991033,10,-0.001333333333333353,-0.004349542883731003,0.0016828762170642973,0.0030162095503976504,10,0.0,0.0,0.0,0.0,10,-0.01,-0.03262157162798204,0.012621571627982045,0.022621571627982045,10,0.01,-0.012621571627982045,0.03262157162798204,0.022621571627982045,10,-18.6,-46.248541845128926,9.04854184512892,27.64854184512892,10,-734.3,-761.3073944709943,-707.2926055290056,27.00739447099433,10,-562.65,-598.0908833609499,-527.2091166390501,35.440883360949925,10,-0.5787550024324929,-0.5847979076335423,-0.5727120972314435,0.006042905201049491,10,0.09975133529990673,-0.23479155263487175,0.43429422323468525,0.3345428879347785,10,1.0
target_restriction_of_global,random_regular_d2,20,,,n_inverse_half,quadratic_minus_complete,complete,self_masking_gaussian_preserving,10,0.0033333333333333214,-0.01426122237731939,0.02092788904398603,0.01759455571065271,10,-0.0050000000000000044,-0.016310785813991036,0.006310785813991028,0.011310785813991033,10,-0.001333333333333331,-0.014595512176579832,0.011928845509913171,0.013262178843246502,10,0.0,-0.05840864678680844,0.05840864678680844,0.05840864678680844,10,-0.01,-0.06278366713195811,0.04278366713195811,0.05278366713195811,10,0.01,-0.012621571627982045,0.03262157162798204,0.022621571627982045,10,-17.2,-47.134645167647776,12.73464516764778,29.93464516764778,10,-583.3,-602.4744417141108,-564.1255582858892,19.174441714110856,10,-446.8,-475.3377698690162,-418.2622301309838,28.537769869016163,10,-0.578129477268091,-0.5854941362192829,-0.5707648183168992,0.007364658951191863,10,-0.06663045866001771,-0.5658751681908489,0.43261425087081345,0.49924470953083117,10,1.25
target_restriction_of_global,random_regular_d2,50,,,n_inverse_half,quadratic_minus_complete,complete,self_masking_gaussian_preserving,10,0.010000000000000009,-0.006094303731106122,0.02609430373110614,0.01609430373110613,10,0.0,0.0,0.0,0.0,10,0.005999999999999994,-0.00365658223866368,0.015656582238663667,0.009656582238663674,10,0.029999999999999992,-0.018282911193318367,0.07828291119331834,0.04828291119331836,10,-0.030000000000000006,-0.07828291119331837,0.018282911193318367,0.04828291119331837,10,0.0,0.0,0.0,0.0,10,-38.2,-78.24266681115233,1.842666811152334,40.04266681115234,10,-1839.7,-1915.5803408453316,-1763.8196591546684,75.88034084533162,10,-1285.65,-1288.5215934661007,-1282.7784065338994,2.8715934661005384,10,-0.5534751948510227,-0.5564011476311164,-0.550549242070929,0.0029259527800936636,10,-0.39632272151995285,-1.8636700582744217,1.0710246152345158,1.4673473367544687,10,1.0
target_restriction_of_global,random_regular_d2,50,,,n_inverse_half,quadratic_minus_complete,complete,self_masking_gaussian_preserving,10,0.010000000000000009,-0.006094303731106122,0.02609430373110614,0.01609430373110613,10,0.0,0.0,0.0,0.0,10,0.005999999999999994,-0.00365658223866368,0.015656582238663667,0.009656582238663674,10,0.029999999999999992,-0.018282911193318367,0.07828291119331834,0.04828291119331836,10,-0.030000000000000006,-0.07828291119331837,0.018282911193318367,0.04828291119331837,10,0.0,0.0,0.0,0.0,10,-38.2,-78.24266681115233,1.842666811152327,40.04266681115233,10,-1839.7,-1915.5803408453316,-1763.8196591546684,75.88034084533162,10,-1285.65,-1288.5215934661007,-1282.7784065338994,2.8715934661005384,10,-0.5534751948510227,-0.5564011476311164,-0.550549242070929,0.002925952780093663,10,-0.6394650303400249,-2.1584460402456624,0.8795159795656127,1.5189810099056376,10,1.25
target_restriction_of_global,random_regular_d2,75,,,n_inverse_half,quadratic_minus_complete,complete,self_masking_gaussian_preserving,10,0.006666666666666687,-0.0033873651679920316,0.016720698501325404,0.010054031834658719,10,0.0,0.0,0.0,0.0,10,0.003999999999999981,-0.0020324191007952026,0.010032419100795165,0.006032419100795184,10,0.019999999999999997,-0.010162095503976058,0.05016209550397605,0.030162095503976055,10,-0.02,-0.05016209550397606,0.010162095503976062,0.030162095503976062,10,0.0,0.0,0.0,0.0,10,-89.1,-171.6254790013964,-6.574520998603603,82.52547900139639,10,-2694.9,-2813.393016784385,-2576.406983215615,118.49301678438492,10,-1922.2,-1925.2870134846444,-1919.1129865153557,3.0870134846442507,10,-0.5425265371845406,-0.5442688214075515,-0.5407842529615297,0.0017422842230108704,10,-1.6653300643899986,-5.052888888136842,1.7222287593568448,3.3875588237468435,10,1.0
target_restriction_of_global,random_regular_d2,75,,,n_inverse_half,quadratic_minus_complete,complete,self_masking_gaussian_preserving,10,0.0033333333333333435,-0.004207190542660695,0.010873857209327382,0.007540523875994038,10,0.0,0.0,0.0,0.0,10,0.0019999999999999905,-0.0025243143255963977,0.006524314325596379,0.004524314325596388,10,0.009999999999999998,-0.012621571627982043,0.03262157162798204,0.02262157162798204,10,-0.01,-0.03262157162798204,0.012621571627982045,0.022621571627982045,10,0.0,0.0,0.0,0.0,10,-112.5,-194.73268866049963,-30.267311339500367,82.23268866049963,10,-3009.9,-3136.720067163364,-2883.079932836636,126.8200671633642,10,-2127.1,-2130.7546267423922,-2123.4453732576076,3.6546267423924395,10,-0.5412533355212459,-0.542973405116643,-0.5395332659258487,0.0017200695953971557,10,-0.021575071140073197,-2.5407377018916044,2.497587559611458,2.519162630751531,10,1.25
target_restriction_of_global,random_regular_d2,100,,,n_inverse_half,quadratic_minus_complete,complete,self_masking_gaussian_preserving,10,0.006666666666666687,-0.00841438108532139,0.021747714418654765,0.015081047751988076,10,0.0,0.0,0.0,0.0,10,0.003999999999999981,-0.005048628651192795,0.013048628651192757,0.009048628651192776,10,0.019999999999999997,-0.025243143255964086,0.06524314325596409,0.04524314325596408,10,-0.02,-0.06524314325596409,0.02524314325596409,0.04524314325596409,10,0.0,0.0,0.0,0.0,10,-95.5,-146.4063553648918,-44.59364463510819,50.90635536489181,10,-3631.7,-3793.035160536907,-3470.3648394630927,161.33516053690715,10,-2561.55,-2564.6610944123777,-2558.4389055876227,3.111094412377594,10,-0.5391113860211177,-0.5399245303147633,-0.5382982417274722,0.0008131442936455246,10,-0.26857436361011366,-6.242195956855847,5.705047229635619,5.973621593245733,10,1.0
target_restriction_of_global,random_regular_d2,100,,,n_inverse_half,quadratic_minus_complete,complete,self_masking_gaussian_preserving,10,0.01666666666666672,0.004099126873343318,0.02923420645999012,0.0125675397933234,10,0.0,0.0,0.0,0.0,10,0.009999999999999953,0.0024594761240059725,0.017540523875993932,0.007540523875993981,10,0.04999999999999999,0.012297380620029913,0.08770261937997006,0.037702619379970076,10,-0.05,-0.08770261937997009,-0.01229738062002992,0.03770261937997008,10,0.0,0.0,0.0,0.0,10,-73.8,-149.03750175610168,1.4375017561016676,75.23750175610166,10,-4323.9,-4514.531975011818,-4133.268024988181,190.63197501181776,10,-3045.7,-3048.9703626727055,-3042.429637327294,3.2703626727056396,10,-0.5384971065018843,-0.5394190554981325,-0.5375751575056361,0.0009219489962481841,10,-2.357165223690085,-7.713131632611795,2.9988011852316254,5.35596640892171,10,1.25
target_restriction_of_global,random_regular_d2,150,,,n_inverse_half,quadratic_minus_complete,complete,self_masking_gaussian_preserving,10,0.016666666666666698,-0.00019445730601613115,0.033527790639349526,0.01686112397268283,10,0.0,0.0,0.0,0.0,10,0.009999999999999976,-0.00011667438360970367,0.020116674383609656,0.01011667438360968,10,0.04999999999999999,-0.000583371918048442,0.10058337191804842,0.05058337191804843,10,-0.05,-0.10058337191804845,0.000583371918048449,0.05058337191804845,10,0.0,0.0,0.0,0.0,10,-291.6,-453.0409080236926,-130.15909197630745,161.44090802369257,10,-5641.8,-5794.484269354179,-5489.115730645822,152.68426935417807,10,-3834.7,-3838.317094279204,-3831.0829057207957,3.617094279204329,10,-0.5332331867951466,-0.5342623409391614,-0.5322040326511319,0.0010291541440146659,10,-0.052777699840004286,-9.469537731978296,9.363982332298288,9.416760032138292,10,1.0
target_restriction_of_global,random_regular_d2,150,,,n_inverse_half,quadratic_minus_complete,complete,self_masking_gaussian_preserving,10,0.016666666666666698,-0.00019445730601612768,0.03352779063934952,0.016861123972682825,10,0.0,0.0,0.0,0.0,10,0.009999999999999976,-0.00011667438360970367,0.020116674383609656,0.01011667438360968,10,0.04999999999999999,-0.000583371918048442,0.10058337191804842,0.05058337191804843,10,-0.05,-0.10058337191804845,0.000583371918048449,0.05058337191804845,10,0.0,0.0,0.0,0.0,10,-226.5,-341.60962265751175,-111.39037734248825,115.10962265751175,10,-7234.2,-7531.455982458522,-6936.9440175414775,297.25598245852274,10,-5045.7,-5050.361117363247,-5041.0388826367525,4.661117363247457,10,-0.5319538245947689,-0.532784145564686,-0.5311235036248518,0.000830320969917104,10,-1.6678434573400487,-11.686507720364588,8.350820805684492,10.01866426302454,10,1.25
target_restriction_of_global,scale_free_m2,20,,,n_inverse_half,quadratic_minus_complete,complete,self_masking_gaussian_preserving,10,-0.025880952380952383,-0.06995299965250404,0.01819109489059927,0.04407204727155165,10,-0.17272494172494174,-0.24143450829097068,-0.1040153751589128,0.06870956656602893,10,-0.1283449834479246,-0.1868425453511386,-0.06984742154471063,0.05849756190321397,10,-0.16999999999999998,-0.27144737334560654,-0.06855262665439343,0.10144737334560655,10,-0.15000000000000002,-0.24685978295212058,-0.053140217047879454,0.09685978295212057,10,0.62,0.40197582181962394,0.8380241781803761,0.21802417818037606,10,-1051.8,-1315.336250038745,-788.2637499612549,263.5362500387451,10,-837.6,-846.8855665574038,-828.3144334425963,9.285566557403724,10,-656.3,-661.546492552845,-651.0535074471549,5.246492552845127,10,-0.6546820210343299,-0.6656130590928655,-0.6437509829757944,0.010931038058535578,10,-7.4753490104299924,-9.913090110787449,-5.037607910072536,2.4377411003574565,10,1.0
target_restriction_of_global,scale_free_m2,20,,,n_inverse_half,quadratic_minus_complete,complete,self_masking_gaussian_preserving,10,-0.039476190476190484,-0.12422115001768934,0.04526876906530837,0.08474495954149885,10,-0.17604662004662003,-0.26665307037726454,-0.08544016971597553,0.0906064503306445,10,-0.13761783804430866,-0.22221159439725305,-0.05302408169136427,0.08459375635294439,10,-0.16999999999999998,-0.2820979463313236,-0.05790205366867636,0.11209794633132363,10,-0.14,-0.3428947466912131,0.06289474669121309,0.2028947466912131,10,0.64,0.37404282599712013,0.9059571740028799,0.2659571740028799,10,-1081.9,-1499.6962584005987,-664.1037415994015,417.79625840059856,10,-663.6,-673.0674873282958,-654.1325126717043,9.46748732829575,10,-520.6,-524.9211873260188,-516.2788126739813,4.321187326018709,10,-0.6480111167148216,-0.6566662232762287,-0.6393560101534145,0.008655106561407113,10,-7.502206249269965,-10.265842015596002,-4.738570482943928,2.7636357663260367,10,1.25
target_restriction_of_global,scale_free_m2,50,,,n_inverse_half,quadratic_minus_complete,complete,self_masking_gaussian_preserving,10,0.01869444444444447,-0.025160692508992954,0.06254958139788189,0.04385513695343742,10,-0.14272989458941474,-0.18670652221321618,-0.09875326696561329,0.04397662762380144,10,-0.09849488823453158,-0.1355870879032115,-0.06140268856585165,0.03709219966867993,10,-0.13999999999999999,-0.24228464234525232,-0.03771535765474765,0.10228464234525234,10,-0.20999999999999996,-0.31901208909018797,-0.10098791090981198,0.10901208909018799,10,0.74,0.5132821394479694,0.9667178605520306,0.22671786055203058,10,-10019.4,-11985.425483787441,-8053.374516212557,1966.0254837874425,10,-2110.3,-2116.180158343726,-2104.4198416562745,5.880158343725909,10,-1643.7,-1647.0730677453796,-1640.3269322546205,3.3730677453795095,10,-0.662013135496762,-0.6686617913209555,-0.6553644796725685,0.006648655824193528,10,-78.45868675524001,-96.6730106659144,-60.244362844565615,18.2143239106744,10,1.0
target_restriction_of_global,scale_free_m2,50,,,n_inverse_half,quadratic_minus_complete,complete,self_masking_gaussian_preserving,10,0.01869444444444447,-0.025160692508992954,0.06254958139788189,0.04385513695343742,10,-0.14272989458941474,-0.18670652221321618,-0.09875326696561329,0.04397662762380144,10,-0.09849488823453158,-0.1355870879032115,-0.06140268856585165,0.03709219966867993,10,-0.14,-0.24228464234525238,-0.03771535765474765,0.10228464234525236,10,-0.21000000000000005,-0.319012089090188,-0.10098791090981206,0.10901208909018799,10,0.74,0.5132821394479694,0.9667178605520306,0.22671786055203058,10,-10019.4,-11985.425483787441,-8053.374516212557,1966.0254837874425,10,-2110.3,-2116.180158343726,-2104.4198416562745,5.880158343725909,10,-1643.7,-1647.0730677453796,-1640.3269322546205,3.3730677453795095,10,-0.662013135496762,-0.6686617913209555,-0.6553644796725685,0.006648655824193528,10,-78.4630753273199,-97.71218518824875,-59.21396546639104,19.24910986092886,10,1.25
target_restriction_of_global,scale_free_m2,75,,,n_inverse_half,quadratic_minus_complete,complete,self_masking_gaussian_preserving,10,0.027083099906629292,-0.02110958449951151,0.0752757843127701,0.0481926844061408,10,-0.12865440115440113,-0.18838802020915896,-0.06892078209964331,0.05973361905475782,10,-0.08260329569282762,-0.13370727210281227,-0.03149931928284296,0.05110397640998466,10,-0.13999999999999999,-0.24228464234525232,-0.03771535765474765,0.10228464234525234,10,-0.35,-0.5385130968998504,-0.16148690310014957,0.1885130968998504,10,0.7500000000000002,0.48180740519095017,1.0181925948090502,0.26819259480905006,10,-30721.0,-38054.356032138196,-23387.643967861804,7333.356032138196,10,-3177.8,-3186.6632435173724,-3168.936756482628,8.863243517372211,10,-2481.7,-2495.6042434908595,-2467.79575650914,13.904243490859695,10,-0.6803109034337129,-0.6871555968180308,-0.673466210049395,0.006844693384317927,10,-250.1836469531799,-321.8838275702676,-178.48346633609216,71.70018061708774,10,1.0
target_restriction_of_global,scale_free_m2,75,,,n_inverse_half,quadratic_minus_complete,complete,self_masking_gaussian_preserving,10,0.02456731014083955,-0.02663430015402845,0.07576892043570754,0.051201610294868,10,-0.11799783549783549,-0.170189260707735,-0.06580641028793599,0.0521914252098995,10,-0.07654453669663855,-0.1253295419499313,-0.027759531443345815,0.04878500525329273,10,-0.13999999999999999,-0.23048628651192815,-0.049513713488071806,0.09048628651192818,10,-0.33,-0.47326995364388635,-0.1867300463561137,0.1432699536438863,10,0.7100000000000001,0.4657754806733503,0.9542245193266499,0.2442245193266498,10,-33355.5,-41058.031903301104,-25652.968096698896,7702.531903301103,10,-3517.6,-3527.043433713901,-3508.156566286099,9.443433713901165,10,-2777.6,-2857.043060375411,-2698.1569396245886,79.44306037541106,10,-0.6826553079994075,-0.6899263611576664,-0.6753842548411487,0.007271053158258871,10,-268.83385751273005,-347.88027840618236,-189.78743661927777,79.04642089345228,10,1.25
target_restriction_of_global,small_world_k2,20,,,n_inverse_half,quadratic_minus_complete,complete,self_masking_gaussian_preserving,10,0.020000000000000007,-0.005632852257603852,0.04563285225760387,0.02563285225760386,10,-0.0033333333333333435,-0.010873857209327382,0.0042071905426606954,0.007540523875994039,10,0.009999999999999998,-0.006861123972682799,0.026861123972682796,0.016861123972682798,10,0.05,-0.03430561986341406,0.13430561986341405,0.08430561986341406,10,-0.06,-0.13689855677281157,0.016898556772811574,0.07689855677281157,10,0.01,-0.012621571627982045,0.03262157162798204,0.022621571627982045,10,-49.6,-73.1698973686749,-26.030102631325107,23.569897368674894,10,-770.6,-798.8828957917024,-742.3171042082977,28.28289579170232,10,-583.55,-623.9102798359002,-543.1897201640998,40.3602798359002,10,-0.5853174578429489,-0.5954972897139832,-0.5751376259719145,0.010179831871034294,10,-0.07388846964998272,-0.46343511914131685,0.31565817984135147,0.38954664949133416,10,1.0
target_restriction_of_global,small_world_k2,20,,,n_inverse_half,quadratic_minus_complete,complete,self_masking_gaussian_preserving,10,0.015000000000000003,-0.009141455596659184,0.039141455596659186,0.024141455596659186,10,-0.0033333333333333435,-0.010873857209327382,0.004207190542660695,0.007540523875994038,10,0.007333333333333347,-0.008792343339303354,0.02345901000597005,0.016125676672636702,10,0.030000000000000006,-0.045781327071832266,0.10578132707183227,0.07578132707183227,10,-0.04,-0.10911004288272877,0.029110042882728775,0.06911004288272878,10,0.01,-0.012621571627982045,0.03262157162798204,0.022621571627982045,10,-55.8,-87.40694032803883,-24.193059671961162,31.606940328038835,10,-613.1,-635.7151612744253,-590.4848387255747,22.615161274425343,10,-464.85,-496.2398025258149,-433.4601974741851,31.38980252581492,10,-0.5853748749631129,-0.5960987905942386,-0.5746509593319872,0.01072391563112575,10,-0.33233097920002364,-0.667861751976834,0.003199793576786625,0.33553077277681026,10,1.25
target_restriction_of_global,small_world_k2,50,,,n_inverse_half,quadratic_minus_complete,complete,self_masking_gaussian_preserving,10,0.0033333333333333435,-0.0042071905426606954,0.010873857209327382,0.007540523875994039,10,0.0,0.0,0.0,0.0,10,0.0019999999999999905,-0.0025243143255963977,0.006524314325596379,0.004524314325596388,10,0.009999999999999998,-0.012621571627982043,0.03262157162798204,0.02262157162798204,10,-0.01,-0.03262157162798204,0.012621571627982045,0.022621571627982045,10,0.0,0.0,0.0,0.0,10,-59.1,-96.61431468893012,-21.58568531106988,37.51431468893012,10,-1919.0,-1954.5173883358268,-1883.4826116641732,35.5173883358269,10,-1289.3,-1293.389300556992,-1285.2106994430078,4.089300556992183,10,-0.5597792568723439,-0.5634580763363751,-0.5561004374083126,0.003678819464031269,10,-0.04361249374001348,-1.460641895979421,1.373416908499394,1.4170294022394074,10,1.0
target_restriction_of_global,small_world_k2,50,,,n_inverse_half,quadratic_minus_complete,complete,self_masking_gaussian_preserving,10,0.0033333333333333435,-0.004207190542660695,0.010873857209327382,0.007540523875994038,10,0.0,0.0,0.0,0.0,10,0.0019999999999999905,-0.0025243143255963977,0.006524314325596379,0.004524314325596388,10,0.009999999999999998,-0.012621571627982043,0.03262157162798204,0.02262157162798204,10,-0.01,-0.03262157162798204,0.012621571627982045,0.022621571627982045,10,0.0,0.0,0.0,0.0,10,-59.1,-96.61431468893012,-21.58568531106988,37.51431468893012,10,-1919.0,-1954.5173883358268,-1883.4826116641732,35.5173883358269,10,-1289.3,-1293.389300556992,-1285.2106994430078,4.089300556992183,10,-0.5597792568723439,-0.5634580763363751,-0.5561004374083126,0.003678819464031269,10,-0.19229593557999802,-1.3354466221094707,0.9508547509494747,1.1431506865294727,10,1.25
target_restriction_of_global,small_world_k2,75,,,n_inverse_half,quadratic_minus_complete,complete,self_masking_gaussian_preserving,10,0.008333333333333349,-0.004544562817808925,0.021211229484475624,0.012877896151142274,10,0.0,0.0,0.0,0.0,10,0.005333333333333334,-0.003018172742298061,0.013684839408964729,0.008351506075631395,10,0.019999999999999997,-0.010162095503976058,0.05016209550397605,0.030162095503976055,10,-0.02,-0.05016209550397606,0.010162095503976062,0.030162095503976062,10,0.0,0.0,0.0,0.0,10,-102.1,-169.25169920620027,-34.94830079379972,67.15169920620028,10,-2898.9,-2955.726190405267,-2842.073809594733,56.826190405266914,10,-1927.15,-1930.9504913590108,-1923.3495086409894,3.800491359010675,10,-0.5509798719407899,-0.5537272549869668,-0.548232488894613,0.0027473830461769554,10,-0.8473124076900322,-3.899291202835766,2.204666387455701,3.0519787951457333,10,1.0
target_restriction_of_global,small_world_k2,75,,,n_inverse_half,quadratic_minus_complete,complete,self_masking_gaussian_preserving,10,0.015833333333333355,0.00032629288534886426,0.03134037378131785,0.015507040447984491,10,0.0,0.0,0.0,0.0,10,0.010095238095238102,-4.155277776947408e-05,0.020232028968245677,0.010136790873007576,10,0.039999999999999994,0.003059128221082008,0.07694087177891798,0.036940871778917986,10,-0.04,-0.07694087177891798,-0.003059128221082015,0.036940871778917986,10,0.0,0.0,0.0,0.0,10,-104.7,-161.5017708558441,-47.89822914415591,56.80177085584409,10,-3211.7,-3274.934430390141,-3148.4655696098584,63.23443039014155,10,-2132.7,-2136.5010523585497,-2128.89894764145,3.801052358550082,10,-0.550356201339106,-0.5524624575036866,-0.5482499451745254,0.0021062561645806433,10,-1.1964573094200246,-3.4260869127666025,1.033172293926553,2.2296296033465777,10,1.25
target_restriction_of_global,small_world_k2,100,,,n_inverse_half,quadratic_minus_complete,complete,self_masking_gaussian_preserving,10,0.011666666666666681,-0.00615089611498504,0.029484229448318404,0.01781756278165172,10,0.0,0.0,0.0,0.0,10,0.007333333333333347,-0.003783080088799454,0.018449746755466147,0.011116413422132801,10,0.029999999999999992,-0.018282911193318367,0.07828291119331834,0.04828291119331836,10,-0.030000000000000006,-0.07828291119331837,0.018282911193318367,0.04828291119331837,10,0.0,0.0,0.0,0.0,10,-192.0,-316.57210180271375,-67.42789819728627,124.57210180271373,10,-3966.1,-4082.025322325323,-3850.174677674677,115.92532232532308,10,-2562.35,-2565.171657586053,-2559.528342413947,2.8216575860527664,10,-0.5459802916101264,-0.5483544003619505,-0.5436061828583023,0.0023741087518241444,10,-0.8045657820001189,-6.825134394501235,5.2160028305009964,6.0205686125011155,10,1.0
target_restriction_of_global,small_world_k2,100,,,n_inverse_half,quadratic_minus_complete,complete,self_masking_gaussian_preserving,10,0.015000000000000024,-0.004831243293786383,0.03483124329378643,0.019831243293786407,10,0.0,0.0,0.0,0.0,10,0.009333333333333315,-0.003224148403322134,0.021890815069988766,0.012557481736655449,10,0.039999999999999994,-0.010018176838777072,0.09001817683877705,0.050018176838777066,10,-0.04,-0.09001817683877708,0.010018176838777072,0.05001817683877707,10,0.0,0.0,0.0,0.0,10,-213.2,-296.84803432911195,-129.55196567088802,83.64803432911197,10,-4707.3,-4849.695780757881,-4564.904219242119,142.39578075788074,10,-3047.2,-3050.0772805298125,-3044.322719470187,2.8772805298124577,10,-0.5455489881479563,-0.5481764473337664,-0.5429215289621462,0.0026274591858100904,10,-3.1159742617302206,-9.070722831422609,2.8387743079621672,5.954748569692388,10,1.25
global_whole_skeleton,er_expected_degree_2,20,,,n_inverse_half,logistic_minus_complete,complete,self_masking_logistic_population,10,0.02324068761139698,-0.006033764619111464,0.05251513984190542,0.029274452230508445,10,-0.0355671528128622,-0.06671331397164115,-0.004420991654083238,0.03114616115877896,10,-0.00827948242928601,-0.032451139474201016,0.015892174615628994,0.024171657044915005,10,0.1,-0.3060696380436043,0.5060696380436043,0.4060696380436043,10,-0.5,-1.1079364704546295,0.10793647045462962,0.6079364704546296,10,0.9,0.04356112057822714,1.756438879421773,0.8564388794217729,10,-197.8,-341.1250285693724,-54.474971430627676,143.32502856937234,10,-823.9,-847.1645631301831,-800.6354368698169,23.26456313018304,10,-645.7,-666.1570674422773,-625.2429325577228,20.45706744227725,10,-0.6316019810552224,-0.6468596744886125,-0.6163442876218322,0.015257693433390087,10,-1.0596025843999315,-2.3293299908046587,0.21012482200479576,1.2697274064047273,10,1.0
global_whole_skeleton,er_expected_degree_2,20,,,n_inverse_half,logistic_minus_complete,complete,self_masking_logistic_population,10,0.011135709256418625,-0.015185608951298895,0.03745702746413614,0.02632131820771752,10,-0.055617278126145406,-0.08842427226784234,-0.022810283984448468,0.03280699414169694,10,-0.025458055383977617,-0.05073718495530502,-0.0001789258126502144,0.025279129571327403,10,-0.1,-0.5060696380436043,0.3060696380436043,0.4060696380436043,10,-0.3,-0.7828291119331838,0.1828291119331838,0.4828291119331838,10,1.3,0.4705423736406583,2.1294576263593417,0.8294576263593417,10,-250.2,-419.4839381061147,-80.91606189388528,169.2839381061147,10,-655.5,-673.4656047377109,-637.5343952622891,17.965604737710887,10,-509.7,-531.1290226228397,-488.2709773771603,21.42902262283971,10,-0.626740947501511,-0.6408495981847021,-0.6126322968183199,0.01410865068319116,10,-1.6927335098000185,-2.695393005866878,-0.6900740137331589,1.0026594960668596,10,1.25
global_whole_skeleton,er_expected_degree_2,50,,,n_inverse_half,logistic_minus_complete,complete,self_masking_logistic_population,10,0.02210198409526807,0.005048404537173128,0.03915556365336301,0.01705357955809494,10,-0.03376322278892217,-0.0597075518009689,-0.00781889377687545,0.025944329012046723,10,-0.006891251194363235,-0.027031362593824534,0.013248860205098065,0.0201401113994613,10,0.1,-0.12621571627982048,0.3262157162798205,0.22621571627982048,10,-1.2,-2.079368639657071,-0.32063136034292905,0.8793686396570709,10,2.0,0.3479539910847158,3.652046008915284,1.6520460089152842,10,-916.5,-1384.8736480999758,-448.1263519000242,468.3736480999758,10,-2124.2,-2140.9284104683243,-2107.4715895316754,16.728410468324338,10,-1620.05,-1640.275232723545,-1599.8247672764548,20.225232723545215,10,-0.6232242684132514,-0.6367528288591914,-0.6096957079673114,0.013528560445939967,10,-5.689989007799998,-10.669747254203678,-0.7102307613963168,4.979758246403681,10,1.0
global_whole_skeleton,er_expected_degree_2,50,,,n_inverse_half,logistic_minus_complete,complete,self_masking_logistic_population,10,0.02210198409526807,0.005048404537173128,0.03915556365336301,0.01705357955809494,10,-0.03376322278892217,-0.05970755180096891,-0.00781889377687544,0.025944329012046734,10,-0.006891251194363235,-0.027031362593824534,0.013248860205098065,0.0201401113994613,10,0.1,-0.12621571627982048,0.3262157162798205,0.22621571627982048,10,-1.2,-2.0793686396570705,-0.3206313603429293,0.8793686396570707,10,2.0,0.3479539910847158,3.652046008915284,1.6520460089152842,10,-916.5,-1384.8736480999758,-448.1263519000242,468.3736480999758,10,-2124.2,-2140.9284104683243,-2107.4715895316754,16.728410468324338,10,-1620.05,-1640.275232723545,-1599.8247672764548,20.225232723545215,10,-0.6232242684132514,-0.6367528288591914,-0.6096957079673114,0.013528560445939967,10,-7.360836185299968,-12.04265895996399,-2.679013410635945,4.681822774664023,10,1.25
global_whole_skeleton,er_expected_degree_2,75,,,n_inverse_half,logistic_minus_complete,complete,self_masking_logistic_population,10,0.029657206468794196,0.015482163006057491,0.0438322499315309,0.014175043462736705,10,-0.013405598895353943,-0.02446568459153834,-0.002345513199169546,0.011060085696184397,10,0.00820321928987051,-0.00130162568229133,0.01770806426203235,0.00950484497216184,10,0.2,-0.10162095503976065,0.5016209550397607,0.30162095503976066,10,-2.4,-3.5285622744303313,-1.2714377255696685,1.1285622744303314,10,1.1,0.17956175935911178,2.0204382406408885,0.9204382406408883,10,-1417.9,-2137.811506455323,-697.9884935446772,719.9115064553229,10,-3192.3,-3202.0622850037166,-3182.5377149962837,9.76228500371644,10,-2287.6,-2450.237126317229,-2124.962873682771,162.63712631722922,10,-0.6075176236556815,-0.6241542442192436,-0.5908810030921194,0.016636620563562073,10,-11.444673446700017,-16.279392160828195,-6.60995473257184,4.8347187141281776,10,1.0
global_whole_skeleton,er_expected_degree_2,75,,,n_inverse_half,logistic_minus_complete,complete,self_masking_logistic_population,10,0.03082871152542478,0.01449334529846568,0.047164077752383876,0.016335366226959098,10,-0.01315933138727332,-0.025458399686213867,-0.0008602630883327751,0.012299068298940546,10,0.009012083141684512,-0.0018488660893318763,0.0198730323727009,0.010860949231016388,10,0.1,-0.12621571627982048,0.3262157162798205,0.22621571627982048,10,-2.5,-3.8593872739378448,-1.1406127260621555,1.3593872739378445,10,1.1,0.06334935675906861,2.1366506432409316,1.0366506432409315,10,-1378.8,-2083.5873824100963,-674.0126175899038,704.7873824100961,10,-3530.7,-3543.9251846470283,-3517.4748153529713,13.22518464702845,10,-2534.3,-2717.36989715183,-2351.23010284817,183.0698971518299,10,-0.6083978371973543,-0.625301681878986,-0.5914939925157225,0.016903844681631756,10,-8.600565202000007,-14.925956995791424,-2.27517340820859,6.325391793791417,10,1.25
global_whole_skeleton,er_expected_degree_2,100,,,n_inverse_half,logistic_minus_complete,complete,self_masking_logistic_population,10,0.04713843792997581,0.023092792724830554,0.07118408313512106,0.024045645205145256,10,-0.011733450004300016,-0.01890041086669182,-0.0045664891419082134,0.007166960862391803,10,0.01863264446857884,0.0030561589104637858,0.034209130026693894,0.015576485558115053,10,0.1,-0.12621571627982048,0.3262157162798205,0.22621571627982048,10,-5.0,-7.3363458714723375,-2.663654128527662,2.336345871472338,10,1.3,0.4705423736406583,2.1294576263593417,0.8294576263593417,10,-1676.5,-2576.3673184032095,-776.6326815967903,899.8673184032097,10,-4255.5,-4265.867877572741,-4245.132122427259,10.367877572741005,10,-2963.4,-3195.017154856679,-2731.782845143321,231.61715485667884,10,-0.5952213704695664,-0.611363631449599,-0.5790791094895337,0.016142260980032654,10,-15.17248261689997,-24.546742822686685,-5.7982224111132545,9.374260205786715,10,1.0
global_whole_skeleton,er_expected_degree_2,100,,,n_inverse_half,logistic_minus_complete,complete,self_masking_logistic_population,10,0.04558599469332482,0.02715267202903385,0.06401931735761579,0.018433322664290968,10,-0.01092699839139678,-0.018044746184946718,-0.0038092505978468407,0.007117747793549939,10,0.018047880365418732,0.005985661165640083,0.030110099565197383,0.01206221919977865,10,0.2,-0.10162095503976065,0.5016209550397607,0.30162095503976066,10,-4.8,-6.545757491002046,-3.0542425089979535,1.7457574910020464,10,1.2,0.38786072391279136,2.0121392760872086,0.8121392760872086,10,-1640.2,-2621.8340056199436,-658.5659943800564,981.6340056199437,10,-5057.0,-5069.756641012764,-5044.243358987236,12.756641012764108,10,-3528.4,-3807.8459955991066,-3248.9540044008936,279.4459955991063,10,-0.5957615113100129,-0.6126401231904184,-0.5788828994296074,0.016878611880405476,10,-15.321571302100164,-25.24895306153022,-5.394189542670109,9.927381759430055,10,1.25
global_whole_skeleton,er_expected_degree_2,150,,,n_inverse_half,logistic_minus_complete,complete,self_masking_logistic_population,10,0.046897680928812316,0.03597074904508845,0.05782461281253618,0.010926931883723864,10,-0.00560016832077318,-0.012540169160726103,0.0013398325191797426,0.006940000839952922,10,0.021228632796994086,0.01388685548394656,0.028570410110041612,0.007341777313047526,10,0.0,0.0,0.0,0.0,10,-7.9,-9.79115376699173,-6.00884623300827,1.8911537669917307,10,0.9,-0.19012089090188,1.99012089090188,1.09012089090188,10,-2971.3,-4510.986128039932,-1431.6138719600688,1539.6861280399314,10,-6379.9,-6398.830920331428,-6360.969079668571,18.93092033142833,10,-4256.1,-4592.47269564154,-3919.7273043584614,336.3726956415391,10,-0.5893167488607253,-0.5986872388073725,-0.579946258914078,0.00937048994664719,10,-26.962287425799968,-38.45234548238625,-15.472229369213688,11.49005805658628,10,1.0
global_whole_skeleton,er_expected_degree_2,150,,,n_inverse_half,logistic_minus_complete,complete,self_masking_logistic_population,10,0.03965621709308028,0.029266252879199317,0.05004618130696124,0.010389964213880961,10,-0.004921521065692802,-0.009543116051731582,-0.00029992607965402106,0.004621594986038781,10,0.017694549134331005,0.011267783471938759,0.02412131479672325,0.006426765662392245,10,0.2,-0.10162095503976065,0.5016209550397607,0.30162095503976066,10,-6.5,-8.126027910303591,-4.873972089696409,1.6260279103035917,10,0.8,0.06118256442164027,1.53881743557836,0.7388174355783598,10,-2695.3,-4050.8152039321185,-1339.784796067882,1355.515203932118,10,-8389.2,-8408.477213240518,-8369.922786759484,19.277213240517487,10,-5705.4,-6163.733262938049,-5247.06673706195,458.3332629380496,10,-0.5909984897633993,-0.6013124343732645,-0.5806845451535341,0.010313944609865277,10,-35.786565497499495,-55.07502274913096,-16.498108245868032,19.288457251631463,10,1.25
global_whole_skeleton,random_regular_d2,20,,,n_inverse_half,logistic_minus_complete,complete,self_masking_logistic_population,10,0.009523809523809513,-0.004839093097131453,0.02388671214475048,0.014362902620940966,10,-0.0050000000000000044,-0.016310785813991036,0.006310785813991028,0.011310785813991033,10,0.0023139462163852542,-0.003242069080618479,0.007869961513388988,0.005556015297003733,10,0.1,-0.12621571627982048,0.3262157162798205,0.22621571627982048,10,-0.2,-0.5016209550397607,0.10162095503976065,0.30162095503976066,10,0.1,-0.12621571627982048,0.3262157162798205,0.22621571627982048,10,-29.3,-46.64664698628951,-11.953353013710494,17.346646986289507,10,-724.6,-752.3122203221243,-696.8877796778758,27.71222032212432,10,-548.4,-576.7280933329247,-520.0719066670753,28.328093332924695,10,-0.5771353430714453,-0.58447303842375,-0.5697976477191407,0.007337695352304636,10,-0.19015496140000318,-0.39466868787027376,0.01435876507026737,0.20451372647027055,10,1.0
global_whole_skeleton,random_regular_d2,20,,,n_inverse_half,logistic_minus_complete,complete,self_masking_logistic_population,10,0.009285714285714263,-0.01262139092448577,0.0311928194959143,0.021907105210200034,10,-0.0050000000000000044,-0.016310785813991036,0.006310785813991028,0.011310785813991033,10,0.0023170731707317094,-0.010703788393268318,0.015337934734731737,0.013020861564000027,10,0.2,-0.25243143255964096,0.652431432559641,0.45243143255964097,10,-0.2,-0.652431432559641,0.25243143255964096,0.45243143255964097,10,0.1,-0.12621571627982048,0.3262157162798205,0.22621571627982048,10,-24.7,-41.72906743203089,-7.6709325679691105,17.02906743203089,10,-594.5,-617.255022296286,-571.744977703714,22.755022296286036,10,-436.85,-457.90146947403343,-415.7985305259666,21.051469474033418,10,-0.5763066005598783,-0.5829362682373211,-0.5696769328824354,0.006629667677442841,10,-0.12130812540001441,-0.502727843916143,0.2601115931161142,0.3814197185161286,10,1.25
global_whole_skeleton,random_regular_d2,50,,,n_inverse_half,logistic_minus_complete,complete,self_masking_logistic_population,10,0.013214345567286723,-0.0008292723229106,0.027257963457484047,0.014043617890197323,10,0.0,0.0,0.0,0.0,10,0.006797037169780329,-0.0004913170329862776,0.014085391372546937,0.007288354202766607,10,0.3,-0.045550214413643764,0.6455502144136438,0.34555021441364375,10,-0.7,-1.4578132707183227,0.05781327071832265,0.7578132707183226,10,0.0,0.0,0.0,0.0,10,-31.0,-81.42237298567792,19.422372985677924,50.422372985677924,10,-1857.7,-1932.4022388271694,-1782.9977611728307,74.70223882716944,10,-1292.6,-1297.9127258503568,-1287.287274149643,5.312725850356852,10,-0.5566125953785968,-0.560354833310812,-0.5528703574463815,0.0037422379322153273,10,0.015417697699967637,-1.1944541832532507,1.2252895786531859,1.2098718809532183,10,1.0
global_whole_skeleton,random_regular_d2,50,,,n_inverse_half,logistic_minus_complete,complete,self_masking_logistic_population,10,0.013214345567286723,-0.0008292723229106,0.027257963457484047,0.014043617890197323,10,0.0,0.0,0.0,0.0,10,0.006797037169780329,-0.0004913170329862776,0.014085391372546937,0.007288354202766607,10,0.3,-0.045550214413643764,0.6455502144136438,0.34555021441364375,10,-0.7,-1.4578132707183227,0.05781327071832265,0.7578132707183226,10,0.0,0.0,0.0,0.0,10,-31.0,-81.42237298567792,19.422372985677924,50.422372985677924,10,-1857.7,-1932.4022388271694,-1782.9977611728307,74.70223882716944,10,-1292.6,-1297.9127258503568,-1287.287274149643,5.312725850356852,10,-0.5566125953785968,-0.560354833310812,-0.5528703574463815,0.0037422379322153273,10,-0.7220319673999711,-1.7752548608346845,0.3311909260347423,1.0532228934347134,10,1.25
global_whole_skeleton,random_regular_d2,75,,,n_inverse_half,logistic_minus_complete,complete,self_masking_logistic_population,10,0.025845140868458648,0.015388088399405477,0.03630219333751182,0.010457052469053171,10,0.0,0.0,0.0,0.0,10,0.01310628153806046,0.007742520884375768,0.018470042191745153,0.005363760653684692,10,0.7,0.3544497855863562,1.0455502144136437,0.34555021441364375,10,-2.0,-2.826023004457642,-1.173976995542358,0.8260230044576421,10,0.0,0.0,0.0,0.0,10,-73.5,-125.97278221574155,-21.027217784258454,52.472782215741546,10,-2736.0,-2854.950180742754,-2617.049819257246,118.95018074275426,10,-1923.85,-1927.5365759269337,-1920.1634240730662,3.6865759269338634,10,-0.5434568030614256,-0.5458511974718664,-0.5410624086509849,0.0023943944104407146,10,-2.2424169054999994,-4.04071659352553,-0.44411721747446875,1.7982996880255306,10,1.0
global_whole_skeleton,random_regular_d2,75,,,n_inverse_half,logistic_minus_complete,complete,self_masking_logistic_population,10,0.01945153447485225,0.007873149279773324,0.031029919669931176,0.011578385195078927,10,0.0,0.0,0.0,0.0,10,0.009838250728664576,0.00393582122895369,0.015740680228375464,0.005902429499710886,10,0.6,0.23059128221082004,0.9694087177891799,0.36940871778917994,10,-1.5,-2.407999314264234,-0.5920006857357659,0.9079993142642341,10,0.0,0.0,0.0,0.0,10,-74.0,-123.04123922499295,-24.95876077500705,49.04123922499295,10,-3025.8,-3151.33276087188,-2900.2672391281203,125.53276087188001,10,-2128.1,-2131.660053738684,-2124.539946261316,3.560053738683834,10,-0.5426095820062866,-0.5449277660184424,-0.5402913979941308,0.0023181840121557665,10,0.33814360879980504,-1.7129309540720616,2.3892181716716716,2.0510745628718667,10,1.25
global_whole_skeleton,random_regular_d2,100,,,n_inverse_half,logistic_minus_complete,complete,self_masking_logistic_population,10,0.0146105101658081,0.00460216419562102,0.024618856135995182,0.01000834597018708,10,0.0,0.0,0.0,0.0,10,0.0073938685759248005,0.0023348234205983597,0.012452913731251241,0.005059045155326441,10,0.4,-0.10018176838777082,0.9001817683877709,0.5001817683877708,10,-1.5,-2.5256221311974807,-0.4743778688025191,1.025622131197481,10,0.0,0.0,0.0,0.0,10,-71.5,-112.66635734941394,-30.333642650586057,41.16635734941394,10,-3841.8,-3924.6372452062124,-3758.962754793788,82.83724520621195,10,-2561.6,-2564.730906874363,-2558.469093125637,3.1309068743628794,10,-0.5397456767567039,-0.5407704015041022,-0.5387209520093057,0.0010247247473982436,10,-2.091114366700232,-4.205541334443158,0.023312601042693615,2.1144269677429257,10,1.0
global_whole_skeleton,random_regular_d2,100,,,n_inverse_half,logistic_minus_complete,complete,self_masking_logistic_population,10,0.014621514648938894,0.00419326638591736,0.025049762911960427,0.010428248263021534,10,0.0,0.0,0.0,0.0,10,0.007394061271338348,0.0021026051668598207,0.012685517375816874,0.005291456104478527,10,0.6,0.23059128221082004,0.9694087177891799,0.36940871778917994,10,-1.5,-2.5796387157984535,-0.4203612842015463,1.0796387157984537,10,0.0,0.0,0.0,0.0,10,-72.1,-139.82754818922047,-4.372451810779538,67.72754818922046,10,-4577.6,-4697.953091910635,-4457.246908089366,120.35309191063395,10,-3044.65,-3048.1303010008637,-3041.1696989991365,3.48030100086371,10,-0.5386383098025687,-0.5395823026930577,-0.5376943169120796,0.0009439928904890645,10,-1.1548911795000092,-4.452400037652424,2.142617678652406,3.297508858152415,10,1.25
global_whole_skeleton,random_regular_d2,150,,,n_inverse_half,logistic_minus_complete,complete,self_masking_logistic_population,10,0.02504863815950581,0.01249403105865917,0.03760324526035245,0.012554607100846639,10,0.0,0.0,0.0,0.0,10,0.012757298513820337,0.006323780964093502,0.019190816063547174,0.006433517549726835,10,0.8,0.4983790449602394,1.1016209550397607,0.30162095503976066,10,-3.9,-5.879297747271397,-1.9207022527286028,1.979297747271397,10,0.0,0.0,0.0,0.0,10,-270.2,-418.7979953000528,-121.60200469994717,148.59799530005282,10,-5667.0,-5862.787782087454,-5471.212217912546,195.78778208745368,10,-3835.8,-3838.057124548861,-3833.5428754511395,2.257124548860663,10,-0.5339203057867064,-0.5349513796499266,-0.5328892319234861,0.0010310738632202028,10,-1.9165820040001116,-4.6371918926030755,0.8040278846028526,2.720609888602964,10,1.0
global_whole_skeleton,random_regular_d2,150,,,n_inverse_half,logistic_minus_complete,complete,self_masking_logistic_population,10,0.017597123739139065,0.012313602657646475,0.022880644820631655,0.005283521081492591,10,0.0,0.0,0.0,0.0,10,0.008897992176809744,0.006195839646226572,0.011600144707392917,0.0027021525305831718,10,0.9,0.6737842837201795,1.1262157162798205,0.22621571627982048,10,-2.7,-3.529457626359342,-1.8705423736406583,0.8294576263593417,10,0.0,0.0,0.0,0.0,10,-172.2,-249.36855865039,-95.03144134960998,77.16855865039001,10,-7386.0,-7683.311869590454,-7088.688130409546,297.3118695904541,10,-5047.3,-5050.639183734631,-5043.960816265369,3.339183734630645,10,-0.5328798727461213,-0.5337113195444688,-0.5320484259477737,0.0008314467983475931,10,-0.7693340303000241,-3.750348368894626,2.211680308294578,2.981014338594602,10,1.25
global_whole_skeleton,scale_free_m2,20,,,n_inverse_half,logistic_minus_complete,complete,self_masking_logistic_population,10,0.04115145797352036,0.003736004420279909,0.0785669115267608,0.03741545355324045,10,-0.17567567567567569,-0.21668922047409334,-0.13466213087725803,0.04101354479841766,10,-0.11279650947138671,-0.153130107438932,-0.07246291150384143,0.040333597967545286,10,0.0,0.0,0.0,0.0,10,-1.5,-2.5256221311974807,-0.4743778688025191,1.025622131197481,10,6.5,4.982498842458547,8.017501157541453,1.5175011575414532,10,-1055.3,-1336.8898671266222,-773.7101328733777,281.5898671266222,10,-846.9,-852.774353645032,-841.025646354968,5.874353645031945,10,-663.8,-669.6777404159359,-657.922259584064,5.877740415935974,10,-0.6607127333971825,-0.6705106424087074,-0.6509148243856576,0.009797909011524865,10,-6.976463290299966,-9.409147508430518,-4.543779072169414,2.4326842181305515,10,1.0
global_whole_skeleton,scale_free_m2,20,,,n_inverse_half,logistic_minus_complete,complete,self_masking_logistic_population,10,0.03505011979787873,-0.002912585173199353,0.07301282476895682,0.037962704971078086,10,-0.21081081081081082,-0.26973626437307463,-0.15188535724854704,0.05892545356226379,10,-0.1448822330748846,-0.19882992960486306,-0.09093453654490612,0.05394769652997848,10,0.0,0.0,0.0,0.0,10,-1.5,-2.6310785813991027,-0.36892141860089755,1.1310785813991024,10,7.8,5.61975821819624,9.980241781803759,2.18024178180376,10,-1073.2,-1455.205469926616,-691.1945300733842,382.00546992661594,10,-669.4,-679.5009250755645,-659.2990749244354,10.100925075564497,10,-524.8,-530.4508667814949,-519.149133218505,5.650866781494955,10,-0.6520499880280012,-0.6632704695293629,-0.6408295065266395,0.011220481501361627,10,-7.372944424699972,-9.863593661283787,-4.8822951881161565,2.490649236583815,10,1.25
global_whole_skeleton,scale_free_m2,50,,,n_inverse_half,logistic_minus_complete,complete,self_masking_logistic_population,10,0.03882287412957751,0.02465487943289812,0.05299086882625689,0.014167994696679388,10,-0.13402061855670105,-0.15628121063501968,-0.11176002647838243,0.022260592078318625,10,-0.07832638925543448,-0.09716254636087307,-0.05949023214999588,0.01883615710543859,10,0.0,0.0,0.0,0.0,10,-3.4,-4.577867483172973,-2.2221325168270267,1.177867483172973,10,13.0,10.840722568403093,15.159277431596907,2.1592774315969074,10,-9577.3,-11508.94771811095,-7645.652281889049,1931.6477181109503,10,-2141.9,-2149.041238396874,-2134.758761603126,7.141238396873927,10,-1659.1,-1668.6764653225123,-1649.5235346774875,9.5764653225124,10,-0.6687287736613131,-0.675661324900072,-0.6617962224225542,0.006932551238758918,10,-76.88776913920003,-92.76330941538718,-61.01222886301288,15.87554027618715,10,1.0
global_whole_skeleton,scale_free_m2,50,,,n_inverse_half,logistic_minus_complete,complete,self_masking_logistic_population,10,0.03882287412957751,0.024654879432898125,0.05299086882625689,0.014167994696679386,10,-0.13402061855670105,-0.15628121063501968,-0.11176002647838243,0.022260592078318625,10,-0.07832638925543448,-0.09716254636087307,-0.05949023214999588,0.018836157105438595,10,0.0,0.0,0.0,0.0,10,-3.4,-4.577867483172973,-2.2221325168270267,1.177867483172973,10,13.0,10.840722568403093,15.159277431596907,2.1592774315969074,10,-9577.3,-11508.94771811095,-7645.652281889049,1931.6477181109503,10,-2141.9,-2149.041238396874,-2134.758761603126,7.141238396873927,10,-1659.1,-1668.6764653225123,-1649.5235346774875,9.5764653225124,10,-0.6687287736613132,-0.6756613249000721,-0.6617962224225543,0.006932551238758918,10,-73.0453603945999,-90.58496445950396,-55.505756329695835,17.53960406490406,10,1.25
global_whole_skeleton,scale_free_m2,75,,,n_inverse_half,logistic_minus_complete,complete,self_masking_logistic_population,10,0.042351665890269806,0.020377313830349828,0.06432601795018979,0.021974352059919978,10,-0.11564625850340135,-0.13948652249801705,-0.09180599450878565,0.023840263994615703,10,-0.0583130855074284,-0.077862722690344,-0.038763448324512804,0.019549637182915594,10,0.0,0.0,0.0,0.0,10,-6.0,-8.881230127457304,-3.1187698725426967,2.8812301274573033,10,17.0,13.495481192791493,20.504518807208505,3.5045188072085067,10,-30560.3,-37683.191569473674,-23437.408430526324,7122.891569473676,10,-3208.8,-3216.140303979226,-3201.4596960207746,7.340303979225613,10,-2512.5,-2564.228488427733,-2460.771511572267,51.72848842773305,10,-0.6800641598288328,-0.6881823380744577,-0.671945981583208,0.008118178245624875,10,-248.4968382524999,-315.0519156285782,-181.94176087642165,66.55507737607826,10,1.0
global_whole_skeleton,scale_free_m2,75,,,n_inverse_half,logistic_minus_complete,complete,self_masking_logistic_population,10,0.0472753661187114,0.025576261835974754,0.06897447040144805,0.021699104282736647,10,-0.11156462585034013,-0.13335187758017525,-0.08977737412050503,0.021787251729835103,10,-0.05319439398402039,-0.07185774265864893,-0.034531045309391856,0.01866334867462854,10,0.0,0.0,0.0,0.0,10,-6.6,-9.50481494215144,-3.6951850578485597,2.90481494215144,10,16.4,13.197273995714239,19.602726004285756,3.2027260042857595,10,-33082.1,-40273.03838622891,-25891.161613771088,7190.93838622891,10,-3546.6,-3553.739247585763,-3539.4607524142366,7.139247585763101,10,-2782.8,-2836.799628432409,-2728.8003715675914,53.999628432409025,10,-0.682100544416055,-0.6896827702737153,-0.6745183185583948,0.007582225857660251,10,-258.44075354890003,-330.01333928659415,-186.8681678112059,71.57258573769414,10,1.25
global_whole_skeleton,small_world_k2,20,,,n_inverse_half,logistic_minus_complete,complete,self_masking_logistic_population,10,0.027705627705627678,0.00011508377162954692,0.05529617163962581,0.02759054393399813,10,-0.0050000000000000044,-0.016310785813991036,0.006310785813991028,0.011310785813991033,10,0.011837755740194767,-0.004991391094400497,0.02866690257479003,0.016829146834595264,10,0.3,-0.1828291119331838,0.7828291119331838,0.4828291119331838,10,-0.6,-1.2032419100795213,0.0032419100795213485,0.6032419100795213,10,0.1,-0.12621571627982048,0.3262157162798205,0.22621571627982048,10,-51.0,-76.87180004984691,-25.128199950153093,25.871800049846907,10,-776.5,-807.135785318893,-745.864214681107,30.635785318893003,10,-588.8,-626.2708654451893,-551.3291345548106,37.47086544518938,10,-0.5868876225412167,-0.5969899229975177,-0.5767853220849157,0.010102300456301047,10,-0.17133217879995757,-0.5745325098998653,0.2318681522999501,0.40320033109990766,10,1.0
global_whole_skeleton,small_world_k2,20,,,n_inverse_half,logistic_minus_complete,complete,self_masking_logistic_population,10,0.014090909090909088,-0.008251098968555696,0.036432917150373875,0.022342008059464784,10,-0.0050000000000000044,-0.016310785813991036,0.006310785813991028,0.011310785813991033,10,0.004633699633699651,-0.009071985688500941,0.01833938495590024,0.013705685322200591,10,0.0,-0.33722247945365624,0.33722247945365624,0.33722247945365624,10,-0.3,-0.7828291119331836,0.18282911193318369,0.4828291119331837,10,0.1,-0.12621571627982048,0.3262157162798205,0.22621571627982048,10,-57.9,-91.02934120704111,-24.77065879295889,33.12934120704111,10,-616.6,-640.8007354669609,-592.3992645330392,24.20073546696089,10,-467.1,-495.12438513654206,-439.075614863458,28.02438513654202,10,-0.5857423197115226,-0.5955435269505304,-0.5759411124725148,0.009801207239007763,10,-0.2743120653999996,-0.7454201721541087,0.19679604135410955,0.47110810675410913,10,1.25
global_whole_skeleton,small_world_k2,50,,,n_inverse_half,logistic_minus_complete,complete,self_masking_logistic_population,10,0.00588235294117645,-0.0035848845477094715,0.015349590430062371,0.009467237488885921,10,0.0,0.0,0.0,0.0,10,0.0029702970297030063,-0.0018101892270612472,0.00775078328646726,0.0047804862567642535,10,0.3,-0.1828291119331838,0.7828291119331838,0.4828291119331838,10,-0.3,-0.7828291119331838,0.1828291119331838,0.4828291119331838,10,0.0,0.0,0.0,0.0,10,-55.5,-107.96302891041273,-3.0369710895872615,52.46302891041274,10,-1937.5,-1957.6777712365147,-1917.3222287634853,20.177771236514765,10,-1295.0,-1300.136419779432,-1289.863580220568,5.136419779431799,10,-0.5624514022237079,-0.5661905323242077,-0.5587122721232082,0.0037391301004997797,10,-0.6516415767999663,-1.6872670340526956,0.3839838804527632,1.0356254572527295,10,1.0
global_whole_skeleton,small_world_k2,50,,,n_inverse_half,logistic_minus_complete,complete,self_masking_logistic_population,10,0.00588235294117645,-0.0035848845477094715,0.015349590430062371,0.009467237488885921,10,0.0,0.0,0.0,0.0,10,0.0029702970297030063,-0.0018101892270612472,0.00775078328646726,0.0047804862567642535,10,0.3,-0.1828291119331838,0.7828291119331838,0.4828291119331838,10,-0.3,-0.7828291119331838,0.1828291119331838,0.4828291119331838,10,0.0,0.0,0.0,0.0,10,-55.5,-107.96302891041273,-3.0369710895872615,52.46302891041274,10,-1937.5,-1957.6777712365147,-1917.3222287634853,20.177771236514765,10,-1295.0,-1300.136419779432,-1289.863580220568,5.136419779431799,10,-0.5624514022237079,-0.5661905323242077,-0.5587122721232082,0.0037391301004997797,10,-0.17540518270002411,-1.0035646662676363,0.6527543008675881,0.8281594835676123,10,1.25
global_whole_skeleton,small_world_k2,75,,,n_inverse_half,logistic_minus_complete,complete,self_masking_logistic_population,10,0.021852818234397154,0.012576641456672423,0.031128995012121886,0.00927617677772473,10,0.0,0.0,0.0,0.0,10,0.01111182486931026,0.006273327531007894,0.015950322207612624,0.004838497338302366,10,0.7,0.35444978558635615,1.0455502144136437,0.3455502144136438,10,-1.7,-2.4578132707183227,-0.9421867292816773,0.7578132707183226,10,0.0,0.0,0.0,0.0,10,-115.8,-169.82489358484483,-61.775106415155165,54.02489358484483,10,-2950.0,-3008.745472273966,-2891.254527726034,58.745472273965994,10,-1928.5,-1931.4446687079324,-1925.5553312920676,2.9446687079324323,10,-0.5511729243794472,-0.5538982195070726,-0.5484476292518218,0.0027252951276254423,10,-0.7994539820000002,-2.531510927975696,0.9326029639756961,1.7320569459756963,10,1.0
global_whole_skeleton,small_world_k2,75,,,n_inverse_half,logistic_minus_complete,complete,self_masking_logistic_population,10,0.023195159271108656,0.011976479406637631,0.03441383913557968,0.011218679864471025,10,-0.0013333333333333196,-0.0043495428837308945,0.0016828762170642553,0.003016209550397575,10,0.011110641874038684,0.005279801410607931,0.01694148233746944,0.005830840463430753,10,0.5,0.12297380620029918,0.8770261937997008,0.3770261937997008,10,-1.8,-2.6793686396570706,-0.9206313603429295,0.8793686396570706,10,0.1,-0.12621571627982048,0.3262157162798205,0.22621571627982048,10,-103.1,-155.28505611847916,-50.91494388152082,52.185056118479174,10,-3257.2,-3323.410608902304,-3190.9893910976957,66.2106089023041,10,-2133.05,-2136.179317408538,-2129.9206825914625,3.1293174085375166,10,-0.5505806969119755,-0.5536240355335689,-0.5475373582903822,0.0030433386215933268,10,0.3881424702000464,-1.94341169512673,2.7196966355268226,2.3315541653267764,10,1.25
global_whole_skeleton,small_world_k2,100,,,n_inverse_half,logistic_minus_complete,complete,self_masking_logistic_population,10,0.02593674342236686,0.013519624080110941,0.03835386276462278,0.012417119342255917,10,0.0,0.0,0.0,0.0,10,0.013228474588664541,0.006857982769456991,0.019598966407872093,0.006370491819207551,10,0.7,0.3544497855863562,1.0455502144136437,0.34555021441364375,10,-2.7,-4.008231997684478,-1.3917680023155228,1.3082319976844774,10,0.0,0.0,0.0,0.0,10,-233.8,-314.2286571385491,-153.3713428614509,80.4286571385491,10,-4058.9,-4162.569698981302,-3955.230301018698,103.6696989813024,10,-2563.2,-2567.67121910826,-2558.7287808917395,4.471219108260255,10,-0.5457913815204924,-0.5486704518081182,-0.5429123112328667,0.002879070287625778,10,-2.729860045999976,-4.22654269398906,-1.233177398010891,1.4966826479890847,10,1.0
global_whole_skeleton,small_world_k2,100,,,n_inverse_half,logistic_minus_complete,complete,self_masking_logistic_population,10,0.02873725797505141,0.017733505924644427,0.03974101002545839,0.011003752050406983,10,0.0,0.0,0.0,0.0,10,0.014677324421643389,0.0090110986464599,0.020343550196826876,0.005666225775183489,10,0.6,0.23059128221082004,0.9694087177891799,0.36940871778917994,10,-3.0,-4.168172935736169,-1.831827064263831,1.168172935736169,10,0.0,0.0,0.0,0.0,10,-223.1,-292.27537858121315,-153.92462141878684,69.17537858121314,10,-4794.0,-4923.241587626848,-4664.758412373152,129.24158762684792,10,-3047.9,-3053.0303277380867,-3042.7696722619135,5.130327738086656,10,-0.545776698658765,-0.548918296336321,-0.5426351009812089,0.003141597677556086,10,-1.0426439269000203,-3.4154220844526164,1.3301342306525759,2.372778157552596,10,1.25
target_restriction_of_global,er_expected_degree_2,20,,,n_inverse_half,logistic_minus_complete,complete,self_masking_logistic_population,10,0.025,-0.018986389276631765,0.06898638927663177,0.04398638927663177,10,-0.035166666666666666,-0.06328230650040459,-0.007051026832928749,0.028115639833737917,10,-0.007741702741702739,-0.04222142302757266,0.026738017544167186,0.03447972028586992,10,0.010000000000000009,-0.0756438879421773,0.09564388794217732,0.08564388794217731,10,-0.06000000000000001,-0.16228464234525236,0.04228464234525235,0.10228464234525236,10,0.12999999999999998,0.01790205366867635,0.2420979463313236,0.11209794633132363,10,-197.8,-341.1250285693724,-54.474971430627676,143.32502856937234,10,-823.9,-847.1645631301831,-800.6354368698169,23.26456313018304,10,-645.7,-666.1570674422773,-625.2429325577228,20.45706744227725,10,-0.6316019810552224,-0.6468596744886125,-0.6163442876218322,0.015257693433390087,10,-1.0596033296899259,-2.3293327504815555,0.21012609110170377,1.2697294207916296,10,1.0
target_restriction_of_global,er_expected_degree_2,20,,,n_inverse_half,logistic_minus_complete,complete,self_masking_logistic_population,10,0.020000000000000007,-0.0136284445704889,0.05362844457048892,0.033628444570488907,10,-0.04433333333333332,-0.07303688990218166,-0.01562977676448499,0.02870355656884833,10,-0.017368686868686888,-0.04677391995080048,0.012036546213426702,0.02940523308211359,10,-0.019999999999999983,-0.10121392760872086,0.06121392760872089,0.08121392760872087,10,-0.05,-0.12726737690685352,0.027267376906853533,0.07726737690685354,10,0.15000000000000002,0.03689214186008978,0.2631078581399103,0.11310785813991024,10,-250.2,-419.4839381061147,-80.91606189388528,169.2839381061147,10,-655.5,-673.4656047377109,-637.5343952622891,17.965604737710887,10,-509.7,-531.1290226228397,-488.2709773771603,21.42902262283971,10,-0.626740947501511,-0.6408495981847021,-0.6126322968183199,0.01410865068319116,10,-1.6927347198800362,-2.6953949285548946,-0.690074511205178,1.0026602086748582,10,1.25
target_restriction_of_global,er_expected_degree_2,50,,,n_inverse_half,logistic_minus_complete,complete,self_masking_logistic_population,10,0.012500000000000011,-0.006816844226713387,0.03181684422671341,0.019316844226713398,10,-0.03711904761904764,-0.06778313518084028,-0.0064549600572550055,0.030664087561792636,10,-0.014028749028749043,-0.03804531588072103,0.009987817823222939,0.024016566851971982,10,-0.07000000000000002,-0.1529457626359342,0.012945762635934166,0.08294576263593419,10,-0.02,-0.06524314325596409,0.02524314325596409,0.04524314325596409,10,0.13999999999999999,0.02221325168270269,0.2577867483172973,0.1177867483172973,10,-916.5,-1384.8736480999758,-448.1263519000242,468.3736480999758,10,-2124.2,-2140.9284104683243,-2107.4715895316754,16.728410468324338,10,-1620.05,-1640.275232723545,-1599.8247672764548,20.225232723545215,10,-0.6232242684132514,-0.6367528288591914,-0.6096957079673114,0.013528560445939967,10,-5.689989265980047,-10.669748327671849,-0.7102302042882442,4.979759061691802,10,1.0
target_restriction_of_global,er_expected_degree_2,50,,,n_inverse_half,logistic_minus_complete,complete,self_masking_logistic_population,10,0.012500000000000011,-0.006816844226713387,0.03181684422671341,0.019316844226713398,10,-0.03711904761904764,-0.06778313518084028,-0.0064549600572550055,0.030664087561792636,10,-0.014028749028749043,-0.03804531588072102,0.009987817823222936,0.02401656685197198,10,-0.07000000000000002,-0.1529457626359342,0.012945762635934166,0.08294576263593419,10,-0.020000000000000004,-0.06524314325596409,0.025243143255964086,0.04524314325596409,10,0.13999999999999999,0.022213251682702675,0.2577867483172973,0.11778674831729731,10,-916.5,-1384.8736480999758,-448.1263519000242,468.3736480999758,10,-2124.2,-2140.9284104683243,-2107.4715895316754,16.728410468324338,10,-1620.05,-1640.275232723545,-1599.8247672764548,20.225232723545215,10,-0.6232242684132514,-0.6367528288591914,-0.6096957079673114,0.013528560445939967,10,-7.360835326239965,-12.042657481760422,-2.6790131707195064,4.681822155520458,10,1.25
target_restriction_of_global,er_expected_degree_2,75,,,n_inverse_half,logistic_minus_complete,complete,self_masking_logistic_population,10,0.03226190476190478,0.011797721639497154,0.05272608788431241,0.02046418312240763,10,-0.0025000000000000022,-0.008155392906995518,0.003155392906995514,0.005655392906995516,10,0.019326007326007356,0.0045935979101883895,0.034058416741826324,0.014732409415818966,10,0.06,-0.00032419100795211264,0.12032419100795211,0.06032419100795211,10,-0.08,-0.12524314325596408,-0.03475685674403591,0.04524314325596409,10,0.01,-0.012621571627982045,0.03262157162798204,0.022621571627982045,10,-1417.9,-2137.811506455323,-697.9884935446772,719.9115064553229,10,-3192.3,-3202.0622850037166,-3182.5377149962837,9.76228500371644,10,-2287.6,-2450.237126317229,-2124.962873682771,162.63712631722922,10,-0.6075176236556815,-0.6241542442192436,-0.5908810030921194,0.016636620563562073,10,-11.444673762710059,-16.279390938537347,-6.609956586882769,4.834717175827289,10,1.0
target_restriction_of_global,er_expected_degree_2,75,,,n_inverse_half,logistic_minus_complete,complete,self_masking_logistic_population,10,0.023095238095238113,-0.00025897516929062475,0.04644945135976685,0.023354213264528738,10,-0.008333333333333337,-0.02210038340762737,0.005433716740960699,0.013767050074294036,10,0.008750249750249761,-0.010279489716652398,0.02777998921715192,0.01902973946690216,10,0.02999999999999998,-0.04578132707183229,0.10578132707183226,0.07578132707183227,10,-0.06999999999999999,-0.12889337415864865,-0.011106625841351345,0.05889337415864865,10,0.029999999999999992,-0.018282911193318367,0.07828291119331834,0.04828291119331836,10,-1378.8,-2083.5873824100963,-674.0126175899038,704.7873824100961,10,-3530.7,-3543.9251846470283,-3517.4748153529713,13.22518464702845,10,-2534.3,-2717.36989715183,-2351.23010284817,183.0698971518299,10,-0.6083978371973543,-0.625301681878986,-0.5914939925157225,0.016903844681631756,10,-8.600565334560034,-14.9259587704695,-2.2751718986505702,6.325393435909464,10,1.25
target_restriction_of_global,er_expected_degree_2,100,,,n_inverse_half,logistic_minus_complete,complete,self_masking_logistic_population,10,0.030833333333333345,0.004463951352503517,0.05720271531416317,0.026369381980829828,10,-0.005357142857142849,-0.011870747897728164,0.0011564621834424648,0.006513605040585314,10,0.017128205128205166,-0.0007774225811862934,0.035033832837596625,0.01790562770939146,10,0.039999999999999994,-0.029110042882728754,0.10911004288272874,0.06911004288272875,10,-0.06999999999999999,-0.12889337415864865,-0.011106625841351345,0.05889337415864865,10,0.04,-0.010018176838777093,0.0900181768387771,0.050018176838777094,10,-1676.5,-2576.3673184032095,-776.6326815967903,899.8673184032097,10,-4255.5,-4265.867877572741,-4245.132122427259,10.367877572741005,10,-2963.4,-3195.017154856679,-2731.782845143321,231.61715485667884,10,-0.5952213704695664,-0.611363631449599,-0.5790791094895337,0.016142260980032644,10,-15.17248218223003,-24.54674574949443,-5.798218614965631,9.3742635672644,10,1.0
target_restriction_of_global,er_expected_degree_2,100,,,n_inverse_half,logistic_minus_complete,complete,self_masking_logistic_population,10,0.03416666666666668,-0.0012071070191973995,0.06954044035253076,0.03537377368586408,10,-0.005357142857142849,-0.011870747897728164,0.0011564621834424648,0.006513605040585314,10,0.019128205128205143,-0.00541967714311271,0.043676087399523,0.024547882271317854,10,0.05,-0.046859782952120566,0.14685978295212057,0.09685978295212057,10,-0.08,-0.16121392760872089,0.001213927608720869,0.08121392760872087,10,0.04,-0.010018176838777072,0.09001817683877708,0.05001817683877707,10,-1640.2,-2621.8340056199436,-658.5659943800564,981.6340056199437,10,-5057.0,-5069.756641012764,-5044.243358987236,12.756641012764108,10,-3528.4,-3807.8459955991066,-3248.9540044008936,279.4459955991063,10,-0.5957615113100129,-0.6126401231904184,-0.5788828994296074,0.01687861188040547,10,-15.321569720109991,-25.248951553950626,-5.394187886269359,9.927381833840633,10,1.25
target_restriction_of_global,er_expected_degree_2,150,,,n_inverse_half,logistic_minus_complete,complete,self_masking_logistic_population,10,0.04750000000000004,0.014721842004969982,0.0802781579950301,0.03277815799503006,10,-0.004285714285714293,-0.011183273027616937,0.0026118444561883513,0.006897558741902644,10,0.02886796536796542,0.004046747761135439,0.0536891829747954,0.02482121760682998,10,0.09999999999999999,0.024594761240059826,0.17540523875994016,0.07540523875994017,10,-0.09999999999999999,-0.17540523875994016,-0.024594761240059826,0.07540523875994017,10,0.03,-0.018282911193318367,0.07828291119331837,0.048282911193318366,10,-2971.3,-4510.986128039932,-1431.6138719600688,1539.6861280399314,10,-6379.9,-6398.830920331428,-6360.969079668571,18.93092033142833,10,-4256.1,-4592.47269564154,-3919.7273043584614,336.3726956415391,10,-0.5893167488607253,-0.5986872388073725,-0.579946258914078,0.009370489946647194,10,-26.962290203169925,-38.452348343936606,-15.472232062403245,11.49005814076668,10,1.0
target_restriction_of_global,er_expected_degree_2,150,,,n_inverse_half,logistic_minus_complete,complete,self_masking_logistic_population,10,0.04,0.013074944212935112,0.0669250557870649,0.02692505578706489,10,-0.002857142857142847,-0.007166013643425127,0.0014517279291394328,0.00430887078628228,10,0.025690476190476253,0.006337560544508271,0.045043391836444235,0.019352915645967982,10,0.07999999999999999,0.014263236886372904,0.14573676311362707,0.06573676311362708,10,-0.09,-0.1526362955672354,-0.027363704432764605,0.06263629556723539,10,0.02,-0.010162095503976062,0.05016209550397606,0.030162095503976062,10,-2695.3,-4050.8152039321185,-1339.784796067882,1355.515203932118,10,-8389.2,-8408.477213240518,-8369.922786759484,19.277213240517487,10,-5705.4,-6163.733262938049,-5247.06673706195,458.3332629380496,10,-0.5909984897633993,-0.6013124343732645,-0.5806845451535341,0.010313944609865278,10,-35.78656809660986,-55.07502360371613,-16.498112589503595,19.288455507106267,10,1.25
target_restriction_of_global,random_regular_d2,20,,,n_inverse_half,logistic_minus_complete,complete,self_masking_logistic_population,10,0.0033333333333333435,-0.004207190542660695,0.010873857209327382,0.007540523875994038,10,-0.0050000000000000044,-0.016310785813991036,0.006310785813991028,0.011310785813991033,10,-0.001333333333333353,-0.004349542883731003,0.0016828762170642973,0.0030162095503976504,10,0.0,0.0,0.0,0.0,10,-0.01,-0.03262157162798204,0.012621571627982045,0.022621571627982045,10,0.01,-0.012621571627982045,0.03262157162798204,0.022621571627982045,10,-29.3,-46.64664698628951,-11.953353013710494,17.346646986289507,10,-724.6,-752.3122203221243,-696.8877796778758,27.71222032212432,10,-548.4,-576.7280933329247,-520.0719066670753,28.328093332924695,10,-0.5771353430714453,-0.58447303842375,-0.5697976477191407,0.007337695352304626,10,-0.1901546511099968,-0.39466861248558366,0.014359310265590064,0.20451396137558686,10,1.0
target_restriction_of_global,random_regular_d2,20,,,n_inverse_half,logistic_minus_complete,complete,self_masking_logistic_population,10,0.006666666666666665,-0.008414381085321363,0.021747714418654692,0.015081047751988028,10,-0.0050000000000000044,-0.016310785813991036,0.006310785813991028,0.011310785813991033,10,0.0006666666666666598,-0.011738965691720941,0.01307229902505426,0.0124056323583876,10,0.009999999999999998,-0.04278366713195811,0.0627836671319581,0.052783667131958104,10,-0.02,-0.06524314325596409,0.02524314325596409,0.04524314325596409,10,0.01,-0.012621571627982045,0.03262157162798204,0.022621571627982045,10,-24.7,-41.72906743203089,-7.6709325679691105,17.02906743203089,10,-594.5,-617.255022296286,-571.744977703714,22.755022296286036,10,-436.85,-457.90146947403343,-415.7985305259666,21.051469474033418,10,-0.5763066005598781,-0.5829362682373209,-0.5696769328824354,0.0066296676774428125,10,-0.12130833406999272,-0.5027280207115161,0.2601113525715306,0.38141968664152337,10,1.25
target_restriction_of_global,random_regular_d2,50,,,n_inverse_half,logistic_minus_complete,complete,self_masking_logistic_population,10,0.006666666666666665,-0.008414381085321363,0.021747714418654692,0.015081047751988028,10,0.0,0.0,0.0,0.0,10,0.0040000000000000036,-0.005048628651192825,0.013048628651192832,0.009048628651192828,10,0.019999999999999997,-0.025243143255964086,0.06524314325596409,0.04524314325596408,10,-0.02,-0.06524314325596409,0.02524314325596409,0.04524314325596409,10,0.0,0.0,0.0,0.0,10,-31.0,-81.42237298567792,19.422372985677924,50.422372985677924,10,-1857.7,-1932.4022388271694,-1782.9977611728307,74.70223882716944,10,-1292.6,-1297.9127258503568,-1287.287274149643,5.312725850356852,10,-0.5566125953785968,-0.5603548333108122,-0.5528703574463814,0.0037422379322153525,10,0.015418550820015486,-1.1944533789562208,1.225290480596252,1.2098719297762364,10,1.0
target_restriction_of_global,random_regular_d2,50,,,n_inverse_half,logistic_minus_complete,complete,self_masking_logistic_population,10,0.006666666666666665,-0.008414381085321363,0.021747714418654692,0.015081047751988028,10,0.0,0.0,0.0,0.0,10,0.0040000000000000036,-0.005048628651192825,0.013048628651192832,0.009048628651192828,10,0.019999999999999997,-0.025243143255964086,0.06524314325596409,0.04524314325596408,10,-0.02,-0.06524314325596409,0.02524314325596409,0.04524314325596409,10,0.0,0.0,0.0,0.0,10,-31.0,-81.42237298567792,19.422372985677924,50.422372985677924,10,-1857.7,-1932.4022388271694,-1782.9977611728307,74.70223882716944,10,-1292.6,-1297.9127258503568,-1287.287274149643,5.312725850356852,10,-0.5566125953785968,-0.5603548333108122,-0.5528703574463814,0.0037422379322153525,10,-0.722031018340019,-1.7752557492215915,0.3311937125415533,1.0532247308815723,10,1.25
target_restriction_of_global,random_regular_d2,75,,,n_inverse_half,logistic_minus_complete,complete,self_masking_logistic_population,10,0.006666666666666687,-0.0033873651679920316,0.016720698501325404,0.010054031834658719,10,0.0,0.0,0.0,0.0,10,0.003999999999999981,-0.0020324191007952026,0.010032419100795165,0.006032419100795184,10,0.019999999999999997,-0.010162095503976058,0.05016209550397605,0.030162095503976055,10,-0.02,-0.05016209550397606,0.010162095503976062,0.030162095503976062,10,0.0,0.0,0.0,0.0,10,-73.5,-125.97278221574155,-21.027217784258454,52.472782215741546,10,-2736.0,-2854.950180742754,-2617.049819257246,118.95018074275426,10,-1923.85,-1927.5365759269337,-1920.1634240730662,3.6865759269338634,10,-0.5434568030614257,-0.5458511974718664,-0.5410624086509851,0.0023943944104406973,10,-2.242417421559983,-4.04071750918204,-0.44411733393792563,1.7983000876220574,10,1.0
target_restriction_of_global,random_regular_d2,75,,,n_inverse_half,logistic_minus_complete,complete,self_masking_logistic_population,10,0.0033333333333333435,-0.004207190542660695,0.010873857209327382,0.007540523875994038,10,0.0,0.0,0.0,0.0,10,0.0019999999999999905,-0.0025243143255963977,0.006524314325596379,0.004524314325596388,10,0.009999999999999998,-0.012621571627982043,0.03262157162798204,0.02262157162798204,10,-0.01,-0.03262157162798204,0.012621571627982045,0.022621571627982045,10,0.0,0.0,0.0,0.0,10,-74.0,-123.04123922499295,-24.95876077500705,49.04123922499295,10,-3025.8,-3151.33276087188,-2900.2672391281203,125.53276087188001,10,-2128.1,-2131.660053738684,-2124.539946261316,3.560053738683834,10,-0.5426095820062866,-0.5449277660184424,-0.5402913979941308,0.0023181840121557474,10,0.3381429384199258,-1.7129338257383862,2.3892197025782376,2.051076764158312,10,1.25
target_restriction_of_global,random_regular_d2,100,,,n_inverse_half,logistic_minus_complete,complete,self_masking_logistic_population,10,0.006666666666666687,-0.00841438108532139,0.021747714418654765,0.015081047751988076,10,0.0,0.0,0.0,0.0,10,0.003999999999999981,-0.005048628651192795,0.013048628651192757,0.009048628651192776,10,0.019999999999999997,-0.025243143255964086,0.06524314325596409,0.04524314325596408,10,-0.02,-0.06524314325596409,0.02524314325596409,0.04524314325596409,10,0.0,0.0,0.0,0.0,10,-71.5,-112.66635734941394,-30.333642650586057,41.16635734941394,10,-3841.8,-3924.6372452062124,-3758.962754793788,82.83724520621195,10,-2561.6,-2564.730906874363,-2558.469093125637,3.1309068743628794,10,-0.5397456767567039,-0.5407704015041022,-0.5387209520093057,0.0010247247473982436,10,-2.091115667790187,-4.2055440856712085,0.02331275009083411,2.114428417881021,10,1.0
target_restriction_of_global,random_regular_d2,100,,,n_inverse_half,logistic_minus_complete,complete,self_masking_logistic_population,10,0.010000000000000031,-0.0060943037311061415,0.026094303731106203,0.016094303731106173,10,0.0,0.0,0.0,0.0,10,0.005999999999999972,-0.003656582238663655,0.015656582238663598,0.009656582238663627,10,0.029999999999999992,-0.018282911193318367,0.07828291119331834,0.04828291119331836,10,-0.030000000000000006,-0.07828291119331837,0.018282911193318367,0.04828291119331837,10,0.0,0.0,0.0,0.0,10,-72.1,-139.82754818922047,-4.372451810779538,67.72754818922046,10,-4577.6,-4697.953091910635,-4457.246908089366,120.35309191063395,10,-3044.65,-3048.1303010008637,-3041.1696989991365,3.48030100086371,10,-0.5386383098025685,-0.5395823026930576,-0.5376943169120795,0.0009439928904890564,10,-1.154886363520036,-4.452396964018168,2.1426242369780955,3.2975106004981316,10,1.25
target_restriction_of_global,random_regular_d2,150,,,n_inverse_half,logistic_minus_complete,complete,self_masking_logistic_population,10,0.016666666666666698,-0.00019445730601613115,0.033527790639349526,0.01686112397268283,10,0.0,0.0,0.0,0.0,10,0.009999999999999976,-0.00011667438360970367,0.020116674383609656,0.01011667438360968,10,0.04999999999999999,-0.000583371918048442,0.10058337191804842,0.05058337191804843,10,-0.05,-0.10058337191804845,0.000583371918048449,0.05058337191804845,10,0.0,0.0,0.0,0.0,10,-270.2,-418.7979953000528,-121.60200469994717,148.59799530005282,10,-5667.0,-5862.787782087454,-5471.212217912546,195.78778208745368,10,-3835.8,-3838.057124548861,-3833.5428754511395,2.257124548860663,10,-0.5339203057867064,-0.5349513796499266,-0.5328892319234861,0.0010310738632202028,10,-1.9165824887500236,-4.637192303006597,0.8040273255065502,2.7206098142565738,10,1.0
target_restriction_of_global,random_regular_d2,150,,,n_inverse_half,logistic_minus_complete,complete,self_masking_logistic_population,10,0.016666666666666698,-0.00019445730601612768,0.03352779063934952,0.016861123972682825,10,0.0,0.0,0.0,0.0,10,0.009999999999999976,-0.00011667438360970367,0.020116674383609656,0.01011667438360968,10,0.04999999999999999,-0.000583371918048442,0.10058337191804842,0.05058337191804843,10,-0.05,-0.10058337191804845,0.000583371918048449,0.05058337191804845,10,0.0,0.0,0.0,0.0,10,-172.2,-249.36855865039,-95.03144134960998,77.16855865039001,10,-7386.0,-7683.311869590454,-7088.688130409546,297.3118695904541,10,-5047.3,-5050.639183734631,-5043.960816265369,3.339183734630645,10,-0.5328798727461213,-0.5337113195444688,-0.5320484259477737,0.0008314467983476121,10,-0.7693291252700554,-3.750342659900073,2.211684409359962,2.9810135346300175,10,1.25
target_restriction_of_global,scale_free_m2,20,,,n_inverse_half,logistic_minus_complete,complete,self_masking_logistic_population,10,-0.015047619047619054,-0.05491233976801849,0.02481710167278038,0.039864720720399434,10,-0.1654032634032634,-0.21857254651497648,-0.1122339802915503,0.05316928311171309,10,-0.12000629435923552,-0.16421882342822244,-0.07579376529024859,0.044212529068986935,10,-0.14999999999999997,-0.25796387157984535,-0.04203612842015461,0.10796387157984536,10,-0.15,-0.23430561986341406,-0.06569438013658593,0.08430561986341406,10,0.62,0.4298352235393179,0.8101647764606821,0.1901647764606821,10,-1055.3,-1336.8898671266222,-773.7101328733777,281.5898671266222,10,-846.9,-852.774353645032,-841.025646354968,5.874353645031945,10,-663.8,-669.6777404159359,-657.922259584064,5.877740415935974,10,-0.6607127333971825,-0.6705106424087074,-0.6509148243856576,0.009797909011524865,10,-6.976469583969961,-9.409154116987335,-4.543785050952587,2.4326845330173743,10,1.0
target_restriction_of_global,scale_free_m2,20,,,n_inverse_half,logistic_minus_complete,complete,self_masking_logistic_population,10,-0.04114285714285715,-0.11240767179689701,0.030121957511182712,0.07126481465403986,10,-0.19867249417249416,-0.2813671860894957,-0.11597780225549265,0.08269469191700152,10,-0.15816412998765936,-0.2361066787854324,-0.0802215811898863,0.07794254879777306,10,-0.16999999999999998,-0.29640221355326996,-0.043597786446730014,0.12640221355326997,10,-0.14,-0.287763487115672,0.007763487115671985,0.147763487115672,10,0.75,0.48180740519094994,1.01819259480905,0.26819259480905006,10,-1073.2,-1455.205469926616,-691.1945300733842,382.00546992661594,10,-669.4,-679.5009250755645,-659.2990749244354,10.100925075564497,10,-524.8,-530.4508667814949,-519.149133218505,5.650866781494955,10,-0.6520499880280012,-0.6632704695293629,-0.6408295065266395,0.011220481501361627,10,-7.372945392409956,-9.863595280375783,-4.882295504444128,2.490649887965827,10,1.25
target_restriction_of_global,scale_free_m2,50,,,n_inverse_half,logistic_minus_complete,complete,self_masking_logistic_population,10,0.019861111111111118,-0.006926925797859713,0.04664914802008195,0.02678803690897083,10,-0.116250147427392,-0.15473848937384843,-0.07776180548093556,0.03848834194645644,10,-0.07853551224311897,-0.1045698786258894,-0.05250114586034854,0.026034366382770426,10,-0.1,-0.19538092079608865,-0.004619079203911358,0.09538092079608865,10,-0.22999999999999998,-0.35640221355326995,-0.10359778644673001,0.12640221355326997,10,0.65,0.4676190588636111,0.8323809411363889,0.18238094113638892,10,-9577.3,-11508.94771811095,-7645.652281889049,1931.6477181109503,10,-2141.9,-2149.041238396874,-2134.758761603126,7.141238396873927,10,-1659.1,-1668.6764653225123,-1649.5235346774875,9.5764653225124,10,-0.6687287736613131,-0.675661324900072,-0.6617962224225542,0.006932551238758918,10,-76.88777075782001,-92.76331166819443,-61.012229847445575,15.875540910374433,10,1.0
target_restriction_of_global,scale_free_m2,50,,,n_inverse_half,logistic_minus_complete,complete,self_masking_logistic_population,10,0.019861111111111118,-0.006926925797859713,0.04664914802008195,0.02678803690897083,10,-0.116250147427392,-0.15473848937384843,-0.07776180548093556,0.03848834194645644,10,-0.07853551224311897,-0.1045698786258894,-0.05250114586034854,0.026034366382770426,10,-0.09999999999999998,-0.19538092079608863,-0.00461907920391133,0.09538092079608865,10,-0.23000000000000004,-0.35640221355327,-0.10359778644673007,0.12640221355326997,10,0.65,0.4676190588636111,0.8323809411363889,0.18238094113638892,10,-9577.3,-11508.94771811095,-7645.652281889049,1931.6477181109503,10,-2141.9,-2149.041238396874,-2134.758761603126,7.141238396873927,10,-1659.1,-1668.6764653225123,-1649.5235346774875,9.5764653225124,10,-0.6687287736613132,-0.6756613249000721,-0.6617962224225543,0.006932551238758918,10,-73.04536082417995,-90.58496061014827,-55.50576103821163,17.53959978596832,10,1.25
target_restriction_of_global,scale_free_m2,75,,,n_inverse_half,logistic_minus_complete,complete,self_masking_logistic_population,10,0.008321195144724547,-0.0450186759311725,0.0616610662206216,0.05333987107589705,10,-0.12852958152958152,-0.1865119469885147,-0.07054721607064836,0.05798236545893316,10,-0.0883704401259391,-0.13918048854571616,-0.03756039170616204,0.050810048419777064,10,-0.14999999999999997,-0.2631078581399102,-0.036892141860089725,0.11310785813991024,10,-0.30000000000000004,-0.46861123972682817,-0.13138876027317192,0.16861123972682812,10,0.77,0.47591956883623343,1.0640804311637666,0.2940804311637666,10,-30560.3,-37683.191569473674,-23437.408430526324,7122.891569473676,10,-3208.8,-3216.140303979226,-3201.4596960207746,7.340303979225613,10,-2512.5,-2564.228488427733,-2460.771511572267,51.72848842773305,10,-0.6800641598288328,-0.6881823380744577,-0.671945981583208,0.008118178245624875,10,-248.49684050550997,-315.0519172032292,-181.9417638077907,66.55507669771927,10,1.0
target_restriction_of_global,scale_free_m2,75,,,n_inverse_half,logistic_minus_complete,complete,self_masking_logistic_population,10,0.01540064347417286,-0.03407766505876006,0.06487895200710578,0.04947830853293292,10,-0.11886327561327563,-0.1763645915222763,-0.06136195970427497,0.05750131590900066,10,-0.08139802509285557,-0.13084194546338102,-0.03195410472233011,0.04944392037052546,10,-0.12999999999999998,-0.24209794633132364,-0.017902053668676324,0.11209794633132365,10,-0.29000000000000004,-0.413673786985251,-0.1663262130147491,0.12367378698525096,10,0.78,0.49030253284008984,1.0696974671599102,0.2896974671599102,10,-33082.1,-40273.03838622891,-25891.161613771088,7190.93838622891,10,-3546.6,-3553.739247585763,-3539.4607524142366,7.139247585763101,10,-2782.8,-2836.799628432409,-2728.8003715675914,53.999628432409025,10,-0.682100544416055,-0.6896827702737153,-0.6745183185583948,0.007582225857660251,10,-258.44075761398,-330.01334337240183,-186.86817185555816,71.57258575842185,10,1.25
target_restriction_of_global,small_world_k2,20,,,n_inverse_half,logistic_minus_complete,complete,self_masking_logistic_population,10,0.020000000000000007,-0.005632852257603852,0.04563285225760387,0.02563285225760386,10,-0.0033333333333333435,-0.010873857209327382,0.0042071905426606954,0.007540523875994039,10,0.009999999999999998,-0.006861123972682799,0.026861123972682796,0.016861123972682798,10,0.05,-0.03430561986341406,0.13430561986341405,0.08430561986341406,10,-0.06,-0.13689855677281157,0.016898556772811574,0.07689855677281157,10,0.01,-0.012621571627982045,0.03262157162798204,0.022621571627982045,10,-51.0,-76.87180004984691,-25.128199950153093,25.871800049846907,10,-776.5,-807.135785318893,-745.864214681107,30.635785318893003,10,-588.8,-626.2708654451893,-551.3291345548106,37.47086544518938,10,-0.5868876225412167,-0.5969899229975177,-0.5767853220849157,0.010102300456301049,10,-0.17133190816998423,-0.5745335892067607,0.23186977286679228,0.4032016810367765,10,1.0
target_restriction_of_global,small_world_k2,20,,,n_inverse_half,logistic_minus_complete,complete,self_masking_logistic_population,10,0.011666666666666659,-0.010849931904747697,0.03418326523808102,0.022516598571414356,10,-0.0033333333333333435,-0.010873857209327382,0.004207190542660695,0.007540523875994038,10,0.005333333333333357,-0.009545275066977575,0.02021194173364429,0.014878608400310932,10,0.020000000000000007,-0.05388174355783597,0.09388174355783598,0.07388174355783597,10,-0.03,-0.09786471488394616,0.03786471488394616,0.06786471488394616,10,0.01,-0.012621571627982045,0.03262157162798204,0.022621571627982045,10,-57.9,-91.02934120704111,-24.77065879295889,33.12934120704111,10,-616.6,-640.8007354669609,-592.3992645330392,24.20073546696089,10,-467.1,-495.12438513654206,-439.075614863458,28.02438513654202,10,-0.5857423197115226,-0.5955435269505304,-0.5759411124725148,0.009801207239007763,10,-0.27431148744002254,-0.7454198767788325,0.19679690189878746,0.47110838933881,10,1.25
target_restriction_of_global,small_world_k2,50,,,n_inverse_half,logistic_minus_complete,complete,self_masking_logistic_population,10,0.0033333333333333435,-0.0042071905426606954,0.010873857209327382,0.007540523875994039,10,0.0,0.0,0.0,0.0,10,0.0019999999999999905,-0.0025243143255963977,0.006524314325596379,0.004524314325596388,10,0.009999999999999998,-0.012621571627982043,0.03262157162798204,0.02262157162798204,10,-0.01,-0.03262157162798204,0.012621571627982045,0.022621571627982045,10,0.0,0.0,0.0,0.0,10,-55.5,-107.96302891041273,-3.0369710895872615,52.46302891041274,10,-1937.5,-1957.6777712365147,-1917.3222287634853,20.177771236514765,10,-1295.0,-1300.136419779432,-1289.863580220568,5.136419779431799,10,-0.5624514022237078,-0.5661905323242076,-0.5587122721232081,0.003739130100499755,10,-0.6516433288999817,-1.6872704439672828,0.38398378616731943,1.035627115067301,10,1.0
target_restriction_of_global,small_world_k2,50,,,n_inverse_half,logistic_minus_complete,complete,self_masking_logistic_population,10,0.0033333333333333435,-0.004207190542660695,0.010873857209327382,0.007540523875994038,10,0.0,0.0,0.0,0.0,10,0.0019999999999999905,-0.0025243143255963977,0.006524314325596379,0.004524314325596388,10,0.009999999999999998,-0.012621571627982043,0.03262157162798204,0.02262157162798204,10,-0.01,-0.03262157162798204,0.012621571627982045,0.022621571627982045,10,0.0,0.0,0.0,0.0,10,-55.5,-107.96302891041273,-3.0369710895872615,52.46302891041274,10,-1937.5,-1957.6777712365147,-1917.3222287634853,20.177771236514765,10,-1295.0,-1300.136419779432,-1289.863580220568,5.136419779431799,10,-0.5624514022237079,-0.5661905323242077,-0.5587122721232082,0.003739130100499755,10,-0.17540481802998328,-1.003564331486553,0.6527546954265864,0.8281595134565697,10,1.25
target_restriction_of_global,small_world_k2,75,,,n_inverse_half,logistic_minus_complete,complete,self_masking_logistic_population,10,0.0050000000000000044,-0.006310785813991028,0.016310785813991036,0.011310785813991033,10,0.0,0.0,0.0,0.0,10,0.0033333333333333435,-0.004207190542660695,0.010873857209327382,0.007540523875994038,10,0.009999999999999998,-0.012621571627982043,0.03262157162798204,0.02262157162798204,10,-0.01,-0.03262157162798204,0.012621571627982045,0.022621571627982045,10,0.0,0.0,0.0,0.0,10,-115.8,-169.82489358484483,-61.775106415155165,54.02489358484483,10,-2950.0,-3008.745472273966,-2891.254527726034,58.745472273965994,10,-1928.5,-1931.4446687079324,-1925.5553312920676,2.9446687079324323,10,-0.5511729243794472,-0.5538982195070726,-0.5484476292518218,0.0027252951276254293,10,-0.7994531199300008,-2.5315107210376784,0.9326044811776766,1.7320576011076774,10,1.0
target_restriction_of_global,small_world_k2,75,,,n_inverse_half,logistic_minus_complete,complete,self_masking_logistic_population,10,0.015833333333333355,0.00032629288534886426,0.03134037378131785,0.015507040447984491,10,0.0,0.0,0.0,0.0,10,0.010095238095238102,-4.155277776947408e-05,0.020232028968245677,0.010136790873007576,10,0.039999999999999994,0.003059128221082008,0.07694087177891798,0.036940871778917986,10,-0.04,-0.07694087177891798,-0.003059128221082015,0.036940871778917986,10,0.0,0.0,0.0,0.0,10,-103.1,-155.28505611847916,-50.91494388152082,52.185056118479174,10,-3257.2,-3323.410608902304,-3190.9893910976957,66.2106089023041,10,-2133.05,-2136.179317408538,-2129.9206825914625,3.1293174085375166,10,-0.5505806969119754,-0.5536240355335688,-0.5475373582903821,0.003043338621593312,10,0.38814533922000843,-1.9434106512250289,2.7197013296650456,2.3315559904450374,10,1.25
target_restriction_of_global,small_world_k2,100,,,n_inverse_half,logistic_minus_complete,complete,self_masking_logistic_population,10,0.011666666666666681,-0.00615089611498504,0.029484229448318404,0.01781756278165172,10,0.0,0.0,0.0,0.0,10,0.007333333333333347,-0.003783080088799454,0.018449746755466147,0.011116413422132801,10,0.029999999999999992,-0.018282911193318367,0.07828291119331834,0.04828291119331836,10,-0.030000000000000006,-0.07828291119331837,0.018282911193318367,0.04828291119331837,10,0.0,0.0,0.0,0.0,10,-233.8,-314.2286571385491,-153.3713428614509,80.4286571385491,10,-4058.9,-4162.569698981302,-3955.230301018698,103.6696989813024,10,-2563.2,-2567.67121910826,-2558.7287808917395,4.471219108260255,10,-0.5457913815204924,-0.5486704518081182,-0.5429123112328667,0.002879070287625776,10,-2.729861015229946,-4.226544964008995,-1.2331770664508965,1.4966839487790493,10,1.0
target_restriction_of_global,small_world_k2,100,,,n_inverse_half,logistic_minus_complete,complete,self_masking_logistic_population,10,0.011666666666666681,-0.01084993190474771,0.03418326523808107,0.02251659857141439,10,0.0,0.0,0.0,0.0,10,0.007333333333333325,-0.006787123970558114,0.021453790637224766,0.01412045730389144,10,0.029999999999999992,-0.02889337415864865,0.08889337415864863,0.05889337415864864,10,-0.030000000000000006,-0.08889337415864866,0.02889337415864865,0.058893374158648655,10,0.0,0.0,0.0,0.0,10,-223.1,-292.27537858121315,-153.92462141878684,69.17537858121314,10,-4794.0,-4923.241587626848,-4664.758412373152,129.24158762684792,10,-3047.9,-3053.0303277380867,-3042.7696722619135,5.130327738086656,10,-0.545776698658765,-0.548918296336321,-0.5426351009812089,0.0031415976775560923,10,-1.0426461743501192,-3.415427080228296,1.3301347315280578,2.372780905878177,10,1.25
