evaluation_scope,topology,p,gamma,missingness_mode,missing_rate_target,alpha_schedule,n_graph_cells,n_graph_seeds,precision_mean,precision_lo95,precision_hi95,precision_halfwidth95,recall_mean,recall_lo95,recall_hi95,recall_halfwidth95,f1_mean,f1_lo95,f1_hi95,f1_halfwidth95,exact_recovery_mean,exact_recovery_lo95,exact_recovery_hi95,exact_recovery_halfwidth95,fp_mean,fp_lo95,fp_hi95,fp_halfwidth95,fn_mean,fn_lo95,fn_hi95,fn_halfwidth95,trace_ci_tests_mean,trace_ci_tests_lo95,trace_ci_tests_hi95,trace_ci_tests_halfwidth95,trace_ci_n_eff_min_mean,trace_ci_n_eff_min_lo95,trace_ci_n_eff_min_hi95,trace_ci_n_eff_min_halfwidth95,trace_ci_n_eff_median_mean,trace_ci_n_eff_median_lo95,trace_ci_n_eff_median_hi95,trace_ci_n_eff_median_halfwidth95,trace_ci_effective_fraction_mean_mean,trace_ci_effective_fraction_mean_lo95,trace_ci_effective_fraction_mean_hi95,trace_ci_effective_fraction_mean_halfwidth95,runtime_seconds_mean,runtime_seconds_lo95,runtime_seconds_hi95,runtime_seconds_halfwidth95,oracle_separator_coverage_fraction_mean,oracle_separator_coverage_fraction_lo95,oracle_separator_coverage_fraction_hi95,oracle_separator_coverage_fraction_halfwidth95,oracle_pc_dependent_partial_corr_q05_mean,oracle_pc_dependent_partial_corr_q05_lo95,oracle_pc_dependent_partial_corr_q05_hi95,oracle_pc_dependent_partial_corr_q05_halfwidth95
global_whole_skeleton,er_expected_degree_2,20,1.0,complete,0.0,n_inverse_half,10,10,0.9657474076266983,0.9414536967330679,0.9900411185203287,0.024293710893630416,0.9415766441796191,0.8915473313532358,0.9916059570060023,0.05002931282638323,0.9521149069730839,0.9220264724630667,0.9822033414831011,0.030088434510017192,0.2,-0.10162095503976065,0.5016209550397607,0.30162095503976066,0.7,0.21717088806681617,1.1828291119331837,0.4828291119331838,1.4,0.22213251682702695,2.577867483172973,1.1778674831729732,943.8,584.8888380347848,1302.711161965215,358.9111619652151,1000.0,1000.0,1000.0,0.0,1000.0,1000.0,1000.0,0.0,1.0,1.0,1.0,0.0,5.526633999299906,3.025494278666343,8.027773719933469,2.501139720633563,1.0,1.0,1.0,0.0,0.0838303956713607,0.0650999070431568,0.10256088429956461,0.01873048862820391
global_whole_skeleton,er_expected_degree_2,20,1.0,self_masking_gaussian_preserving,0.3,n_inverse_half,10,10,0.9880701754385963,0.9699237822840401,1.0062165685931526,0.01814639315455624,0.9116140462321812,0.8502298804061943,0.9729982120581682,0.061384165825986936,0.9466029784693758,0.9089612395288355,0.9842447174099161,0.03764173894054035,0.2,-0.10162095503976065,0.5016209550397607,0.30162095503976066,0.2,-0.10162095503976065,0.5016209550397607,0.30162095503976066,2.1,0.651512664200449,3.5484873357995514,1.4484873357995514,739.3,520.662760526241,957.937239473759,218.637239473759,176.7,157.93924327330342,195.46075672669656,18.76075672669657,353.3,347.48792385263687,359.11207614736315,5.812076147363143,0.3718607318620603,0.3574150239316384,0.38630643979248225,0.014445707930421936,4.542370386500034,2.963883196078978,6.12085757692109,1.5784871904210558,1.0,1.0,1.0,0.0,0.0838303956713607,0.0650999070431568,0.10256088429956461,0.01873048862820391
global_whole_skeleton,er_expected_degree_2,20,1.0,self_masking_logistic_population,0.3,n_inverse_half,10,10,0.9889880952380953,0.9721925143687336,1.005783676107457,0.016795580869361726,0.9060094913667568,0.8422934179516124,0.9697255647819012,0.0637160734151444,0.9438354245437978,0.904733536490746,0.9829373125968496,0.039101888053051814,0.3,-0.045550214413643764,0.6455502144136438,0.34555021441364375,0.2,-0.10162095503976065,0.5016209550397607,0.30162095503976066,2.3,0.6122023325486448,3.987797667451355,1.6877976674513553,746.0,515.2042846629614,976.7957153370386,230.7957153370386,176.1,152.83543686981696,199.36456313018303,23.264563130183035,354.3,333.84293255772275,374.7570674422773,20.457067442277264,0.36839801894477764,0.3531403255113876,0.3836557123781677,0.015257693433390063,4.467031414899975,2.9887610547831835,5.945301775016767,1.4782703601167917,1.0,1.0,1.0,0.0,0.0838303956713607,0.0650999070431568,0.10256088429956461,0.01873048862820391
global_whole_skeleton,er_expected_degree_2,20,1.25,complete,0.0,n_inverse_half,10,10,0.975530957410248,0.9565650551189593,0.9944968597015367,0.018965902291288694,0.9415766441796191,0.8915473313532358,0.9916059570060023,0.05002931282638323,0.9572646218729256,0.9253862958985071,0.9891429478473441,0.03187832597441853,0.3,-0.045550214413643764,0.6455502144136438,0.34555021441364375,0.5,0.12297380620029918,0.8770261937997008,0.3770261937997008,1.4,0.22213251682702695,2.577867483172973,1.1778674831729732,948.3,585.1265680882864,1311.4734319117135,363.1734319117136,796.0,796.0,796.0,0.0,796.0,796.0,796.0,0.0,1.0,1.0,1.0,0.0,6.012672851700017,3.6476790021273082,8.377666701272727,2.364993849572709,1.0,1.0,1.0,0.0,0.0838303956713607,0.0650999070431568,0.10256088429956461,0.01873048862820391
global_whole_skeleton,er_expected_degree_2,20,1.25,self_masking_gaussian_preserving,0.3,n_inverse_half,10,10,0.9722117794486216,0.9423234333098894,1.0021001255873536,0.02988834613873209,0.8964890462321813,0.836930044073162,0.9560480483912006,0.059559002159019325,0.9311134716907856,0.8925589006191347,0.9696680427624366,0.038554571071650945,0.1,-0.12621571627982048,0.3262157162798205,0.22621571627982048,0.5,-0.005833719180484476,1.0058337191804845,0.5058337191804845,2.5,1.0204423760830474,3.9795576239169526,1.4795576239169526,704.0,508.443524039198,899.556475960802,195.556475960802,139.2,124.75128582221937,153.64871417778062,14.448714177780623,281.6,276.08767590091276,287.1123240990873,5.512324099087266,0.3740458849231065,0.36075126228317683,0.3873405075630361,0.013294622639929643,3.8106376087999934,2.6340712940881024,4.987203923511885,1.1765663147118912,1.0,1.0,1.0,0.0,0.08383039567136069,0.06509990704315678,0.1025608842995646,0.01873048862820391
global_whole_skeleton,er_expected_degree_2,20,1.25,self_masking_logistic_population,0.3,n_inverse_half,10,10,0.9866666666666667,0.9565045711626906,1.0168287621706427,0.030162095503976027,0.8859593660534737,0.8127887243859461,0.9591300077210013,0.07317064166752762,0.9318065664889479,0.8802288937611397,0.9833842392167561,0.05157767272780822,0.2,-0.10162095503976065,0.5016209550397607,0.30162095503976066,0.2,-0.25243143255964096,0.652431432559641,0.45243143255964097,2.7,0.9461188844303112,4.453881115569689,1.7538811155696887,698.1,491.37424471441494,904.825755285585,206.72575528558505,140.5,122.53439526228911,158.4656047377109,17.96560473771089,286.3,264.87097737716033,307.7290226228397,21.429022622839682,0.37325905249848895,0.3591504018152978,0.3873677031816801,0.01410865068319117,4.319939341899999,2.8082204403891735,5.831658243410824,1.5117189015108252,1.0,1.0,1.0,0.0,0.08383039567136069,0.06509990704315678,0.1025608842995646,0.01873048862820391
global_whole_skeleton,er_expected_degree_2,50,1.0,complete,0.0,n_inverse_half,10,10,0.9703150992520477,0.9519826402481095,0.9886475582559859,0.018332459003938206,0.9724059205677211,0.9594658797150106,0.9853459614204316,0.0129400408527105,0.9710893683207086,0.9607863044532079,0.9813924321882093,0.010303063867500684,0.0,0.0,0.0,0.0,1.6,0.6951371348807182,2.504862865119282,0.904862865119282,1.6,0.8310144322718842,2.368985567728116,0.7689855677281159,4703.9,3488.8485442013216,5918.951455798678,1215.051455798678,2500.0,2500.0,2500.0,0.0,2500.0,2500.0,2500.0,0.0,1.0,1.0,1.0,0.0,28.7217166484,19.362422484005045,38.08101081279496,9.359294164394957,1.0,1.0,1.0,0.0,,,,
global_whole_skeleton,er_expected_degree_2,50,1.0,self_masking_gaussian_preserving,0.3,n_inverse_half,10,10,0.9920357504835146,0.9845625960656661,0.999508904901363,0.00747315441784846,0.9504349927886035,0.9263693817815599,0.9745006037956472,0.02406561100704363,0.9704245639466691,0.9585454429083146,0.9823036849850236,0.011879121038354534,0.0,0.0,0.0,0.0,0.4,0.03059128221082008,0.76940871778918,0.36940871778917994,2.9,1.3381829287915001,4.4618170712084995,1.5618170712084996,3810.9,3013.2134686606214,4608.586531339379,797.6865313393787,395.8,386.8728349598134,404.7271650401866,8.927165040186594,878.1,870.3186323891304,885.8813676108697,7.781367610869665,0.378930642189016,0.3668870029537166,0.3909742814243154,0.012043639235299386,21.980103864600004,15.940056506436548,28.02015122276346,6.040047358163456,1.0,1.0,1.0,0.0,,,,
global_whole_skeleton,er_expected_degree_2,50,1.0,self_masking_logistic_population,0.3,n_inverse_half,10,10,0.9924170833473159,0.9852982005664969,0.999535966128135,0.007118882780819069,0.9386426977787989,0.9025536365949575,0.9747317589626404,0.036089061183841475,0.9641981171263454,0.9432613181932692,0.9851349160594216,0.020936798933076206,0.1,-0.12621571627982048,0.3262157162798205,0.22621571627982048,0.4,0.03059128221082008,0.76940871778918,0.36940871778917994,3.6,1.3328213944796947,5.867178605520305,2.2671786055203054,3787.4,3019.2278280842256,4555.572171915775,768.1721719157745,375.8,359.07158953167567,392.52841046832435,16.72841046832434,879.95,859.7247672764548,900.1752327235453,20.22523272354522,0.3767757315867486,0.3632471711408086,0.39030429203268857,0.013528560445939974,23.031727640600003,17.663171295784885,28.400283985415122,5.368556344815119,1.0,1.0,1.0,0.0,,,,
global_whole_skeleton,er_expected_degree_2,50,1.25,complete,0.0,n_inverse_half,10,10,0.970315099252048,0.9519826402481097,0.9886475582559862,0.018332459003938206,0.9724059205677211,0.9594658797150106,0.9853459614204316,0.0129400408527105,0.9710893683207086,0.9607863044532079,0.9813924321882093,0.010303063867500684,0.0,0.0,0.0,0.0,1.6,0.6951371348807182,2.504862865119282,0.904862865119282,1.6,0.8310144322718842,2.368985567728116,0.7689855677281159,4703.9,3488.8485442013216,5918.951455798678,1215.051455798678,2500.0,2500.0,2500.0,0.0,2500.0,2500.0,2500.0,0.0,1.0,1.0,1.0,0.0,30.57856853859994,20.886395714233117,40.27074136296676,9.692172824366821,1.0,1.0,1.0,0.0,,,,
global_whole_skeleton,er_expected_degree_2,50,1.25,self_masking_gaussian_preserving,0.3,n_inverse_half,10,10,0.9920357504835146,0.9845625960656661,0.999508904901363,0.00747315441784846,0.9504349927886038,0.9263693817815601,0.9745006037956474,0.02406561100704363,0.9704245639466691,0.9585454429083146,0.9823036849850236,0.011879121038354534,0.0,0.0,0.0,0.0,0.4,0.03059128221082008,0.76940871778918,0.36940871778917994,2.9,1.3381829287915001,4.4618170712084995,1.5618170712084996,3810.9,3013.2134686606214,4608.586531339379,797.6865313393787,395.8,386.8728349598134,404.7271650401866,8.927165040186594,878.1,870.3186323891304,885.8813676108697,7.781367610869665,0.37893064218901606,0.3668870029537167,0.39097428142431545,0.012043639235299386,23.62300152839996,18.01387389998508,29.232129156814842,5.609127628414882,1.0,1.0,1.0,0.0,,,,
global_whole_skeleton,er_expected_degree_2,50,1.25,self_masking_logistic_population,0.3,n_inverse_half,10,10,0.9924170833473159,0.9852982005664969,0.999535966128135,0.007118882780819069,0.9386426977787989,0.9025536365949575,0.9747317589626404,0.036089061183841475,0.9641981171263454,0.9432613181932692,0.9851349160594216,0.020936798933076206,0.1,-0.12621571627982048,0.3262157162798205,0.22621571627982048,0.4,0.030591282210820137,0.76940871778918,0.36940871778917994,3.6,1.3328213944796947,5.867178605520305,2.2671786055203054,3787.4,3019.2278280842256,4555.572171915775,768.1721719157745,375.8,359.07158953167567,392.52841046832435,16.72841046832434,879.95,859.7247672764548,900.1752327235453,20.22523272354522,0.37677573158674854,0.36324717114080857,0.3903042920326885,0.013528560445939974,23.217732353299972,17.73696207971003,28.698502626889915,5.480770273589943,1.0,1.0,1.0,0.0,,,,
global_whole_skeleton,er_expected_degree_2,75,1.0,complete,0.0,n_inverse_half,10,10,0.9588423342589689,0.9474268566661053,0.9702578118518326,0.011415477592863654,0.9854083664016822,0.9731768006132501,0.9976399321901143,0.012231565788432097,0.971844894063031,0.9626184611098063,0.9810713270162557,0.009226432953224672,0.0,0.0,0.0,0.0,3.3,2.3432147810383896,4.25678521896161,0.9567852189616104,1.2,0.19963646322445827,2.2003635367755416,1.0003635367755417,9081.3,6524.245956632269,11638.35404336773,2557.0540433677306,3750.0,3750.0,3750.0,0.0,3750.0,3750.0,3750.0,0.0,1.0,1.0,1.0,0.0,57.01504872019996,39.4388010677782,74.59129637262171,17.576247652421756,1.0,1.0,1.0,0.0,,,,
global_whole_skeleton,er_expected_degree_2,75,1.0,self_masking_gaussian_preserving,0.3,n_inverse_half,10,10,0.9910996016458318,0.9810132896682775,1.001185913623386,0.010086311977554274,0.9734314210286351,0.955219888889122,0.9916429531681482,0.018211532139513098,0.9821116669654184,0.9687373414082668,0.99548599252257,0.013374325557151567,0.3,-0.045550214413643764,0.6455502144136438,0.34555021441364375,0.7,-0.05781327071832265,1.4578132707183227,0.7578132707183227,2.2,0.6620288645437684,3.737971135456232,1.5379711354562318,7531.7,5811.096558529772,9252.303441470227,1720.6034414702276,604.7,595.6071786874611,613.792821312539,9.092821312538945,1460.9,1295.2896146069181,1626.510385393082,165.61038539308197,0.3944840924323854,0.37858974376442917,0.41037844110034166,0.01589434866795625,43.8561027658,29.838105470282862,57.874100061317144,14.01799729551714,1.0,1.0,1.0,0.0,,,,
global_whole_skeleton,er_expected_degree_2,75,1.0,self_masking_logistic_population,0.3,n_inverse_half,10,10,0.988499540727763,0.9790264508344648,0.9979726306210612,0.009473089893298203,0.9720027675063282,0.9518000588800323,0.9922054761326241,0.020202708626295918,0.9800481133529015,0.9665924259641607,0.9935038007416424,0.013455687388740811,0.2,-0.10162095503976065,0.5016209550397607,0.30162095503976066,0.9,0.1886284002805012,1.6113715997194988,0.7113715997194988,2.3,0.6122023325486448,3.987797667451355,1.6877976674513553,7663.4,5795.082002603422,9531.717997396578,1868.317997396578,557.7,547.9377149962836,567.4622850037165,9.762285003716443,1462.4,1299.762873682771,1625.0371263172292,162.6371263172291,0.3924823763443185,0.3758457557807564,0.40911899690788056,0.016636620563562077,45.57037527349994,32.689541527103245,58.45120901989664,12.880833746396696,1.0,1.0,1.0,0.0,,,,
global_whole_skeleton,er_expected_degree_2,75,1.25,complete,0.0,n_inverse_half,10,10,0.9563392314081458,0.9361917806099229,0.9764866822063687,0.020147450798222888,0.9840385033879834,0.9698786223540221,0.9981983844219446,0.014159881033961264,0.9698486662951711,0.9547217320237023,0.9849756005666399,0.015126934271468828,0.1,-0.12621571627982048,0.3262157162798205,0.22621571627982048,3.5,1.8393718761459152,5.160628123854085,1.660628123854085,1.3,0.17902053668676343,2.4209794633132367,1.1209794633132366,9121.4,6549.345826782781,11693.454173217218,2572.0541732172187,4151.0,4151.0,4151.0,0.0,4151.0,4151.0,4151.0,0.0,1.0,1.0,1.0,0.0,55.69695457669995,37.56928803101336,73.82462112238655,18.127666545686594,1.0,1.0,1.0,0.0,,,,
global_whole_skeleton,er_expected_degree_2,75,1.25,self_masking_gaussian_preserving,0.3,n_inverse_half,10,10,0.9873533354658101,0.9753382249490272,0.9993684459825929,0.012015110516782834,0.9745677846649988,0.9577008680513325,0.9914347012786652,0.01686691661366635,0.9808613223237621,0.9672832261226736,0.9944394185248506,0.013578096201088519,0.3,-0.045550214413643764,0.6455502144136438,0.34555021441364375,1.0,0.10779318286503692,1.892206817134963,0.8922068171349631,2.1,0.6913138882906491,3.508686111709351,1.408686111709351,7620.7,5858.332055377991,9383.06794462201,1762.367944622009,670.1,659.123680250765,681.076319749235,10.976319749235017,1614.85,1430.493979523544,1799.2060204764557,184.3560204764558,0.39352056990689444,0.3776826708395066,0.4093584689742823,0.01583789906738786,45.81961229470012,29.137659660533714,62.50156492886653,16.681952634166407,1.0,1.0,1.0,0.0,,,,
global_whole_skeleton,er_expected_degree_2,75,1.25,self_masking_logistic_population,0.3,n_inverse_half,10,10,0.9871679429335707,0.9770978323490881,0.9972380535180533,0.010070110584482594,0.9708791720007103,0.9503388058940869,0.9914195381073336,0.020540366106623353,0.9788607494368554,0.9642311772408623,0.9934903216328486,0.014629572195993146,0.2,-0.10162095503976065,0.5016209550397607,0.30162095503976066,1.0,0.24594761240059837,1.7540523875994016,0.7540523875994016,2.4,0.6738951894509888,4.126104810549011,1.7261048105490109,7742.6,5846.835238226682,9638.364761773319,1895.7647617733182,620.3,607.0748153529715,633.5251846470284,13.225184647028414,1616.7,1433.63010284817,1799.76989715183,183.06989715183,0.3916021628026457,0.37469831812101395,0.40850600748427746,0.016903844681631752,47.096389374699946,33.372879008874754,60.81989974052514,13.723510365825192,1.0,1.0,1.0,0.0,,,,
global_whole_skeleton,er_expected_degree_2,100,1.0,complete,0.0,n_inverse_half,10,10,0.9449850523827361,0.9211000494434765,0.9688700553219958,0.02388500293925966,0.997300551586528,0.9941663438061754,1.0004347593668805,0.0031342077803525603,0.9701556528018072,0.9572576200755286,0.9830536855280857,0.012898032726278541,0.0,0.0,0.0,0.0,5.8,3.51782335702989,8.08217664297011,2.28217664297011,0.3,-0.045550214413643764,0.6455502144136438,0.34555021441364375,12581.6,9499.888774561183,15663.311225438818,3081.7112254388176,5000.0,5000.0,5000.0,0.0,5000.0,5000.0,5000.0,0.0,1.0,1.0,1.0,0.0,78.2538706977,58.109564369932144,98.39817702546785,20.14430632776785,1.0,1.0,1.0,0.0,,,,
global_whole_skeleton,er_expected_degree_2,100,1.0,self_masking_gaussian_preserving,0.3,n_inverse_half,10,10,0.9937232762117556,0.98558393245348,1.0018626199700311,0.008139343758275575,0.9857359604517623,0.9757331042988295,0.995738816604695,0.010002856152932726,0.9896094087444869,0.9845220670282223,0.9946967504607515,0.005087341716264571,0.2,-0.10162095503976065,0.5016209550397607,0.30162095503976066,0.6,-0.1689855677281158,1.3689855677281157,0.7689855677281158,1.6,0.4221325168270271,2.7778674831729733,1.1778674831729732,10825.5,8629.078781857945,13021.921218142055,2196.4212181420553,814.3,800.1204062435753,828.4795937564246,14.179593756424651,2020.0,1776.851835108015,2263.148164891985,243.14816489198495,0.4056812989099944,0.38980288660687235,0.4215597112131164,0.015878412303122036,61.59192692299998,42.099873733851155,81.08398011214881,19.492053189148827,1.0,1.0,1.0,0.0,,,,
global_whole_skeleton,er_expected_degree_2,100,1.0,self_masking_logistic_population,0.3,n_inverse_half,10,10,0.992123490312712,0.986656308474512,0.9975906721509119,0.0054671818381999415,0.9855671015822279,0.9767693246454164,0.9943648785190394,0.008797776936811497,0.988788297270386,0.9834951310234358,0.9940814635173362,0.005293166246950198,0.1,-0.12621571627982048,0.3262157162798205,0.22621571627982048,0.8,0.23571886278483434,1.3642811372151658,0.5642811372151657,1.6,0.5771535765474765,2.6228464234525237,1.0228464234525236,10905.1,8620.329367296257,13189.870632703743,2284.770632703743,744.5,734.132122427259,754.867877572741,10.367877572741008,2036.6,1804.9828451433211,2268.217154856679,231.6171548566789,0.4047786295304337,0.38863636855040107,0.42092089051046633,0.01614226098003263,63.081388080800025,50.032091430352125,76.13068473124792,13.0492966504479,1.0,1.0,1.0,0.0,,,,
global_whole_skeleton,er_expected_degree_2,100,1.25,complete,0.0,n_inverse_half,10,10,0.9493425960579099,0.9297317064979912,0.9689534856178287,0.019610889559918743,0.997300551586528,0.9941663438061754,1.0004347593668805,0.0031342077803525603,0.9725370529677402,0.9621921938080695,0.9828819121274108,0.01034485915967065,0.0,0.0,0.0,0.0,5.3,3.4824365296227695,7.11756347037723,1.8175634703772303,0.3,-0.045550214413643764,0.6455502144136438,0.34555021441364375,12652.9,9403.581176435117,15902.218823564883,3249.318823564883,5947.0,5947.0,5947.0,0.0,5947.0,5947.0,5947.0,0.0,1.0,1.0,1.0,0.0,79.94362989600017,50.10271514574403,109.78454464625632,29.840914750256147,1.0,1.0,1.0,0.0,,,,
global_whole_skeleton,er_expected_degree_2,100,1.25,self_masking_gaussian_preserving,0.3,n_inverse_half,10,10,0.9897036308856653,0.9819541486545461,0.9974531131167844,0.007749482231119154,0.9892355847091124,0.981747421951167,0.9967237474670578,0.0074881627579453935,0.9893953946982702,0.9853000539569601,0.9934907354395803,0.004095340741310127,0.0,0.0,0.0,0.0,1.0,0.24594761240059837,1.7540523875994016,0.7540523875994016,1.2,0.3206313603429294,2.0793686396570705,0.8793686396570706,10895.7,8686.227063017755,13105.172936982246,2209.4729369822453,969.7,954.6867809835434,984.7132190164567,15.013219016456674,2401.6,2110.012085425446,2693.187914574554,291.5879145745539,0.4052555568716111,0.38939738242295485,0.4211137313202673,0.015858174448656226,63.802124645000006,50.68194067016559,76.92230861983442,13.120183974834418,1.0,1.0,1.0,0.0,,,,
global_whole_skeleton,er_expected_degree_2,100,1.25,self_masking_logistic_population,0.3,n_inverse_half,10,10,0.994928590751235,0.9896154417508155,1.0002417397516545,0.005313149000419515,0.9863735531951312,0.9779013845457977,0.9948457218444647,0.008472168649333534,0.9905849333331588,0.985717013117137,0.9954528535491806,0.004867920216021782,0.2,-0.10162095503976065,0.5016209550397607,0.30162095503976066,0.5,-0.005833719180484476,1.0058337191804845,0.5058337191804845,1.5,0.5314021704787941,2.468597829521206,0.9685978295212059,11012.7,8646.617479828594,13378.782520171408,2366.082520171407,890.0,877.2433589872359,902.7566410127641,12.756641012764135,2418.6,2139.1540044008934,2698.0459955991064,279.4459955991065,0.40423848868998713,0.38735987680958167,0.4211171005703926,0.01687861188040546,64.62205859390001,43.82572635281832,85.4183908349817,20.796332241081686,1.0,1.0,1.0,0.0,,,,
global_whole_skeleton,er_expected_degree_2,150,1.0,complete,0.0,n_inverse_half,10,10,0.9465839912934871,0.9348454961517702,0.9583224864352041,0.011738495141716987,0.9926770984146506,0.9877075309049422,0.9976466659243589,0.004969567509708339,0.9690184911682194,0.9619174022310235,0.9761195801054152,0.007101088937195854,0.0,0.0,0.0,0.0,8.9,6.949640912112655,10.850359087887345,1.9503590878873447,1.2,0.38786072391279136,2.0121392760872086,0.8121392760872086,25478.5,21698.211003263285,29258.788996736715,3780.2889967367155,7500.0,7500.0,7500.0,0.0,7500.0,7500.0,7500.0,0.0,1.0,1.0,1.0,0.0,157.21210539019995,129.9084515460972,184.5157592343027,27.30365384410274,1.0,1.0,1.0,0.0,,,,
global_whole_skeleton,er_expected_degree_2,150,1.0,self_masking_gaussian_preserving,0.3,n_inverse_half,10,10,0.9973450044602179,0.9948782917916759,0.9998117171287599,0.002466712668542037,0.9890527496395075,0.9818562641008594,0.9962492351781557,0.007196485538648156,0.9931578646095527,0.9891639956183603,0.997151733600745,0.003993868991192362,0.1,-0.12621571627982048,0.3262157162798205,0.22621571627982048,0.4,0.03059128221082008,0.76940871778918,0.36940871778917994,1.8,0.5935161798409574,3.0064838201590427,1.2064838201590427,22449.3,19807.201469980315,25091.398530019684,2642.0985300196844,1215.4,1210.8606296782953,1219.939370321705,4.539370321704837,3135.3,2769.016454492593,3501.5835455074075,366.2835455074073,0.4115342544660988,0.4026495210271148,0.4204189879050828,0.008884733438983994,129.68836496230006,103.77098985575125,155.60574006884886,25.917375106548803,1.0,1.0,1.0,0.0,,,,
global_whole_skeleton,er_expected_degree_2,150,1.0,self_masking_logistic_population,0.3,n_inverse_half,10,10,0.9934816722222994,0.9890524869991463,0.9979108574454526,0.004429185223153165,0.9870769300938773,0.9781992402217746,0.99595461996598,0.00887768987210269,0.9902471239652135,0.9841414500684618,0.9963527978619653,0.006105673896751762,0.0,0.0,0.0,0.0,1.0,0.3255550410926875,1.6744449589073125,0.6744449589073125,2.1,0.6913138882906491,3.508686111709351,1.408686111709351,22507.2,19798.938705347413,25215.46129465259,2708.261294652588,1120.1,1101.1690796685716,1139.0309203314282,18.930920331428297,3243.9,2907.527304358461,3580.272695641539,336.37269564153894,0.41068325113927473,0.40131276119262754,0.4200537410859219,0.009370489946647187,130.24981796439997,112.78646364239569,147.71317228640424,17.463354322004278,1.0,1.0,1.0,0.0,,,,
global_whole_skeleton,er_expected_degree_2,150,1.25,complete,0.0,n_inverse_half,10,10,0.9578713134443559,0.9467168079947795,0.9690258188939324,0.011154505449576413,0.9932723365098886,0.988034261782921,0.9985104112368561,0.005238074726967579,0.9752020765696928,0.9679635493426069,0.9824406037967788,0.007238527227085956,0.0,0.0,0.0,0.0,6.9,5.13319877524054,8.66680122475946,1.76680122475946,1.1,0.2435611205782272,1.956438879421773,0.856438879421773,25637.8,21694.993850163206,29580.606149836793,3942.8061498367933,9871.0,9871.0,9871.0,0.0,9871.0,9871.0,9871.0,0.0,1.0,1.0,1.0,0.0,170.48876905359984,136.14862947210773,204.82890863509195,34.34013958149211,1.0,1.0,1.0,0.0,,,,
global_whole_skeleton,er_expected_degree_2,150,1.25,self_masking_gaussian_preserving,0.3,n_inverse_half,10,10,0.993947259563891,0.9884753099320561,0.9994192091957258,0.005471949631834838,0.9902452478702223,0.9844241919714934,0.9960663037689511,0.005821055898728833,0.9920577867119041,0.9885499533347453,0.995565620089063,0.0035078333771588754,0.0,0.0,0.0,0.0,0.9,0.11274619496864269,1.6872538050313572,0.7872538050313573,1.6,0.6343417761336327,2.565658223866367,0.9656582238663672,22804.6,19924.26632717302,25684.933672826977,2880.3336728269787,1613.0,1606.6462416452662,1619.3537583547338,6.353758354733827,4234.6,3751.6898502346085,4717.510149765392,482.9101497653919,0.4102058084904998,0.40057260085092367,0.41983901613007596,0.009633207639576147,131.89972708630012,106.09116146417328,157.70829270842694,25.808565622126828,1.0,1.0,1.0,0.0,,,,
global_whole_skeleton,er_expected_degree_2,150,1.25,self_masking_logistic_population,0.3,n_inverse_half,10,10,0.9975275305374363,0.9952383702283021,0.9998166908465704,0.002289160309134175,0.9883508154441959,0.9812461457525191,0.9954554851358727,0.007104669691676779,0.9928966257040237,0.9888705216215958,0.9969227297864516,0.004026104082427873,0.2,-0.10162095503976065,0.5016209550397607,0.30162095503976066,0.4,0.030591282210820137,0.76940871778918,0.36940871778917994,1.9,0.758911678514945,3.041088321485055,1.141088321485055,22942.5,20031.859615276506,25853.140384723494,2910.640384723494,1481.8,1462.5227867594824,1501.0772132405175,19.27721324051754,4165.6,3707.2667370619506,4623.93326293805,458.33326293804953,0.4090015102366006,0.3986875656267353,0.4193154548464659,0.010313944609865289,134.70220355610036,115.2193255142515,154.18508159794922,19.482878041848863,1.0,1.0,1.0,0.0,,,,
global_whole_skeleton,random_regular_d2,20,1.0,complete,0.0,n_inverse_half,10,10,0.9904761904761905,0.9761132878552495,1.0048390930971314,0.01436290262094092,0.9949999999999999,0.9836892141860089,1.006310785813991,0.011310785813991087,0.9925578486554096,0.9839822669968212,1.001133430313998,0.008575581658588405,0.7,0.3544497855863562,1.0455502144136437,0.34555021441364375,0.2,-0.10162095503976065,0.5016209550397607,0.30162095503976066,0.1,-0.12621571627982048,0.3262157162798205,0.22621571627982048,381.8,342.48674277017125,421.1132572298288,39.313257229828764,1000.0,1000.0,1000.0,0.0,1000.0,1000.0,1000.0,0.0,1.0,1.0,1.0,0.0,1.8895131506000098,1.6386172827175807,2.1404090184824387,0.250895867882429,1.0,1.0,1.0,0.0,0.15183201506606137,0.11944090281897628,0.18422312731314644,0.03239111224708508
global_whole_skeleton,random_regular_d2,20,1.0,self_masking_gaussian_preserving,0.3,n_inverse_half,10,10,1.0,1.0,1.0,0.0,0.9949999999999999,0.9836892141860089,1.006310785813991,0.011310785813991087,0.9974358974358974,0.9916354944543636,1.0032363004174314,0.005800402981533892,0.9,0.6737842837201795,1.1262157162798205,0.2262157162798205,0.0,0.0,0.0,0.0,0.1,-0.12621571627982048,0.3262157162798205,0.22621571627982048,363.2,340.6746490128314,385.72535098716855,22.525350987168565,265.7,238.69260552900565,292.7073944709943,27.007394470994328,437.35,401.9091166390501,472.7908833609499,35.4408833609499,0.42124499756750716,0.41520209236645766,0.42728790276855666,0.006042905201049498,1.989264670500006,1.6948927632402442,2.283636577759768,0.2943719072597619,1.0,1.0,1.0,0.0,0.15183201506606137,0.11944090281897628,0.18422312731314644,0.03239111224708508
global_whole_skeleton,random_regular_d2,20,1.0,self_masking_logistic_population,0.3,n_inverse_half,10,10,1.0,1.0,1.0,0.0,0.99,0.974918952248012,1.005081047751988,0.015081047751988041,0.9948717948717949,0.9871379242297498,1.00260566551384,0.007733870642045115,0.8,0.4983790449602394,1.1016209550397607,0.3016209550397606,0.0,0.0,0.0,0.0,0.2,-0.10162095503976065,0.5016209550397607,0.30162095503976066,352.5,323.3439035603104,381.6560964396896,29.156096439689577,275.4,247.68777967787565,303.1122203221243,27.712220322124324,451.6,423.2719066670753,479.92809333292473,28.32809333292471,0.4228646569285547,0.4155269615762501,0.4302023522808593,0.007337695352304607,1.6993581892000065,1.4727742808823665,1.9259420975176464,0.22658390831763997,1.0,1.0,1.0,0.0,0.1518320150660614,0.11944090281897629,0.1842231273131465,0.0323911122470851
global_whole_skeleton,random_regular_d2,20,1.25,complete,0.0,n_inverse_half,10,10,0.9857142857142858,0.9692595135993504,1.0021690578292213,0.016454772114935456,0.9949999999999999,0.9836892141860089,1.006310785813991,0.011310785813991087,0.9901188242651656,0.9809896883945658,0.9992479601357654,0.009129135870599825,0.6,0.23059128221082004,0.9694087177891799,0.36940871778917994,0.3,-0.045550214413643764,0.6455502144136438,0.34555021441364375,0.1,-0.12621571627982048,0.3262157162798205,0.22621571627982048,377.2,336.98446962393604,417.41553037606394,40.21553037606395,796.0,796.0,796.0,0.0,796.0,796.0,796.0,0.0,1.0,1.0,1.0,0.0,1.9030696549000141,1.474431992983862,2.3317073168161664,0.42863766191615216,1.0,1.0,1.0,0.0,0.15183201506606137,0.11944090281897628,0.18422312731314644,0.03239111224708508
global_whole_skeleton,random_regular_d2,20,1.25,self_masking_gaussian_preserving,0.3,n_inverse_half,10,10,0.9952380952380953,0.9844659182723895,1.006010272203801,0.010772176965705704,0.9800000000000001,0.9549909115806116,1.0050090884193885,0.02500908841938848,0.9871696125868141,0.9740358834410248,1.0003033417326035,0.013133729145789363,0.6,0.2305912822108201,0.9694087177891799,0.36940871778917994,0.1,-0.12621571627982048,0.3262157162798205,0.22621571627982048,0.4,-0.10018176838777082,0.9001817683877709,0.5001817683877708,360.0,331.045959301274,388.954040698726,28.954040698725976,212.7,193.52555828588913,231.87444171411084,19.174441714110856,349.2,320.66223013098386,377.7377698690161,28.53776986901613,0.42187052273190895,0.4145058637807171,0.4292351816831008,0.007364658951191871,1.8364408648000334,1.5462252274930635,2.1266565021070036,0.2902156373069701,1.0,1.0,1.0,0.0,0.15183201506606137,0.11944090281897628,0.18422312731314644,0.03239111224708508
global_whole_skeleton,random_regular_d2,20,1.25,self_masking_logistic_population,0.3,n_inverse_half,10,10,0.9949999999999999,0.9836892141860089,1.006310785813991,0.011310785813991087,0.99,0.974918952248012,1.005081047751988,0.015081047751988041,0.9924358974358973,0.9803115751282127,1.004560219743582,0.01212432230768462,0.8,0.4983790449602394,1.1016209550397607,0.3016209550397606,0.1,-0.12621571627982048,0.3262157162798205,0.22621571627982048,0.2,-0.10162095503976065,0.5016209550397607,0.30162095503976066,352.5,326.77973840481695,378.22026159518305,25.720261595183047,201.5,178.74497770371397,224.25502229628603,22.75502229628603,359.15,338.09853052596657,380.2014694740334,21.05146947403341,0.4236933994401218,0.41706373176267897,0.43032306711756463,0.00662966767744283,1.7817615294999996,1.6656797012001874,1.8978433577998117,0.11608182829981217,1.0,1.0,1.0,0.0,0.1518320150660614,0.11944090281897629,0.1842231273131465,0.0323911122470851
global_whole_skeleton,random_regular_d2,50,1.0,complete,0.0,n_inverse_half,10,10,0.9809033014915368,0.9642845454012953,0.9975220575817784,0.01661875609024155,1.0,1.0,1.0,0.0,0.9902326658005165,0.9816289720078006,0.9988363595932324,0.00860369379271586,0.4,0.03059128221082008,0.76940871778918,0.36940871778917994,1.0,0.10779318286503692,1.892206817134963,0.8922068171349631,0.0,0.0,0.0,0.0,1810.0,1740.064740660327,1879.935259339673,69.93525933967294,2500.0,2500.0,2500.0,0.0,2500.0,2500.0,2500.0,0.0,1.0,1.0,1.0,0.0,8.398113379700021,7.460973928777709,9.335252830622332,0.9371394509223117,1.0,1.0,1.0,0.0,,,,
global_whole_skeleton,random_regular_d2,50,1.0,self_masking_gaussian_preserving,0.3,n_inverse_half,10,10,0.9980392156862745,0.993603613406278,1.002474817966271,0.004435602279996509,1.0,1.0,1.0,0.0,0.9990099009900989,0.9967701414229719,1.0012496605572259,0.0022397595671269643,0.9,0.6737842837201795,1.1262157162798205,0.2262157162798205,0.1,-0.12621571627982048,0.3262157162798205,0.22621571627982048,0.0,0.0,0.0,0.0,1771.8,1715.023510432632,1828.5764895673678,56.77648956736789,660.3,584.4196591546684,736.1803408453316,75.8803408453316,1214.35,1211.4784065338993,1217.2215934661006,2.8715934661006486,0.4465248051489773,0.44359885236888363,0.44945075792907097,0.0029259527800936658,8.001791502000014,7.218527965626398,8.78505503837363,0.7832635363736156,1.0,1.0,1.0,0.0,,,,
global_whole_skeleton,random_regular_d2,50,1.0,self_masking_logistic_population,0.3,n_inverse_half,10,10,0.9941176470588236,0.9873421526585561,1.0008931414590911,0.006775494400267534,1.0,1.0,1.0,0.0,0.9970297029702969,0.9936084137186766,1.0004509922219171,0.003421289251620274,0.7,0.3544497855863562,1.0455502144136437,0.34555021441364375,0.3,-0.045550214413643764,0.6455502144136438,0.34555021441364375,0.0,0.0,0.0,0.0,1779.0,1724.3991087892257,1833.6008912107743,54.60089121077431,642.3,567.5977611728305,717.0022388271694,74.70223882716948,1207.4,1202.0872741496432,1212.712725850357,5.3127258503568555,0.44338740462140336,0.439645166689188,0.4471296425536187,0.003742237932215342,8.41353107739999,7.49165576541153,9.33540638938845,0.9218753119884595,1.0,1.0,1.0,0.0,,,,
global_whole_skeleton,random_regular_d2,50,1.25,complete,0.0,n_inverse_half,10,10,0.9809033014915368,0.9642845454012953,0.9975220575817784,0.01661875609024155,1.0,1.0,1.0,0.0,0.9902326658005165,0.9816289720078006,0.9988363595932324,0.00860369379271586,0.4,0.03059128221082008,0.76940871778918,0.36940871778917994,1.0,0.10779318286503692,1.892206817134963,0.8922068171349631,0.0,0.0,0.0,0.0,1810.0,1740.064740660327,1879.935259339673,69.93525933967294,2500.0,2500.0,2500.0,0.0,2500.0,2500.0,2500.0,0.0,1.0,1.0,1.0,0.0,8.523779681199972,7.122133484290747,9.925425878109198,1.4016461969092258,1.0,1.0,1.0,0.0,,,,
global_whole_skeleton,random_regular_d2,50,1.25,self_masking_gaussian_preserving,0.3,n_inverse_half,10,10,0.9980392156862745,0.993603613406278,1.002474817966271,0.004435602279996509,1.0,1.0,1.0,0.0,0.9990099009900991,0.9967701414229722,1.001249660557226,0.0022397595671269643,0.9,0.6737842837201795,1.1262157162798205,0.2262157162798205,0.1,-0.12621571627982048,0.3262157162798205,0.22621571627982048,0.0,0.0,0.0,0.0,1771.8,1715.023510432632,1828.5764895673678,56.77648956736789,660.3,584.4196591546684,736.1803408453316,75.8803408453316,1214.35,1211.4784065338993,1217.2215934661006,2.8715934661006486,0.4465248051489773,0.44359885236888363,0.44945075792907097,0.0029259527800936658,7.884314868799993,7.001054252708343,8.767575484891642,0.8832606160916496,1.0,1.0,1.0,0.0,,,,
global_whole_skeleton,random_regular_d2,50,1.25,self_masking_logistic_population,0.3,n_inverse_half,10,10,0.9941176470588236,0.9873421526585561,1.0008931414590911,0.006775494400267534,1.0,1.0,1.0,0.0,0.9970297029702969,0.9936084137186766,1.0004509922219171,0.003421289251620274,0.7,0.35444978558635615,1.0455502144136437,0.34555021441364375,0.3,-0.04555021441364382,0.6455502144136438,0.3455502144136438,0.0,0.0,0.0,0.0,1779.0,1724.3991087892257,1833.6008912107743,54.60089121077431,642.3,567.5977611728305,717.0022388271694,74.70223882716948,1207.4,1202.0872741496432,1212.712725850357,5.3127258503568555,0.44338740462140336,0.439645166689188,0.4471296425536187,0.003742237932215342,7.8017477138,6.707095586616382,8.89639984098362,1.0946521271836187,1.0,1.0,1.0,0.0,,,,
global_whole_skeleton,random_regular_d2,75,1.0,complete,0.0,n_inverse_half,10,10,0.9741548591315412,0.963697806662488,0.9846119116005944,0.010457052469053152,0.9973333333333333,0.9933117205994698,1.0013549460671967,0.004021612733863422,0.9855514365827449,0.9798117648486172,0.9912911083168726,0.005739671734127705,0.1,-0.12621571627982048,0.3262157162798205,0.22621571627982048,2.0,1.173976995542358,2.826023004457642,0.826023004457642,0.2,-0.10162095503976065,0.5016209550397607,0.30162095503976066,3679.7,3600.3730795640217,3759.026920435978,79.32692043597808,3750.0,3750.0,3750.0,0.0,3750.0,3750.0,3750.0,0.0,1.0,1.0,1.0,0.0,18.69628996870001,17.101128143225257,20.291451794174765,1.5951618254747544,1.0,1.0,1.0,0.0,,,,
global_whole_skeleton,random_regular_d2,75,1.0,self_masking_gaussian_preserving,0.3,n_inverse_half,10,10,1.0,1.0,1.0,0.0,0.9973333333333333,0.9933117205994698,1.0013549460671967,0.004021612733863422,0.9986577181208054,0.9966334164091292,1.0006820198324817,0.0020243017116762796,0.8,0.4983790449602394,1.1016209550397607,0.3016209550397606,0.0,0.0,0.0,0.0,0.2,-0.10162095503976065,0.5016209550397607,0.30162095503976066,3590.6,3539.4619038023357,3641.738096197664,51.138096197664254,1055.1,936.606983215615,1173.5930167843849,118.49301678438496,1827.8,1824.7129865153556,1830.8870134846443,3.0870134846443307,0.45747346281545936,0.4557311785924485,0.45921574703847023,0.0017422842230108704,17.030957864100014,14.876562554718916,19.18535317348111,2.1543953093810977,1.0,1.0,1.0,0.0,,,,
global_whole_skeleton,random_regular_d2,75,1.0,self_masking_logistic_population,0.3,n_inverse_half,10,10,1.0,1.0,1.0,0.0,0.9973333333333333,0.9933117205994698,1.0013549460671967,0.004021612733863422,0.9986577181208054,0.9966334164091292,1.0006820198324817,0.0020243017116762796,0.8,0.4983790449602394,1.1016209550397607,0.3016209550397606,0.0,0.0,0.0,0.0,0.2,-0.10162095503976065,0.5016209550397607,0.30162095503976066,3606.2,3536.8642371598107,3675.535762840189,69.33576284018909,1014.0,895.0498192572458,1132.9501807427544,118.9501807427543,1826.15,1822.4634240730663,1829.8365759269338,3.686575926933756,0.45654319693857437,0.45414880252813367,0.4589375913490151,0.0023943944104407033,16.453873063200014,14.71996175044649,18.187784375953537,1.7339113127535235,1.0,1.0,1.0,0.0,,,,
global_whole_skeleton,random_regular_d2,75,1.25,complete,0.0,n_inverse_half,10,10,0.9805484655251477,0.9689700803300688,0.9921268507202267,0.011578385195078922,0.9973333333333333,0.9933117205994698,1.0013549460671967,0.004021612733863422,0.9888194673921408,0.9818250133117896,0.9958139214724919,0.0069944540803511535,0.2,-0.10162095503976065,0.5016209550397607,0.30162095503976066,1.5,0.5920006857357659,2.407999314264234,0.907999314264234,0.2,-0.10162095503976065,0.5016209550397607,0.30162095503976066,3655.4,3588.323066524529,3722.476933475471,67.07693347547092,4151.0,4151.0,4151.0,0.0,4151.0,4151.0,4151.0,0.0,1.0,1.0,1.0,0.0,16.068993472600074,13.891402498780998,18.24658444641915,2.1775909738190755,1.0,1.0,1.0,0.0,,,,
global_whole_skeleton,random_regular_d2,75,1.25,self_masking_gaussian_preserving,0.3,n_inverse_half,10,10,1.0,1.0,1.0,0.0,0.9973333333333333,0.9933117205994698,1.0013549460671967,0.004021612733863422,0.9986577181208054,0.9966334164091292,1.0006820198324817,0.0020243017116762796,0.8,0.4983790449602394,1.1016209550397607,0.3016209550397606,0.0,0.0,0.0,0.0,0.2,-0.10162095503976065,0.5016209550397607,0.30162095503976066,3542.9,3496.5328900963495,3589.2671099036506,46.367109903650544,1141.1,1014.2799328366357,1267.9200671633641,126.82006716336423,2023.9,2020.2453732576078,2027.5546267423924,3.654626742392338,0.4587466644787542,0.457026594883357,0.46046673407415134,0.0017200695953971668,16.047417890399924,14.242047687793182,17.852788093006666,1.805370202606742,1.0,1.0,1.0,0.0,,,,
global_whole_skeleton,random_regular_d2,75,1.25,self_masking_logistic_population,0.3,n_inverse_half,10,10,1.0,1.0,1.0,0.0,0.9973333333333333,0.9933117205994698,1.0013549460671967,0.004021612733863422,0.9986577181208054,0.9966334164091292,1.0006820198324817,0.0020243017116762796,0.8,0.4983790449602394,1.1016209550397607,0.3016209550397606,0.0,0.0,0.0,0.0,0.2,-0.10162095503976065,0.5016209550397607,0.30162095503976066,3581.4,3518.097133645742,3644.7028663542583,63.302866354258185,1125.2,999.6672391281201,1250.7327608718801,125.53276087188004,2022.9,2019.3399462613163,2026.4600537386839,3.5600537386837914,0.45739041799371344,0.45507223398155766,0.4597086020058692,0.0023181840121557773,16.407137081399878,15.02711559056149,17.787158572238265,1.3800214908383879,1.0,1.0,1.0,0.0,,,,
global_whole_skeleton,random_regular_d2,100,1.0,complete,0.0,n_inverse_half,10,10,0.9834092918143899,0.9740989293729412,0.9927196542558385,0.009310362441448672,0.999,0.9967378428372018,1.0012621571627982,0.0022621571627982062,0.9911085939856392,0.9858976873495195,0.9963195006217589,0.005210906636119672,0.3,-0.045550214413643764,0.6455502144136438,0.34555021441364375,1.7,0.7432147810383897,2.6567852189616104,0.9567852189616104,0.1,-0.12621571627982048,0.3262157162798205,0.22621571627982048,6279.8,6233.444725300556,6326.155274699445,46.355274699444635,5000.0,5000.0,5000.0,0.0,5000.0,5000.0,5000.0,0.0,1.0,1.0,1.0,0.0,29.397826548400097,25.408504287035136,33.38714880976506,3.9893222613649613,1.0,1.0,1.0,0.0,,,,
global_whole_skeleton,random_regular_d2,100,1.0,self_masking_gaussian_preserving,0.3,n_inverse_half,10,10,0.998019801980198,0.9950334558906954,1.0010061480697006,0.0029863460895026006,0.999,0.9967378428372018,1.0012621571627982,0.0022621571627982062,0.998502462561564,0.9967775204808784,1.0002274046422497,0.001724942080685632,0.7,0.35444978558635615,1.0455502144136437,0.34555021441364375,0.2,-0.10162095503976065,0.5016209550397607,0.30162095503976066,0.1,-0.12621571627982048,0.3262157162798205,0.22621571627982048,6184.3,6139.940116398056,6228.659883601945,44.3598836019446,1368.3,1206.9648394630929,1529.635160536907,161.3351605369071,2438.45,2435.3389055876223,2441.5610944123773,3.111094412377497,0.46088861397888226,0.46007546968523677,0.46170175827252774,0.0008131442936454847,29.129254010000068,25.646419509275546,32.61208851072459,3.482834500724522,1.0,1.0,1.0,0.0,,,,
global_whole_skeleton,random_regular_d2,100,1.0,self_masking_logistic_population,0.3,n_inverse_half,10,10,0.998019801980198,0.9950334558906954,1.0010061480697006,0.0029863460895026006,0.999,0.9967378428372018,1.0012621571627982,0.0022621571627982062,0.998502462561564,0.9967775204808784,1.0002274046422497,0.001724942080685632,0.7,0.3544497855863562,1.0455502144136437,0.34555021441364375,0.2,-0.10162095503976065,0.5016209550397607,0.30162095503976066,0.1,-0.12621571627982048,0.3262157162798205,0.22621571627982048,6208.3,6158.076431435604,6258.523568564397,50.22356856439637,1158.2,1075.362754793788,1241.037245206212,82.83724520621195,2438.4,2435.269093125637,2441.530906874363,3.1309068743630633,0.46025432324329607,0.45922959849589784,0.4612790479906943,0.0010247247473982313,27.30671218169987,24.77110267265656,29.842321690743177,2.535609509043308,1.0,1.0,1.0,0.0,,,,
global_whole_skeleton,random_regular_d2,100,1.25,complete,0.0,n_inverse_half,10,10,0.9833982873312591,0.9741927998173453,0.9926037748451729,0.009205487513913813,0.999,0.9967378428372018,1.0012621571627982,0.0022621571627982062,0.9911084012902258,0.9856690520780419,0.9965477505024097,0.005439349212183919,0.1,-0.12621571627982048,0.3262157162798205,0.22621571627982048,1.7,0.7432147810383897,2.6567852189616104,0.9567852189616104,0.1,-0.12621571627982048,0.3262157162798205,0.22621571627982048,6223.7,6154.408329415824,6292.991670584176,69.29167058417625,5947.0,5947.0,5947.0,0.0,5947.0,5947.0,5947.0,0.0,1.0,1.0,1.0,0.0,29.11410962609998,26.048837802087114,32.17938145011285,3.065271824012868,1.0,1.0,1.0,0.0,,,,
global_whole_skeleton,random_regular_d2,100,1.25,self_masking_gaussian_preserving,0.3,n_inverse_half,10,10,0.9990099009900989,0.9967701414229719,1.0012496605572259,0.0022397595671269643,0.999,0.9967378428372018,1.0012621571627982,0.0022621571627982062,0.998999974999375,0.997491808956072,1.000508141042678,0.0015081660433029498,0.8,0.4983790449602394,1.1016209550397607,0.3016209550397606,0.1,-0.12621571627982048,0.3262157162798205,0.22621571627982048,0.1,-0.12621571627982048,0.3262157162798205,0.22621571627982048,6149.9,6101.187457045545,6198.6125429544545,48.712542954454875,1623.1,1432.4680249881822,1813.7319750118177,190.63197501181776,2901.3,2898.0296373272945,2904.570362672706,3.270362672705687,0.46150289349811563,0.46058094450186743,0.46242484249436383,0.0009219489962482008,26.75694036709997,23.428691668231135,30.0851890659688,3.3282486988688333,1.0,1.0,1.0,0.0,,,,
global_whole_skeleton,random_regular_d2,100,1.25,self_masking_logistic_population,0.3,n_inverse_half,10,10,0.998019801980198,0.9950334558906954,1.0010061480697006,0.0029863460895026006,0.999,0.9967378428372018,1.0012621571627982,0.0022621571627982062,0.998502462561564,0.9967775204808784,1.0002274046422497,0.001724942080685632,0.7,0.3544497855863562,1.0455502144136437,0.34555021441364375,0.2,-0.10162095503976065,0.5016209550397607,0.30162095503976066,0.1,-0.12621571627982048,0.3262157162798205,0.22621571627982048,6151.6,6115.2640626743505,6187.93593732565,36.335937325649866,1369.4,1249.046908089366,1489.753091910634,120.35309191063402,2902.35,2898.8696989991363,2905.8303010008635,3.4803010008636193,0.46136169019743145,0.4604176973069424,0.4623056830879205,0.000943992890489076,27.95921844659997,24.329469599375763,31.588967293824176,3.6297488472242065,1.0,1.0,1.0,0.0,,,,
global_whole_skeleton,random_regular_d2,150,1.0,complete,0.0,n_inverse_half,10,10,0.9742891101848649,0.9622093722544908,0.986368848115239,0.01207973793037409,1.0,1.0,1.0,0.0,0.9869104755725584,0.9807151496365224,0.9931058015085944,0.006195325936036,0.1,-0.12621571627982048,0.3262157162798205,0.22621571627982048,4.0,2.092381584078228,5.907618415921772,1.907618415921772,0.0,0.0,0.0,0.0,13599.8,13477.734405681951,13721.865594318047,122.06559431804817,7500.0,7500.0,7500.0,0.0,7500.0,7500.0,7500.0,0.0,1.0,1.0,1.0,0.0,62.52417350539999,55.59174936369678,69.45659764710321,6.9324241417032155,1.0,1.0,1.0,0.0,,,,
global_whole_skeleton,random_regular_d2,150,1.0,self_masking_gaussian_preserving,0.3,n_inverse_half,10,10,0.9986754966887418,0.9966780069202665,1.000672986457217,0.001997489768475247,0.9993333333333332,0.9978252285581344,1.000841438108532,0.0015081047751988041,0.9990011000122223,0.9978505248607941,1.0001516751636506,0.0011505751514282458,0.7,0.3544497855863562,1.0455502144136437,0.34555021441364375,0.2,-0.10162095503976065,0.5016209550397607,0.30162095503976066,0.1,-0.12621571627982048,0.3262157162798205,0.22621571627982048,13308.2,13223.159871922344,13393.240128077658,85.04012807765685,1858.2,1705.515730645822,2010.884269354178,152.684269354178,3665.3,3661.682905720796,3668.9170942792043,3.6170942792041387,0.46676681320485347,0.4657376590608388,0.46779596734886814,0.0010291541440146657,62.471395973499924,56.29521648687882,68.64757546012103,6.1761794866211055,1.0,1.0,1.0,0.0,,,,
global_whole_skeleton,random_regular_d2,150,1.0,self_masking_logistic_population,0.3,n_inverse_half,10,10,0.9993377483443708,0.9978396310180144,1.0008358656707272,0.0014981173263564074,1.0,1.0,1.0,0.0,0.9996677740863789,0.9989162268562133,1.0004193213165444,0.0007515472301655723,0.9,0.6737842837201795,1.1262157162798205,0.2262157162798205,0.1,-0.12621571627982048,0.3262157162798205,0.22621571627982048,0.0,0.0,0.0,0.0,13329.6,13237.422716484585,13421.777283515416,92.17728351541518,1833.0,1637.2122179125463,2028.7877820874537,195.7877820874537,3664.2,3661.942875451139,3666.4571245488605,2.257124548860702,0.46607969421329365,0.46504862035007344,0.46711076807651386,0.001031073863220211,60.60759150139988,54.078564550697365,67.1366184521024,6.529026950702516,1.0,1.0,1.0,0.0,,,,
global_whole_skeleton,random_regular_d2,150,1.25,complete,0.0,n_inverse_half,10,10,0.9817406246052318,0.9757228396499186,0.9877584095605451,0.006017784955313243,1.0,1.0,1.0,0.0,0.990769781909569,0.987696819192434,0.993842744626704,0.003072962717134975,0.0,0.0,0.0,0.0,2.8,1.8581888697508406,3.7418111302491592,0.9418111302491593,0.0,0.0,0.0,0.0,13387.9,13307.06118787465,13468.73881212535,80.83881212535016,9871.0,9871.0,9871.0,0.0,9871.0,9871.0,9871.0,0.0,1.0,1.0,1.0,0.0,64.2675724777001,57.569447795475014,70.96569715992518,6.698124682225085,1.0,1.0,1.0,0.0,,,,
global_whole_skeleton,random_regular_d2,150,1.25,self_masking_gaussian_preserving,0.3,n_inverse_half,10,10,1.0,1.0,1.0,0.0,1.0,1.0,1.0,0.0,1.0,1.0,1.0,0.0,1.0,1.0,1.0,0.0,0.0,0.0,0.0,0.0,0.0,0.0,0.0,0.0,13161.4,13080.74867724634,13242.05132275366,80.65132275365977,2636.8,2339.5440175414774,2934.055982458523,297.2559824585228,4825.3,4820.638882636753,4829.9611173632475,4.6611173632472855,0.4680461754052311,0.46721585443531394,0.4688764963751482,0.0008303209699171421,62.599724269699706,55.89916018954657,69.30028834985283,6.700564080153132,1.0,1.0,1.0,0.0,,,,
global_whole_skeleton,random_regular_d2,150,1.25,self_masking_logistic_population,0.3,n_inverse_half,10,10,0.9993377483443708,0.9978396310180144,1.0008358656707272,0.0014981173263564074,1.0,1.0,1.0,0.0,0.9996677740863789,0.9989162268562133,1.0004193213165444,0.0007515472301655723,0.9,0.6737842837201795,1.1262157162798205,0.2262157162798205,0.1,-0.12621571627982048,0.3262157162798205,0.22621571627982048,0.0,0.0,0.0,0.0,13215.7,13150.093932128888,13281.306067871114,65.60606787111283,2485.0,2187.688130409546,2782.311869590454,297.3118695904541,4823.7,4820.360816265369,4827.039183734631,3.339183734630751,0.4671201272538788,0.4662886804555312,0.4679515740522264,0.0008314467983476237,63.498238447400084,56.745983392280145,70.25049350252003,6.752255055119942,1.0,1.0,1.0,0.0,,,,
global_whole_skeleton,scale_free_m2,20,1.0,complete,0.0,n_inverse_half,10,10,0.9211178516642103,0.8804263716751131,0.9618093316533076,0.04069147998909728,0.7189189189189189,0.6731663942798515,0.7646714435579863,0.04575252463906743,0.8065207941483308,0.7678217030798163,0.8452198852168452,0.038699091068514435,0.0,0.0,0.0,0.0,2.3,1.1293959004774912,3.4706040995225083,1.1706040995225084,10.4,8.707156588354504,12.092843411645497,1.6928434116454962,2102.1,1706.951877476959,2497.248122523041,395.1481225230409,1000.0,1000.0,1000.0,0.0,1000.0,1000.0,1000.0,0.0,1.0,1.0,1.0,0.0,13.83398885659999,10.851124989157919,16.816852724042064,2.982863867442073,,,,,,,,
global_whole_skeleton,scale_free_m2,20,1.0,self_masking_gaussian_preserving,0.3,n_inverse_half,10,10,0.9615396419437341,0.9253684824531546,0.9977108014343136,0.036171159490579474,0.5432432432432432,0.4867283430124178,0.5997581434740688,0.05651490023082548,0.6915793671634963,0.640474085220588,0.7426846491064046,0.05110528194290831,0.0,0.0,0.0,0.0,0.8,0.06118256442164027,1.53881743557836,0.7388174355783599,16.9,14.808948691459456,18.99105130854054,2.0910513085405427,1050.3,850.8192781419638,1249.780721858036,199.48072185803613,162.4,153.1144334425963,171.68556655740372,9.285566557403712,343.7,338.45350744715483,348.94649255284514,5.2464925528451545,0.34531797896567007,0.3343869409071345,0.35624901702420564,0.01093103805853557,6.358645995100028,4.815072819954693,7.902219170245363,1.543573175145335,,,,,,,,
global_whole_skeleton,scale_free_m2,20,1.0,self_masking_logistic_population,0.3,n_inverse_half,10,10,0.9622693096377308,0.9321091829688615,0.9924294363066002,0.030160126668869358,0.5432432432432432,0.5137805164621113,0.5727059700243752,0.02946272678113193,0.693724284676944,0.665371993549272,0.722076575804616,0.028352291127672014,0.0,0.0,0.0,0.0,0.8,0.14263236886372932,1.4573676311362709,0.6573676311362708,16.9,15.80987910909812,17.990120890901878,1.0901208909018791,1046.8,860.2355528462028,1233.364447153797,186.56444715379712,153.1,147.22564635496803,158.97435364503195,5.87435364503196,336.2,330.322259584064,342.077740415936,5.877740415935989,0.3392872666028176,0.3294893575912927,0.3490851756143425,0.009797909011524886,6.857525566300024,5.307604132462093,8.407447000137953,1.54992143383793,,,,,,,,
global_whole_skeleton,scale_free_m2,20,1.25,complete,0.0,n_inverse_half,10,10,0.9185387096733036,0.8709811269896857,0.9660962923569216,0.04755758268361798,0.7135135135135136,0.6715489487045859,0.7554780783224412,0.04196456480892763,0.8021156242913265,0.7633555621994002,0.8408756863832529,0.038760062091926395,0.0,0.0,0.0,0.0,2.4,0.9613597350937713,3.8386402649062283,1.4386402649062284,10.6,9.047311102069678,12.152688897930322,1.552688897930322,2032.2,1533.8178263265588,2530.582173673441,498.3821736734411,796.0,796.0,796.0,0.0,796.0,796.0,796.0,0.0,1.0,1.0,1.0,0.0,13.34371819109997,10.077353834190003,16.610082548009938,3.2663643569099676,,,,,,,,
global_whole_skeleton,scale_free_m2,20,1.25,self_masking_gaussian_preserving,0.3,n_inverse_half,10,10,0.961082251082251,0.9232078490919466,0.9989566530725553,0.03787440199030434,0.5324324324324324,0.47770974370688934,0.5871551211579755,0.05472268872554309,0.6826891375443637,0.6319606196565244,0.7334176554322029,0.050728517887839275,0.0,0.0,0.0,0.0,0.8,-0.012139276087208772,1.6121392760872089,0.8121392760872088,17.3,15.275260517154905,19.324739482845096,2.0247394828450958,950.3,816.237607273699,1084.3623927263009,134.0623927263009,132.4,122.93251267170426,141.86748732829577,9.467487328295753,275.4,271.07881267398125,279.7211873260187,4.32118732601873,0.3519888832851783,0.3433337767237712,0.3606439898465854,0.008655106561407111,5.84151314020005,4.998277209538375,6.6847490708617245,0.8432359306616748,,,,,,,,
global_whole_skeleton,scale_free_m2,20,1.25,self_masking_logistic_population,0.3,n_inverse_half,10,10,0.9535888294711825,0.9210230663122981,0.9861545926300669,0.032565763158884375,0.5027027027027027,0.4649038153069486,0.5405015900984568,0.0377988873957541,0.6572333912164421,0.6201648201933788,0.6943019622395054,0.03706857102306327,0.0,0.0,0.0,0.0,0.9,0.27363704432764613,1.526362955672354,0.6263629556723539,18.4,17.001441166357097,19.7985588336429,1.3985588336429018,959.0,799.2946237049795,1118.7053762950206,159.70537629502059,126.6,116.49907492443549,136.7009250755645,10.100925075564504,271.2,265.549133218505,276.850866781495,5.650866781494983,0.34795001197199876,0.33672953047063714,0.3591704934733604,0.011220481501361623,5.970773766399998,4.927338428160164,7.014209104639832,1.043435338239834,,,,,,,,
global_whole_skeleton,scale_free_m2,50,1.0,complete,0.0,n_inverse_half,10,10,0.939861572286864,0.9189239645698595,0.9607991800038684,0.02093760771700448,0.7484536082474227,0.7201674623104668,0.7767397541843786,0.028286145936955887,0.8326839912872781,0.8122551542288491,0.8531128283457071,0.020428837058429017,0.0,0.0,0.0,0.0,4.7,2.946118884430311,6.45388111556969,1.7538811155696894,24.4,21.656243844115277,27.14375615588472,2.7437561558847214,16892.2,14643.807517931275,19140.592482068725,2248.3924820687253,2500.0,2500.0,2500.0,0.0,2500.0,2500.0,2500.0,0.0,1.0,1.0,1.0,0.0,124.68527155580004,105.9305202800879,143.44002283151218,18.754751275712138,,,,,,,,
global_whole_skeleton,scale_free_m2,50,1.0,self_masking_gaussian_preserving,0.3,n_inverse_half,10,10,0.9761183866264,0.9622151858570627,0.9900215873957374,0.013903200769337376,0.6144329896907218,0.5941020320267134,0.6347639473547302,0.020330957664008387,0.7536256629850285,0.7391703082533024,0.7680810177167546,0.0144553547317261,0.0,0.0,0.0,0.0,1.5,0.5920006857357659,2.407999314264234,0.907999314264234,37.4,35.42789710659119,39.37210289340881,1.9721028934088096,6872.8,6164.851314912615,7580.748685087386,707.9486850873855,389.7,383.8198416562741,395.5801583437259,5.8801583437258955,856.3,852.9269322546204,859.6730677453795,3.373067745379558,0.33798686450323795,0.3313382086790444,0.3446355203274315,0.00664865582419355,46.22658445170002,41.03561143892279,51.41755746447725,5.190973012777228,,,,,,,,
global_whole_skeleton,scale_free_m2,50,1.0,self_masking_logistic_population,0.3,n_inverse_half,10,10,0.9786844464164414,0.9626109964302707,0.994757896402612,0.016073449986170663,0.6144329896907216,0.587236021453905,0.6416299579275382,0.02719696823681661,0.7543576020318438,0.7310993422152808,0.7776158618484067,0.02325825981656293,0.0,0.0,0.0,0.0,1.3,0.28552626654393465,2.314473733456065,1.0144737334560654,37.4,34.761894081028785,40.03810591897121,2.6381059189712133,7314.9,6743.660901199442,7886.139098800557,571.2390988005573,358.1,350.9587616031261,365.24123839687394,7.141238396873916,840.9,831.3235346774876,850.4764653225124,9.576465322512377,0.33127122633868683,0.3243386750999279,0.33820377757744574,0.0069325512387589106,47.79750241660001,40.48781027119114,55.107194562008885,7.309692145408874,,,,,,,,
global_whole_skeleton,scale_free_m2,50,1.25,complete,0.0,n_inverse_half,10,10,0.939861572286864,0.9189239645698595,0.9607991800038684,0.02093760771700448,0.7484536082474227,0.7201674623104668,0.7767397541843786,0.028286145936955887,0.8326839912872783,0.8122551542288493,0.8531128283457073,0.020428837058429017,0.0,0.0,0.0,0.0,4.7,2.946118884430311,6.45388111556969,1.7538811155696894,24.4,21.656243844115277,27.14375615588472,2.7437561558847214,16892.2,14643.807517931275,19140.592482068725,2248.3924820687253,2500.0,2500.0,2500.0,0.0,2500.0,2500.0,2500.0,0.0,1.0,1.0,1.0,0.0,123.75405125579991,103.51534793523041,143.9927545763694,20.2387033205695,,,,,,,,
global_whole_skeleton,scale_free_m2,50,1.25,self_masking_gaussian_preserving,0.3,n_inverse_half,10,10,0.9761183866264,0.9622151858570627,0.9900215873957374,0.013903200769337376,0.6144329896907216,0.5941020320267132,0.63476394735473,0.020330957664008387,0.7536256629850286,0.7391703082533025,0.7680810177167547,0.0144553547317261,0.0,0.0,0.0,0.0,1.5,0.5920006857357659,2.407999314264234,0.907999314264234,37.4,35.42789710659119,39.37210289340881,1.9721028934088096,6872.8,6164.851314912615,7580.748685087386,707.9486850873855,389.7,383.8198416562741,395.5801583437259,5.8801583437258955,856.3,852.9269322546204,859.6730677453795,3.373067745379558,0.33798686450323806,0.3313382086790445,0.3446355203274316,0.00664865582419355,45.29097735770006,36.6248715312967,53.95708318410342,8.66610582640336,,,,,,,,
global_whole_skeleton,scale_free_m2,50,1.25,self_masking_logistic_population,0.3,n_inverse_half,10,10,0.9786844464164414,0.9626109964302707,0.994757896402612,0.016073449986170663,0.6144329896907216,0.587236021453905,0.6416299579275382,0.02719696823681661,0.7543576020318438,0.7310993422152808,0.7776158618484067,0.02325825981656293,0.0,0.0,0.0,0.0,1.3,0.28552626654393465,2.314473733456065,1.0144737334560654,37.4,34.761894081028785,40.03810591897121,2.6381059189712133,7314.9,6743.660901199442,7886.139098800557,571.2390988005573,358.1,350.9587616031261,365.24123839687394,7.141238396873916,840.9,831.3235346774876,850.4764653225124,9.576465322512377,0.3312712263386869,0.324338675099928,0.3382037775774458,0.0069325512387589106,50.70869086120001,43.61235769881251,57.805024023587514,7.096333162387502,,,,,,,,
global_whole_skeleton,scale_free_m2,75,1.0,complete,0.0,n_inverse_half,10,10,0.9304532785258731,0.9082117460902684,0.9526948109614778,0.022241532435604672,0.782312925170068,0.748441971149208,0.816183879190928,0.033870954020860045,0.8491193791556204,0.8258724851506378,0.872366273160603,0.023246894004982588,0.0,0.0,0.0,0.0,8.7,5.759195688362333,11.640804311637666,2.9408043116376663,32.0,27.02096975893357,36.979030241066425,4.979030241066427,49013.4,40738.516245795814,57288.28375420419,8274.883754204187,3750.0,3750.0,3750.0,0.0,3750.0,3750.0,3750.0,0.0,1.0,1.0,1.0,0.0,371.1888087251,293.30409786886366,449.0735195813363,77.88471085623632,,,,,,,,
global_whole_skeleton,scale_free_m2,75,1.0,self_masking_gaussian_preserving,0.3,n_inverse_half,10,10,0.9769744871612625,0.9669005896311027,0.9870483846914222,0.010073897530159748,0.6605442176870748,0.6279036222197908,0.6931848131543589,0.03264059546728404,0.7873610821667953,0.7636370578327081,0.8110851065008826,0.023724024334087268,0.0,0.0,0.0,0.0,2.3,1.2855262665439344,3.314473733456065,1.0144737334560654,49.9,45.10183246630924,54.69816753369076,4.7981675336907585,18292.4,17082.91345304805,19501.88654695195,1209.48654695195,572.2,563.3367564826278,581.0632435173723,8.863243517372211,1268.3,1254.3957565091403,1282.2042434908597,13.904243490859699,0.319689096566287,0.3128444031819691,0.32653378995060495,0.006844693384317924,121.00516285490014,105.20790422118911,136.80242148861117,15.797258633711031,,,,,,,,
global_whole_skeleton,scale_free_m2,75,1.0,self_masking_logistic_population,0.3,n_inverse_half,10,10,0.972804944416143,0.9626153617964872,0.9829945270357987,0.010189582619655746,0.6666666666666666,0.6401113440672785,0.6932219892660547,0.026555322599388087,0.790806293648192,0.7693164707072332,0.8122961165891508,0.021489822940958803,0.0,0.0,0.0,0.0,2.7,1.74321478103839,3.6567852189616104,0.9567852189616102,49.0,45.09636757788995,52.90363242211005,3.90363242211005,18453.1,17186.745782984526,19719.45421701547,1266.3542170154724,541.2,533.8596960207744,548.5403039792257,7.3403039792256095,1237.5,1185.771511572267,1289.228488427733,51.728488427733055,0.3199358401711672,0.31181766192554233,0.3280540184167921,0.008118178245624885,122.69197047260006,108.91998868388862,136.4639522613115,13.771981788711443,,,,,,,,
global_whole_skeleton,scale_free_m2,75,1.25,complete,0.0,n_inverse_half,10,10,0.9277585789561685,0.9053101982232703,0.9502069596890668,0.022448380732898232,0.7863945578231293,0.7537741220733308,0.8190149935729277,0.03262043574979845,0.8504757285442895,0.8275267447871845,0.8734247123013946,0.02294898375710508,0.0,0.0,0.0,0.0,9.1,6.094176551832618,12.105823448167381,3.005823448167382,31.4,26.60479594477963,36.195204055220366,4.795204055220367,52508.7,44051.85678017801,60965.543219821986,8456.843219821989,4151.0,4151.0,4151.0,0.0,4151.0,4151.0,4151.0,0.0,1.0,1.0,1.0,0.0,393.81231492509994,310.76625822892356,476.8583716212763,83.04605669617638,,,,,,,,
global_whole_skeleton,scale_free_m2,75,1.25,self_masking_gaussian_preserving,0.3,n_inverse_half,10,10,0.9762193888699313,0.9654587757579879,0.9869800019818747,0.010760613111943429,0.6693877551020408,0.637254946733414,0.7015205634706677,0.032132808368626864,0.7934472469745145,0.7698284504950555,0.8170660434539735,0.02361879647945897,0.0,0.0,0.0,0.0,2.4,1.3229977685174041,3.4770022314825955,1.0770022314825956,48.6,43.87647716981186,53.323522830188146,4.723522830188145,19153.2,17987.43360406915,20318.966395930853,1165.766395930852,633.4,623.9565662860988,642.8434337139012,9.443433713901186,1373.4,1293.956939624589,1452.8430603754111,79.44306037541105,0.3173446920005924,0.3100736388423335,0.3246157451588513,0.007271053158258878,124.97845974959992,108.69240439434229,141.26451510485754,16.286055355257623,,,,,,,,
global_whole_skeleton,scale_free_m2,75,1.25,self_masking_logistic_population,0.3,n_inverse_half,10,10,0.9750339450748801,0.9650481303317804,0.9850197598179797,0.009985814743099675,0.6748299319727892,0.6482944341784035,0.7013654297671749,0.026535497794385687,0.7972813345602692,0.7758594833752868,0.8187031857452516,0.02142185118498241,0.0,0.0,0.0,0.0,2.5,1.5314021704787941,3.468597829521206,0.9685978295212059,47.8,43.899281824225305,51.70071817577469,3.900718175774692,19426.6,17911.594535009106,20941.60546499089,1515.0054649908925,604.4,597.2607524142369,611.5392475857631,7.139247585763087,1368.2,1314.200371567591,1422.199628432409,53.999628432409054,0.317899455583945,0.3103172297262848,0.3254816814416052,0.007582225857660219,135.37156137619996,118.59386230729329,152.14926044510662,16.777699068906664,,,,,,,,
global_whole_skeleton,small_world_k2,20,1.0,complete,0.0,n_inverse_half,10,10,0.9722943722943723,0.9447038283603741,0.9998849162283705,0.02759054393399818,0.9949999999999999,0.9836892141860089,1.006310785813991,0.011310785813991087,0.9830340391316004,0.9689190740995977,0.9971490041636031,0.014114965032002713,0.5,0.12297380620029918,0.8770261937997008,0.3770261937997008,0.6,-0.0032419100795213485,1.2032419100795213,0.6032419100795213,0.1,-0.12621571627982048,0.3262157162798205,0.22621571627982048,446.2,379.8349930209401,512.5650069790598,66.36500697905987,1000.0,1000.0,1000.0,0.0,1000.0,1000.0,1000.0,0.0,1.0,1.0,1.0,0.0,2.427980221499979,1.9117133137520779,2.9442471292478802,0.5162669077479012,1.0,1.0,1.0,0.0,0.12692557804087073,0.10105049131080586,0.1528006647709356,0.025875086730064868
global_whole_skeleton,small_world_k2,20,1.0,self_masking_gaussian_preserving,0.3,n_inverse_half,10,10,1.0,1.0,1.0,0.0,0.9899999999999999,0.9749189522480118,1.005081047751988,0.015081047751988097,0.9948717948717949,0.9871379242297498,1.00260566551384,0.007733870642045115,0.8,0.4983790449602394,1.1016209550397607,0.3016209550397606,0.0,0.0,0.0,0.0,0.2,-0.10162095503976065,0.5016209550397607,0.30162095503976066,396.6,343.2791646818754,449.92083531812466,53.32083531812464,229.4,201.1171042082977,257.6828957917023,28.282895791702316,416.45,376.0897201640998,456.8102798359002,40.3602798359002,0.4146825421570511,0.40450271028601675,0.4248623740280854,0.010179831871034328,2.354091219100019,1.9239720769170094,2.7842103612830282,0.4301191421830094,1.0,1.0,1.0,0.0,0.12692557804087073,0.10105049131080586,0.1528006647709356,0.025875086730064868
global_whole_skeleton,small_world_k2,20,1.0,self_masking_logistic_population,0.3,n_inverse_half,10,10,1.0,1.0,1.0,0.0,0.9899999999999999,0.9749189522480118,1.005081047751988,0.015081047751988097,0.9948717948717949,0.9871379242297498,1.00260566551384,0.007733870642045115,0.8,0.4983790449602394,1.1016209550397607,0.3016209550397606,0.0,0.0,0.0,0.0,0.2,-0.10162095503976065,0.5016209550397607,0.30162095503976066,395.2,347.1569795665383,443.24302043346165,48.04302043346166,223.5,192.864214681107,254.135785318893,30.635785318893,411.2,373.72913455481057,448.6708654451894,37.47086544518942,0.41311237745878315,0.4030100770024821,0.4232146779150842,0.010102300456301061,2.2566480427000215,1.8075155424749505,2.7057805429250923,0.4491325002250709,1.0,1.0,1.0,0.0,0.12692557804087073,0.10105049131080587,0.1528006647709356,0.02587508673006486
global_whole_skeleton,small_world_k2,20,1.25,complete,0.0,n_inverse_half,10,10,0.9811471861471862,0.9579329628441264,1.004361409450246,0.023214223303059778,0.9949999999999999,0.9836892141860089,1.006310785813991,0.011310785813991087,0.9877990708478513,0.9729577739567538,1.0026403677389488,0.014841296891097533,0.7,0.3544497855863562,1.0455502144136437,0.34555021441364375,0.4,-0.10018176838777082,0.9001817683877709,0.5001817683877708,0.1,-0.12621571627982048,0.3262157162798205,0.22621571627982048,449.1,376.02423106104186,522.1757689389582,73.07576893895816,796.0,796.0,796.0,0.0,796.0,796.0,796.0,0.0,1.0,1.0,1.0,0.0,2.5279269067999848,1.9617236765505692,3.0941301370494,0.5662032302494154,1.0,1.0,1.0,0.0,0.12692557804087076,0.1010504913108059,0.15280066477093562,0.02587508673006486
global_whole_skeleton,small_world_k2,20,1.25,self_masking_gaussian_preserving,0.3,n_inverse_half,10,10,1.0,1.0,1.0,0.0,0.99,0.974918952248012,1.005081047751988,0.015081047751988041,0.9948717948717949,0.9871379242297498,1.00260566551384,0.007733870642045115,0.8,0.4983790449602394,1.1016209550397607,0.3016209550397606,0.0,0.0,0.0,0.0,0.2,-0.10162095503976065,0.5016209550397607,0.30162095503976066,393.3,349.060767557324,437.539232442676,44.239232442675984,182.9,160.28483872557467,205.51516127442534,22.615161274425333,331.15,299.7601974741851,362.5398025258149,31.3898025258149,0.4146251250368871,0.40390120940576135,0.4253490406680128,0.010723915631125736,2.1955951986999254,1.7969964479283629,2.594193949471488,0.3985987507715625,1.0,1.0,1.0,0.0,0.12692557804087073,0.10105049131080586,0.1528006647709356,0.025875086730064868
global_whole_skeleton,small_world_k2,20,1.25,self_masking_logistic_population,0.3,n_inverse_half,10,10,0.9952380952380953,0.9844659182723895,1.006010272203801,0.010772176965705704,0.9899999999999999,0.9749189522480118,1.005081047751988,0.015081047751988097,0.9924327704815511,0.9837131766639569,1.0011523642991453,0.00871959381759424,0.7,0.35444978558635615,1.0455502144136437,0.34555021441364375,0.1,-0.12621571627982048,0.3262157162798205,0.22621571627982048,0.2,-0.10162095503976065,0.5016209550397607,0.30162095503976066,391.2,345.9646492897903,436.43535071020966,45.23535071020967,179.4,155.19926453303913,203.60073546696088,24.20073546696088,328.9,300.87561486345794,356.924385136542,28.024385136542037,0.41425768028847737,0.4044564730494696,0.42405888752748516,0.009801207239007792,2.2536148413999855,1.8630788198648092,2.6441508629351618,0.3905360215351763,1.0,1.0,1.0,0.0,0.12692557804087073,0.10105049131080587,0.1528006647709356,0.02587508673006486
global_whole_skeleton,small_world_k2,50,1.0,complete,0.0,n_inverse_half,10,10,0.9921568627450981,0.9849135545531534,0.9994001709370427,0.007243308191944631,1.0,1.0,1.0,0.0,0.996039603960396,0.9923820919030774,0.9996971160177147,0.0036575120573186792,0.6,0.23059128221082004,0.9694087177891799,0.36940871778917994,0.4,0.03059128221082008,0.76940871778918,0.36940871778917994,0.0,0.0,0.0,0.0,1941.7,1845.3103648831293,2038.0896351168708,96.38963511687075,2500.0,2500.0,2500.0,0.0,2500.0,2500.0,2500.0,0.0,1.0,1.0,1.0,0.0,9.08120832979996,8.45698494529207,9.70543171430785,0.6242233845078893,1.0,1.0,1.0,0.0,,,,
global_whole_skeleton,small_world_k2,50,1.0,self_masking_gaussian_preserving,0.3,n_inverse_half,10,10,0.9980392156862745,0.993603613406278,1.002474817966271,0.004435602279996509,1.0,1.0,1.0,0.0,0.9990099009900989,0.9967701414229719,1.0012496605572259,0.0022397595671269643,0.9,0.6737842837201795,1.1262157162798205,0.2262157162798205,0.1,-0.12621571627982048,0.3262157162798205,0.22621571627982048,0.0,0.0,0.0,0.0,1882.6,1808.9331338133286,1956.2668661866712,73.66686618667131,581.0,545.4826116641731,616.5173883358269,35.51738833582692,1210.7,1206.610699443008,1214.7893005569922,4.089300556992157,0.4402207431276561,0.43654192366362476,0.4438995625916874,0.003678819464031313,9.03759744809995,7.955286879709851,10.119908016490049,1.082310568390099,1.0,1.0,1.0,0.0,,,,
global_whole_skeleton,small_world_k2,50,1.0,self_masking_logistic_population,0.3,n_inverse_half,10,10,0.9980392156862745,0.993603613406278,1.002474817966271,0.004435602279996509,1.0,1.0,1.0,0.0,0.9990099009900989,0.9967701414229719,1.0012496605572259,0.0022397595671269643,0.9,0.6737842837201795,1.1262157162798205,0.2262157162798205,0.1,-0.12621571627982048,0.3262157162798205,0.22621571627982048,0.0,0.0,0.0,0.0,1886.2,1827.6146423260545,1944.7853576739456,58.58535767394551,562.5,542.3222287634852,582.6777712365148,20.177771236514786,1205.0,1199.863580220568,1210.136419779432,5.13641977943189,0.4375485977762922,0.4338094676757924,0.44128772787679194,0.0037391301004997546,8.429566752999994,7.431824884762392,9.427308621237596,0.9977418682376022,1.0,1.0,1.0,0.0,,,,
global_whole_skeleton,small_world_k2,50,1.25,complete,0.0,n_inverse_half,10,10,0.9921568627450981,0.9849135545531534,0.9994001709370427,0.007243308191944631,1.0,1.0,1.0,0.0,0.996039603960396,0.9923820919030774,0.9996971160177147,0.0036575120573186792,0.6,0.23059128221082004,0.9694087177891799,0.36940871778917994,0.4,0.03059128221082008,0.76940871778918,0.36940871778917994,0.0,0.0,0.0,0.0,1941.7,1845.3103648831293,2038.0896351168708,96.38963511687075,2500.0,2500.0,2500.0,0.0,2500.0,2500.0,2500.0,0.0,1.0,1.0,1.0,0.0,9.469005915300022,8.317291985352607,10.620719845247436,1.1517139299474142,1.0,1.0,1.0,0.0,,,,
global_whole_skeleton,small_world_k2,50,1.25,self_masking_gaussian_preserving,0.3,n_inverse_half,10,10,0.9980392156862745,0.993603613406278,1.002474817966271,0.004435602279996509,1.0,1.0,1.0,0.0,0.9990099009900991,0.9967701414229722,1.001249660557226,0.0022397595671269643,0.9,0.6737842837201795,1.1262157162798205,0.2262157162798205,0.1,-0.12621571627982048,0.3262157162798205,0.22621571627982048,0.0,0.0,0.0,0.0,1882.6,1808.9331338133286,1956.2668661866712,73.66686618667131,581.0,545.4826116641731,616.5173883358269,35.51738833582692,1210.7,1206.610699443008,1214.7893005569922,4.089300556992157,0.440220743127656,0.4365419236636247,0.44389956259168734,0.003678819464031313,9.276709426000025,8.507482766779193,10.045936085220857,0.7692266592208323,1.0,1.0,1.0,0.0,,,,
global_whole_skeleton,small_world_k2,50,1.25,self_masking_logistic_population,0.3,n_inverse_half,10,10,0.9980392156862745,0.993603613406278,1.002474817966271,0.004435602279996509,1.0,1.0,1.0,0.0,0.9990099009900989,0.9967701414229719,1.0012496605572259,0.0022397595671269643,0.9,0.6737842837201795,1.1262157162798205,0.2262157162798205,0.1,-0.12621571627982048,0.3262157162798205,0.22621571627982048,0.0,0.0,0.0,0.0,1886.2,1827.6146423260545,1944.7853576739456,58.58535767394551,562.5,542.3222287634852,582.6777712365148,20.177771236514786,1205.0,1199.863580220568,1210.136419779432,5.13641977943189,0.4375485977762922,0.4338094676757924,0.44128772787679194,0.0037391301004997546,9.293600732599998,8.450497250928283,10.136704214271713,0.8431034816717151,1.0,1.0,1.0,0.0,,,,
global_whole_skeleton,small_world_k2,75,1.0,complete,0.0,n_inverse_half,10,10,0.9754980589585853,0.9632970110305027,0.987699106886668,0.012201047928082631,0.9973333333333333,0.9933117205994698,1.0013549460671967,0.004021612733863422,0.9862214492021298,0.9795223271258925,0.9929205712783672,0.0066991220762373516,0.0,0.0,0.0,0.0,1.9,0.9197318961207779,2.8802681038792217,0.9802681038792219,0.2,-0.10162095503976065,0.5016209550397607,0.30162095503976066,3949.2,3857.323241925035,4041.076758074965,91.87675807496498,3750.0,3750.0,3750.0,0.0,3750.0,3750.0,3750.0,0.0,1.0,1.0,1.0,0.0,18.106386580300022,15.843837474129792,20.36893568647025,2.26254910617023,1.0,1.0,1.0,0.0,,,,
global_whole_skeleton,small_world_k2,75,1.0,self_masking_gaussian_preserving,0.3,n_inverse_half,10,10,0.9973684210526315,0.9933997242757925,1.0013371178294703,0.00396869677683892,0.9973333333333333,0.9933117205994698,1.0013549460671967,0.004021612733863422,0.9973332148095471,0.9948702893505921,0.999796140268502,0.00246292545895499,0.6,0.23059128221082004,0.9694087177891799,0.36940871778917994,0.2,-0.10162095503976065,0.5016209550397607,0.30162095503976066,0.2,-0.10162095503976065,0.5016209550397607,0.30162095503976066,3847.1,3738.5015594364104,3955.6984405635894,108.59844056358952,851.1,794.2738095947332,907.9261904052669,56.82619040526686,1822.85,1819.0495086409892,1826.6504913590106,3.8004913590107208,0.44902012805921016,0.4462727450130332,0.4517675111053871,0.0027473830461769433,17.259072245000016,15.274439041747135,19.243705448252896,1.9846332032528808,1.0,1.0,1.0,0.0,,,,
global_whole_skeleton,small_world_k2,75,1.0,self_masking_logistic_population,0.3,n_inverse_half,10,10,0.9973508771929824,0.9933556129276316,1.0013461414583331,0.00399526426535074,0.9973333333333333,0.9933117205994698,1.0013549460671967,0.004021612733863422,0.9973332740714402,0.9939986548426875,1.000667893300193,0.003334619228752722,0.7,0.3544497855863562,1.0455502144136437,0.34555021441364375,0.2,-0.10162095503976065,0.5016209550397607,0.30162095503976066,0.2,-0.10162095503976065,0.5016209550397607,0.30162095503976066,3833.4,3745.169941549277,3921.630058450723,88.23005845072294,800.0,741.254527726034,858.745472273966,58.745472273966016,1821.5,1818.5553312920676,1824.4446687079324,2.944668707932351,0.44882707562055274,0.4461017804929273,0.45155237074817817,0.0027252951276254267,17.306932598300023,15.773010367913649,18.840854828686396,1.5339222303863735,1.0,1.0,1.0,0.0,,,,
global_whole_skeleton,small_world_k2,75,1.25,complete,0.0,n_inverse_half,10,10,0.9754890512552071,0.9637471010151091,0.9872310014953052,0.011741950240098054,0.9986666666666666,0.995650457116269,1.0016828762170642,0.0030162095503976083,0.9868848245911375,0.9802769049116707,0.9934927442706042,0.006607919679466723,0.2,-0.10162095503976065,0.5016209550397607,0.30162095503976066,1.9,0.9795617593591116,2.8204382406408883,0.9204382406408884,0.1,-0.12621571627982048,0.3262157162798205,0.22621571627982048,3916.6,3831.1400788528763,4002.0599211471235,85.45992114712362,4151.0,4151.0,4151.0,0.0,4151.0,4151.0,4151.0,0.0,1.0,1.0,1.0,0.0,18.81596720319999,16.96484860067373,20.66708580572625,1.8511186025262596,1.0,1.0,1.0,0.0,,,,
global_whole_skeleton,small_world_k2,75,1.25,self_masking_gaussian_preserving,0.3,n_inverse_half,10,10,0.9960526315789474,0.9915059182313994,1.0005993449264954,0.00454671334754797,0.9973333333333333,0.9933117205994698,1.0013549460671967,0.004021612733863422,0.996670963153918,0.9941605875830597,0.9991813387247763,0.002510375570858314,0.5,0.12297380620029918,0.8770261937997008,0.3770261937997008,0.3,-0.045550214413643764,0.6455502144136438,0.34555021441364375,0.2,-0.10162095503976065,0.5016209550397607,0.30162095503976066,3811.9,3725.9668387659026,3897.8331612340976,85.9331612340975,939.3,876.0655696098584,1002.5344303901416,63.2344303901416,2018.3,2014.4989476414498,2022.10105235855,3.8010523585501232,0.449643798660894,0.44753754249631333,0.45175005482547465,0.0021062561645806555,17.619510104100073,15.95924334514556,19.279776863054582,1.6602667589545108,1.0,1.0,1.0,0.0,,,,
global_whole_skeleton,small_world_k2,75,1.25,self_masking_logistic_population,0.3,n_inverse_half,10,10,0.9986842105263157,0.9957076879436866,1.0016607331089449,0.0029765225826291486,0.9973333333333333,0.9933117205994698,1.0013549460671967,0.004021612733863422,0.9979954664651762,0.9956865116249769,1.0003044213053756,0.0023089548401993287,0.7,0.3544497855863562,1.0455502144136437,0.34555021441364375,0.1,-0.12621571627982048,0.3262157162798205,0.22621571627982048,0.2,-0.10162095503976065,0.5016209550397607,0.30162095503976066,3813.5,3717.3494497857614,3909.6505502142386,96.15055021423859,893.8,827.5893910976959,960.010608902304,66.2106089023041,2017.95,2014.8206825914626,2021.0793174085375,3.1293174085374176,0.4494193030880245,0.4463759644664312,0.45246264170961786,0.003043338621593339,19.204109673400033,16.460599926656407,21.94761942014366,2.7435097467436265,1.0,1.0,1.0,0.0,,,,
global_whole_skeleton,small_world_k2,100,1.0,complete,0.0,n_inverse_half,10,10,0.9720830585578313,0.9599518968951988,0.9842142202204638,0.012131161662632506,1.0,1.0,1.0,0.0,0.9857765005357134,0.97954344809967,0.9920095529717569,0.00623305243604344,0.1,-0.12621571627982048,0.3262157162798205,0.22621571627982048,2.9,1.6181109410810175,4.1818890589189825,1.2818890589189826,0.0,0.0,0.0,0.0,6759.6,6575.89785699847,6943.302143001531,183.7021430015302,5000.0,5000.0,5000.0,0.0,5000.0,5000.0,5000.0,0.0,1.0,1.0,1.0,0.0,31.79139443190011,27.4835307579267,36.09925810587352,4.307863673973408,1.0,1.0,1.0,0.0,,,,
global_whole_skeleton,small_world_k2,100,1.0,self_masking_gaussian_preserving,0.3,n_inverse_half,10,10,1.0,1.0,1.0,0.0,1.0,1.0,1.0,0.0,1.0,1.0,1.0,0.0,1.0,1.0,1.0,0.0,0.0,0.0,0.0,0.0,0.0,0.0,0.0,0.0,6567.6,6411.720317772183,6723.479682227818,155.87968222781728,1033.9,917.974677674677,1149.8253223253232,115.92532232532312,2437.65,2434.828342413947,2440.471657586053,2.821657586052879,0.4540197083898735,0.45164559963804934,0.45639381714169763,0.0023741087518241444,30.986832936499876,26.873484617376942,35.100181255622815,4.113348319122936,1.0,1.0,1.0,0.0,,,,
global_whole_skeleton,small_world_k2,100,1.0,self_masking_logistic_population,0.3,n_inverse_half,10,10,0.998019801980198,0.9950334558906954,1.0010061480697006,0.0029863460895026006,1.0,1.0,1.0,0.0,0.9990049751243781,0.9975043733580111,1.0005055768907452,0.0015006017663670157,0.8,0.4983790449602394,1.1016209550397607,0.3016209550397606,0.2,-0.10162095503976065,0.5016209550397607,0.30162095503976066,0.0,0.0,0.0,0.0,6525.8,6391.868408276647,6659.731591723354,133.93159172335345,941.1,837.4303010186976,1044.7696989813023,103.66969898130236,2436.8,2432.32878089174,2441.2712191082605,4.471219108260357,0.45420861847950755,0.45132954819188176,0.45708768876713335,0.0028790702876257956,29.06153438590013,25.645549439578172,32.47751933222209,3.4159849463219576,1.0,1.0,1.0,0.0,,,,
global_whole_skeleton,small_world_k2,100,1.25,complete,0.0,n_inverse_half,10,10,0.9682924449952456,0.9568037251871722,0.979781164803319,0.011488719808073422,1.0,1.0,1.0,0.0,0.9838301382649238,0.9779175040807956,0.9897427724490521,0.00591263418412824,0.1,-0.12621571627982048,0.3262157162798205,0.22621571627982048,3.3,2.0817910858691864,4.518208914130813,1.2182089141308134,0.0,0.0,0.0,0.0,6747.1,6579.324970486778,6914.875029513223,167.77502951322276,5947.0,5947.0,5947.0,0.0,5947.0,5947.0,5947.0,0.0,1.0,1.0,1.0,0.0,33.484238988300106,29.024896224570902,37.94358175202931,4.459342763729204,1.0,1.0,1.0,0.0,,,,
global_whole_skeleton,small_world_k2,100,1.25,self_masking_gaussian_preserving,0.3,n_inverse_half,10,10,1.0,1.0,1.0,0.0,1.0,1.0,1.0,0.0,1.0,1.0,1.0,0.0,1.0,1.0,1.0,0.0,0.0,0.0,0.0,0.0,0.0,0.0,0.0,0.0,6533.9,6372.242194380648,6695.557805619352,161.65780561935208,1239.7,1097.3042192421194,1382.0957807578807,142.39578075788063,2899.8,2896.9227194701875,2902.677280529813,2.8772805298126514,0.4544510118520436,0.45182355266623353,0.4570784710378537,0.002627459185810088,30.368266232099906,26.73645272574487,34.00007973845494,3.631813506355037,1.0,1.0,1.0,0.0,,,,
global_whole_skeleton,small_world_k2,100,1.25,self_masking_logistic_population,0.3,n_inverse_half,10,10,0.9970297029702969,0.9936084137186766,1.0004509922219171,0.003421289251620274,1.0,1.0,1.0,0.0,0.9985074626865671,0.9967883073909768,1.0002266179821573,0.0017191552955902467,0.7,0.3544497855863562,1.0455502144136437,0.34555021441364375,0.3,-0.045550214413643764,0.6455502144136438,0.34555021441364375,0.0,0.0,0.0,0.0,6524.0,6379.304046606464,6668.695953393536,144.695953393536,1153.0,1023.758412373152,1282.2415876268478,129.2415876268479,2899.1,2893.9696722619133,2904.2303277380865,5.130327738086635,0.45422330134123506,0.45108170366367895,0.4573648990187912,0.0031415976775561183,32.441595061400086,28.00783390043169,36.87535622236848,4.433761160968395,1.0,1.0,1.0,0.0,,,,
target_restriction_of_global,er_expected_degree_2,20,1.0,complete,0.0,n_inverse_half,10,10,0.9616666666666667,0.9313739421603795,0.9919593911729538,0.030292724506287172,0.9640000000000001,0.9313089324553471,0.9966910675446531,0.03269106754465301,0.9551341991341993,0.9311598530049454,0.9791085452634531,0.023974346129253865,0.78,0.6593516179840957,0.9006483820159044,0.12064838201590433,0.09000000000000001,0.018862840028050137,0.16113715997194988,0.07113715997194987,0.15,0.018310411956932143,0.2816895880430679,0.13168958804306785,943.8,584.8888380347848,1302.711161965215,358.9111619652151,1000.0,1000.0,1000.0,0.0,1000.0,1000.0,1000.0,0.0,1.0,1.0,1.0,0.0,5.526641808259924,3.025500340500509,8.027783276019338,2.501141467759415,1.0,1.0,1.0,0.0,0.0838303956713607,0.0650999070431568,0.10256088429956461,0.01873048862820391
target_restriction_of_global,er_expected_degree_2,20,1.0,self_masking_gaussian_preserving,0.3,n_inverse_half,10,10,0.9916666666666666,0.9728153569766815,1.0105179763566516,0.018851309689985052,0.9245000000000001,0.8704769716554712,0.978523028344529,0.05402302834452888,0.9484163059163059,0.9071140165568252,0.9897185952757865,0.04130228935948066,0.79,0.6375023422058744,0.9424976577941256,0.1524976577941256,0.02,-0.02524314325596409,0.06524314325596409,0.04524314325596409,0.27,0.06752605171549056,0.4724739482845095,0.2024739482845095,739.3,520.662760526241,957.937239473759,218.637239473759,176.7,157.93924327330342,195.46075672669656,18.76075672669657,353.3,347.48792385263687,359.11207614736315,5.812076147363143,0.3718607318620603,0.3574150239316384,0.38630643979248225,0.014445707930421936,4.542376709830029,2.963889357801239,6.1208640618588195,1.5784873520287903,1.0,1.0,1.0,0.0,0.0838303956713607,0.0650999070431568,0.10256088429956461,0.01873048862820391
target_restriction_of_global,er_expected_degree_2,20,1.0,self_masking_logistic_population,0.3,n_inverse_half,10,10,0.9866666666666667,0.9657879014775882,1.007545431855745,0.02087876518907844,0.9288333333333332,0.8725845013343699,0.9850821653322964,0.056248831998963245,0.9473924963924963,0.9040793117716072,0.9907056810133855,0.04331318462088918,0.7899999999999999,0.6532272848601031,0.9267727151398968,0.13677271513989686,0.030000000000000006,-0.018282911193318367,0.07828291119331837,0.04828291119331837,0.27999999999999997,0.061975821819623994,0.4980241781803759,0.21802417818037595,746.0,515.2042846629614,976.7957153370386,230.7957153370386,176.1,152.83543686981696,199.36456313018303,23.264563130183035,354.3,333.84293255772275,374.7570674422773,20.457067442277264,0.36839801894477764,0.3531403255113875,0.38365571237816776,0.015257693433390118,4.467038478569998,2.988767926779132,5.945309030360865,1.4782705517908665,1.0,1.0,1.0,0.0,0.0838303956713607,0.0650999070431568,0.10256088429956461,0.01873048862820391
target_restriction_of_global,er_expected_degree_2,20,1.25,complete,0.0,n_inverse_half,10,10,0.9716666666666667,0.9429807236955919,1.0003526096377413,0.028685942971074685,0.9639999999999999,0.9313089324553468,0.9966910675446529,0.03269106754465301,0.9618008658008659,0.9340559244736024,0.9895458071281293,0.02774494132726346,0.8,0.6609596097879895,0.9390403902120106,0.13904039021201053,0.06999999999999999,0.002135285116053834,0.13786471488394614,0.06786471488394616,0.15000000000000002,0.01831041195693217,0.2816895880430679,0.13168958804306785,948.3,585.1265680882864,1311.4734319117135,363.1734319117136,796.0,796.0,796.0,0.0,796.0,796.0,796.0,0.0,1.0,1.0,1.0,0.0,6.012679689800027,3.6476856386915277,8.377673740908527,2.3649940511085,1.0,1.0,1.0,0.0,0.0838303956713607,0.0650999070431568,0.10256088429956461,0.01873048862820391
target_restriction_of_global,er_expected_degree_2,20,1.25,self_masking_gaussian_preserving,0.3,n_inverse_half,10,10,0.9883333333333333,0.9688232650079581,1.0078434016587083,0.019510068325375107,0.9188333333333333,0.8659628121757214,0.9717038544909452,0.05287052115761193,0.9428253968253968,0.9027012248797063,0.9829495687710873,0.04012417194569051,0.77,0.6267300463561137,0.9132699536438863,0.14326995364388628,0.030000000000000006,-0.018282911193318367,0.07828291119331837,0.04828291119331837,0.30000000000000004,0.10049649068974986,0.4995035093102502,0.19950350931025018,704.0,508.443524039198,899.556475960802,195.556475960802,139.2,124.75128582221937,153.64871417778062,14.448714177780623,281.6,276.08767590091276,287.1123240990873,5.512324099087266,0.3740458849231065,0.36075126228317683,0.3873405075630361,0.013294622639929643,3.8106440350500272,2.63407759687501,4.987210473225044,1.1765664381750172,1.0,1.0,1.0,0.0,0.08383039567136069,0.06509990704315678,0.1025608842995646,0.01873048862820391
target_restriction_of_global,er_expected_degree_2,20,1.25,self_masking_logistic_population,0.3,n_inverse_half,10,10,0.9916666666666666,0.9728153569766815,1.0105179763566516,0.018851309689985052,0.9196666666666667,0.864255929076404,0.9750774042569295,0.055410737590262715,0.9444321789321789,0.9014630332451368,0.987401324619221,0.04296914568704213,0.78,0.6547274088655293,0.9052725911344708,0.12527259113447076,0.02,-0.02524314325596409,0.06524314325596409,0.04524314325596409,0.3,0.07886843219699544,0.5211315678030045,0.22113156780300453,698.1,491.37424471441494,904.825755285585,206.72575528558505,140.5,122.53439526228911,158.4656047377109,17.96560473771089,286.3,264.87097737716033,307.7290226228397,21.429022622839682,0.37325905249848895,0.3591504018152978,0.3873677031816801,0.01410865068319117,4.319944969919991,2.8082255064319215,5.8316644334080605,1.5117194634880695,1.0,1.0,1.0,0.0,0.08383039567136069,0.06509990704315678,0.1025608842995646,0.01873048862820391
target_restriction_of_global,er_expected_degree_2,50,1.0,complete,0.0,n_inverse_half,10,10,0.9835714285714285,0.9667017041778995,1.0004411529649577,0.01686972439352913,0.9816547619047619,0.9709086154879106,0.9924009083216131,0.010746146416851232,0.978949272949273,0.9658667412713821,0.992031804627164,0.013082531677890974,0.8700000000000001,0.8111066258413514,0.9288933741586488,0.058893374158648704,0.04,0.003059128221082015,0.07694087177891798,0.036940871778917986,0.09,0.037216332868041886,0.14278366713195811,0.05278366713195812,4703.9,3488.8485442013216,5918.951455798678,1215.051455798678,2500.0,2500.0,2500.0,0.0,2500.0,2500.0,2500.0,0.0,1.0,1.0,1.0,0.0,28.721725490190018,19.362430332704307,38.08102064767573,9.359295157485711,1.0,1.0,1.0,0.0,,,,
target_restriction_of_global,er_expected_degree_2,50,1.0,self_masking_gaussian_preserving,0.3,n_inverse_half,10,10,1.0,1.0,1.0,0.0,0.9626309523809524,0.9407162544206603,0.9845456503412445,0.021914697960292107,0.9783252858252858,0.965434641299258,0.9912159303513135,0.012890644526027728,0.85,0.7656943801365859,0.9343056198634141,0.08430561986341412,0.0,0.0,0.0,0.0,0.18,0.07443266573608377,0.28556733426391623,0.10556733426391623,3810.9,3013.2134686606214,4608.586531339379,797.6865313393787,395.8,386.8728349598134,404.7271650401866,8.927165040186594,878.1,870.3186323891304,885.8813676108697,7.781367610869665,0.378930642189016,0.3668870029537166,0.3909742814243154,0.012043639235299386,21.980112908539972,15.940065528583016,28.02016028849693,6.040047379956956,1.0,1.0,1.0,0.0,,,,
target_restriction_of_global,er_expected_degree_2,50,1.0,self_masking_logistic_population,0.3,n_inverse_half,10,10,0.9960714285714285,0.9898774268161477,1.0022654303267093,0.006194001755280842,0.9445357142857143,0.9073587297519323,0.9817126988194962,0.03717698453378193,0.9649205239205239,0.9410349430676999,0.9888061047733478,0.023885580852823995,0.8,0.6933608886717113,0.9066391113282888,0.10663911132828874,0.02,-0.010162095503976062,0.05016209550397606,0.030162095503976062,0.23000000000000004,0.08281484577712997,0.37718515422287013,0.1471851542228701,3787.4,3019.2278280842256,4555.572171915775,768.1721719157745,375.8,359.07158953167567,392.52841046832435,16.72841046832434,879.95,859.7247672764548,900.1752327235453,20.22523272354522,0.3767757315867486,0.3632471711408086,0.39030429203268857,0.013528560445939974,23.031736224209972,17.663179506903745,28.4002929415162,5.368556717306227,1.0,1.0,1.0,0.0,,,,
target_restriction_of_global,er_expected_degree_2,50,1.25,complete,0.0,n_inverse_half,10,10,0.9835714285714285,0.9667017041778995,1.0004411529649577,0.01686972439352913,0.981654761904762,0.9709086154879107,0.9924009083216132,0.010746146416851232,0.9789492729492728,0.9658667412713818,0.9920318046271638,0.013082531677890974,0.8700000000000001,0.8111066258413514,0.9288933741586488,0.058893374158648704,0.04,0.003059128221082015,0.07694087177891798,0.036940871778917986,0.09,0.037216332868041886,0.14278366713195811,0.05278366713195812,4703.9,3488.8485442013216,5918.951455798678,1215.051455798678,2500.0,2500.0,2500.0,0.0,2500.0,2500.0,2500.0,0.0,1.0,1.0,1.0,0.0,30.578577153619968,20.886403914124735,40.2707503931152,9.692173239495233,1.0,1.0,1.0,0.0,,,,
target_restriction_of_global,er_expected_degree_2,50,1.25,self_masking_gaussian_preserving,0.3,n_inverse_half,10,10,1.0,1.0,1.0,0.0,0.9626309523809524,0.9407162544206603,0.9845456503412445,0.021914697960292107,0.9783252858252858,0.965434641299258,0.9912159303513135,0.012890644526027728,0.85,0.7656943801365859,0.9343056198634141,0.08430561986341412,0.0,0.0,0.0,0.0,0.18,0.07443266573608377,0.28556733426391623,0.10556733426391623,3810.9,3013.2134686606214,4608.586531339379,797.6865313393787,395.8,386.8728349598134,404.7271650401866,8.927165040186594,878.1,870.3186323891304,885.8813676108697,7.781367610869665,0.37893064218901606,0.3668870029537167,0.39097428142431545,0.012043639235299386,23.623008907349963,18.013881062930302,29.232136751769623,5.60912784441966,1.0,1.0,1.0,0.0,,,,
target_restriction_of_global,er_expected_degree_2,50,1.25,self_masking_logistic_population,0.3,n_inverse_half,10,10,0.9960714285714285,0.9898774268161477,1.0022654303267093,0.006194001755280842,0.9445357142857143,0.9073587297519323,0.9817126988194962,0.03717698453378193,0.9649205239205239,0.9410349430676999,0.9888061047733478,0.023885580852823995,0.8,0.6933608886717113,0.9066391113282888,0.10663911132828874,0.02,-0.010162095503976062,0.05016209550397606,0.030162095503976062,0.23000000000000004,0.08281484577712997,0.37718515422287013,0.1471851542228701,3787.4,3019.2278280842256,4555.572171915775,768.1721719157745,375.8,359.07158953167567,392.52841046832435,16.72841046832434,879.95,859.7247672764548,900.1752327235453,20.22523272354522,0.37677573158674854,0.36324717114080857,0.3903042920326885,0.013528560445939974,23.217741827380003,17.73696990004317,28.698513754716835,5.480771927336832,1.0,1.0,1.0,0.0,,,,
target_restriction_of_global,er_expected_degree_2,75,1.0,complete,0.0,n_inverse_half,10,10,0.9677380952380952,0.9472739121156876,0.9882022783605028,0.02046418312240761,0.9844047619047618,0.9674366834352912,1.0013728403742324,0.01696807846947057,0.9698961038961039,0.9521993545514151,0.9875928532407927,0.01769674934468879,0.8700000000000001,0.8021352851160539,0.9378647148839463,0.06786471488394619,0.08,0.03475685674403591,0.12524314325596408,0.04524314325596408,0.06000000000000001,0.009981823161222918,0.1100181768387771,0.05001817683877709,9081.3,6524.245956632269,11638.35404336773,2557.0540433677306,3750.0,3750.0,3750.0,0.0,3750.0,3750.0,3750.0,0.0,1.0,1.0,1.0,0.0,57.01506133088001,39.438817629046454,74.59130503271356,17.576243701833555,1.0,1.0,1.0,0.0,,,,
target_restriction_of_global,er_expected_degree_2,75,1.0,self_masking_gaussian_preserving,0.3,n_inverse_half,10,10,0.9924999999999999,0.9804292722016703,1.0045707277983296,0.012070727798329628,0.982404761904762,0.9658846042408208,0.9989249195687032,0.016520157663941215,0.9847776667776668,0.969911443106469,0.9996438904488645,0.01486622367119772,0.9100000000000001,0.8388628400280502,0.9811371599719501,0.07113715997194991,0.02,-0.010162095503976062,0.05016209550397606,0.030162095503976062,0.06999999999999999,0.02171708880668162,0.11828291119331837,0.04828291119331837,7531.7,5811.096558529772,9252.303441470227,1720.6034414702276,604.7,595.6071786874611,613.792821312539,9.092821312538945,1460.9,1295.2896146069181,1626.510385393082,165.61038539308197,0.3944840924323854,0.37858974376442917,0.41037844110034166,0.01589434866795625,43.85611233456999,29.838111899104398,57.87411277003559,14.018000435465595,1.0,1.0,1.0,0.0,,,,
target_restriction_of_global,er_expected_degree_2,75,1.0,self_masking_logistic_population,0.3,n_inverse_half,10,10,1.0,1.0,1.0,0.0,0.981904761904762,0.9641234173997763,0.9996861064097476,0.017781344504985697,0.9892221112221113,0.9781545651644966,1.000289657279726,0.011067546057614674,0.93,0.8711066258413515,0.9888933741586486,0.05889337415864859,0.0,0.0,0.0,0.0,0.06999999999999999,0.011106625841351345,0.12889337415864865,0.058893374158648655,7663.4,5795.082002603422,9531.717997396578,1868.317997396578,557.7,547.9377149962836,567.4622850037165,9.762285003716443,1462.4,1299.762873682771,1625.0371263172292,162.6371263172291,0.3924823763443185,0.3758457557807564,0.40911899690788056,0.016636620563562077,45.57038756816995,32.68955542663098,58.451219709708916,12.880832141538967,1.0,1.0,1.0,0.0,,,,
target_restriction_of_global,er_expected_degree_2,75,1.25,complete,0.0,n_inverse_half,10,10,0.9769047619047619,0.9535505486402333,1.0002589751692907,0.023354213264528745,0.9844047619047618,0.9674366834352912,1.0013728403742324,0.01696807846947057,0.9765670995670996,0.9599570855553925,0.9931771135788068,0.01661001401170714,0.8900000000000002,0.8273637044327649,0.9526362955672356,0.06263629556723538,0.06999999999999999,0.011106625841351345,0.12889337415864865,0.058893374158648655,0.06,0.009981823161222904,0.1100181768387771,0.0500181768387771,9121.4,6549.345826782781,11693.454173217218,2572.0541732172187,4151.0,4151.0,4151.0,0.0,4151.0,4151.0,4151.0,0.0,1.0,1.0,1.0,0.0,55.696965362080014,37.569298074930536,73.8246326492295,18.12766728714948,1.0,1.0,1.0,0.0,,,,
target_restriction_of_global,er_expected_degree_2,75,1.25,self_masking_gaussian_preserving,0.3,n_inverse_half,10,10,0.9925,0.9804292722016704,1.0045707277983296,0.012070727798329572,0.9824047619047619,0.9658846042408207,0.9989249195687031,0.016520157663941215,0.9847776667776668,0.9709268224666875,0.998628511088646,0.013850844310979271,0.9099999999999999,0.8473637044327645,0.9726362955672353,0.06263629556723538,0.02,-0.010162095503976062,0.05016209550397606,0.030162095503976062,0.07,0.021717088806681634,0.11828291119331838,0.04828291119331837,7620.7,5858.332055377991,9383.06794462201,1762.367944622009,670.1,659.123680250765,681.076319749235,10.976319749235017,1614.85,1430.493979523544,1799.2060204764557,184.3560204764558,0.39352056990689444,0.3776826708395066,0.4093584689742823,0.01583789906738786,45.81962139188007,29.137667584382662,62.50157519937748,16.681953807497408,1.0,1.0,1.0,0.0,,,,
target_restriction_of_global,er_expected_degree_2,75,1.25,self_masking_logistic_population,0.3,n_inverse_half,10,10,1.0,1.0,1.0,0.0,0.9760714285714286,0.9508197604972408,1.0013230966456164,0.025251668074187772,0.9853173493173493,0.9691164750370761,1.0015182235976223,0.016200874280273114,0.9199999999999999,0.846118256442164,0.9938817435578359,0.07388174355783594,0.0,0.0,0.0,0.0,0.09000000000000001,0.004356112057822728,0.17564388794217728,0.08564388794217728,7742.6,5846.835238226682,9638.364761773319,1895.7647617733182,620.3,607.0748153529715,633.5251846470284,13.225184647028414,1616.7,1433.63010284817,1799.76989715183,183.06989715183,0.3916021628026457,0.37469831812101395,0.40850600748427746,0.016903844681631752,47.096400027519984,33.37289034215573,60.81990971288424,13.723509685364256,1.0,1.0,1.0,0.0,,,,
target_restriction_of_global,er_expected_degree_2,100,1.0,complete,0.0,n_inverse_half,10,10,0.9691666666666666,0.9427972846858368,0.9955360486474965,0.02636938198082983,1.0,1.0,1.0,0.0,0.9799047619047618,0.9625516351515572,0.9972578886579665,0.017353126753204662,0.93,0.8711066258413515,0.9888933741586486,0.05889337415864859,0.06999999999999999,0.011106625841351345,0.12889337415864865,0.058893374158648655,0.0,0.0,0.0,0.0,12581.6,9499.888774561183,15663.311225438818,3081.7112254388176,5000.0,5000.0,5000.0,0.0,5000.0,5000.0,5000.0,0.0,1.0,1.0,1.0,0.0,78.25388423536003,58.109576483661414,98.39819198705865,20.14430775169862,1.0,1.0,1.0,0.0,,,,
target_restriction_of_global,er_expected_degree_2,100,1.0,self_masking_gaussian_preserving,0.3,n_inverse_half,10,10,0.9949999999999999,0.9836892141860089,1.006310785813991,0.011310785813991087,0.9921428571428571,0.9844499840608386,0.9998357302248756,0.007692873082018492,0.9922710622710623,0.9845802720835285,0.9999618524585961,0.007690790187533825,0.95,0.9122973806200299,0.9877026193799701,0.037702619379970104,0.01,-0.012621571627982045,0.03262157162798204,0.022621571627982045,0.05,-0.000583371918048449,0.10058337191804845,0.050583371918048445,10825.5,8629.078781857945,13021.921218142055,2196.4212181420553,814.3,800.1204062435753,828.4795937564246,14.179593756424651,2020.0,1776.851835108015,2263.148164891985,243.14816489198495,0.4056812989099944,0.38980288660687235,0.4215597112131164,0.015878412303122036,61.59194057639998,42.09988603136877,81.08399512143119,19.49205454503121,1.0,1.0,1.0,0.0,,,,
target_restriction_of_global,er_expected_degree_2,100,1.0,self_masking_logistic_population,0.3,n_inverse_half,10,10,1.0,1.0,1.0,0.0,0.9946428571428572,0.9881292521022719,1.0011564621834426,0.006513605040585346,0.9970329670329671,0.9933822943612018,1.0006836397047323,0.0036506726717652205,0.9700000000000001,0.9354449785586357,1.0045550214413645,0.03455502144136441,0.0,0.0,0.0,0.0,0.04,-0.010018176838777072,0.09001817683877708,0.05001817683877707,10905.1,8620.329367296257,13189.870632703743,2284.770632703743,744.5,734.132122427259,754.867877572741,10.367877572741008,2036.6,1804.9828451433211,2268.217154856679,231.6171548566789,0.4047786295304336,0.38863636855040096,0.4209208905104662,0.01614226098003263,63.08140205313001,50.032107911865445,76.13069619439457,13.049294141264564,1.0,1.0,1.0,0.0,,,,
target_restriction_of_global,er_expected_degree_2,100,1.25,complete,0.0,n_inverse_half,10,10,0.9658333333333333,0.9304595596474693,1.0012071070191975,0.035373773685864085,1.0,1.0,1.0,0.0,0.9779047619047618,0.9548349713186879,1.0009745524908358,0.023069790586073946,0.9199999999999999,0.838786072391279,1.0012139276087209,0.08121392760872093,0.08,-0.001213927608720869,0.16121392760872089,0.08121392760872087,0.0,0.0,0.0,0.0,12652.9,9403.581176435117,15902.218823564883,3249.318823564883,5947.0,5947.0,5947.0,0.0,5947.0,5947.0,5947.0,0.0,1.0,1.0,1.0,0.0,79.94364125241006,50.102724772360034,109.78455773246009,29.840916480050026,1.0,1.0,1.0,0.0,,,,
target_restriction_of_global,er_expected_degree_2,100,1.25,self_masking_gaussian_preserving,0.3,n_inverse_half,10,10,1.0,1.0,1.0,0.0,0.9973214285714285,0.9932706567332218,1.0013722004096353,0.004050771838206735,0.9985641025641027,0.9963917245173501,1.0007364806108552,0.002172378046752521,0.9800000000000001,0.949837904496024,1.010162095503976,0.030162095503976027,0.0,0.0,0.0,0.0,0.02,-0.010162095503976062,0.05016209550397606,0.030162095503976062,10895.7,8686.227063017755,13105.172936982246,2209.4729369822453,969.7,954.6867809835434,984.7132190164567,15.013219016456674,2401.6,2110.012085425446,2693.187914574554,291.5879145745539,0.4052555568716111,0.38939738242295485,0.4211137313202673,0.015858174448656226,63.80213901576993,50.681956273331785,76.92232175820807,13.120182742438143,1.0,1.0,1.0,0.0,,,,
target_restriction_of_global,er_expected_degree_2,100,1.25,self_masking_logistic_population,0.3,n_inverse_half,10,10,1.0,1.0,1.0,0.0,0.9946428571428572,0.9881292521022719,1.0011564621834426,0.006513605040585346,0.9970329670329671,0.9933822943612018,1.0006836397047323,0.0036506726717652205,0.97,0.9354449785586356,1.0045550214413643,0.03455502144136435,0.0,0.0,0.0,0.0,0.04,-0.010018176838777072,0.09001817683877708,0.05001817683877707,11012.7,8646.617479828594,13378.782520171408,2366.082520171407,890.0,877.2433589872359,902.7566410127641,12.756641012764135,2418.6,2139.1540044008934,2698.0459955991064,279.4459955991065,0.40423848868998713,0.38735987680958167,0.4211171005703926,0.01687861188040546,64.62207153230005,43.825738149026776,85.41840491557333,20.79633338327328,1.0,1.0,1.0,0.0,,,,
target_restriction_of_global,er_expected_degree_2,150,1.0,complete,0.0,n_inverse_half,10,10,0.9399999999999998,0.9135185504424692,0.9664814495575305,0.026481449557530623,0.994404761904762,0.9847861568699707,1.0040233669395533,0.009618605034791283,0.9575597735597736,0.9383849632709119,0.9767345838486353,0.0191748102888617,0.8400000000000001,0.7631014432271885,0.9168985567728116,0.07689855677281154,0.13,0.07110662584135136,0.18889337415864865,0.05889337415864865,0.030000000000000006,-0.018282911193318367,0.07828291119331837,0.04828291119331837,25478.5,21698.211003263285,29258.788996736715,3780.2889967367155,7500.0,7500.0,7500.0,0.0,7500.0,7500.0,7500.0,0.0,1.0,1.0,1.0,0.0,157.21212122646995,129.9084644097042,184.51577804323568,27.303656816765738,1.0,1.0,1.0,0.0,,,,
target_restriction_of_global,er_expected_degree_2,150,1.0,self_masking_gaussian_preserving,0.3,n_inverse_half,10,10,1.0,1.0,1.0,0.0,0.9915476190476191,0.9787989626444707,1.0042962754507676,0.012748656403148428,0.9949350649350649,0.9872684155045082,1.0026017143656216,0.007666649430556727,0.97,0.9217170888066816,1.0182829111933183,0.048282911193318345,0.0,0.0,0.0,0.0,0.05,-0.027267376906853533,0.12726737690685352,0.07726737690685354,22449.3,19807.201469980315,25091.398530019684,2642.0985300196844,1215.4,1210.8606296782953,1219.939370321705,4.539370321704837,3135.3,2769.016454492593,3501.5835455074075,366.2835455074073,0.4115342544660988,0.4026495210271148,0.4204189879050828,0.008884733438983994,129.68837983775006,103.77100353077591,155.6057561447242,25.91737630697415,1.0,1.0,1.0,0.0,,,,
target_restriction_of_global,er_expected_degree_2,150,1.0,self_masking_logistic_population,0.3,n_inverse_half,10,10,0.9875,0.9681831557732866,1.0068168442267134,0.01931684422671337,0.9901190476190477,0.9774999967098433,1.002738098528252,0.012619050909204288,0.986427738927739,0.9672976335414641,1.0055578443140138,0.019130105386274854,0.9399999999999998,0.8631014432271883,1.0168985567728115,0.0768985567728116,0.030000000000000006,-0.018282911193318367,0.07828291119331837,0.04828291119331837,0.06000000000000001,-0.016898556772811574,0.1368985567728116,0.07689855677281159,22507.2,19798.938705347413,25215.46129465259,2708.261294652588,1120.1,1101.1690796685716,1139.0309203314282,18.930920331428297,3243.9,2907.527304358461,3580.272695641539,336.37269564153894,0.41068325113927473,0.40131276119262754,0.4200537410859219,0.009370489946647187,130.24983102330003,112.78647722341529,147.71318482318478,17.463353799884743,1.0,1.0,1.0,0.0,,,,
target_restriction_of_global,er_expected_degree_2,150,1.25,complete,0.0,n_inverse_half,10,10,0.9574999999999999,0.9282348975119372,0.9867651024880626,0.02926510248806269,0.994404761904762,0.9847861568699707,1.0040233669395533,0.009618605034791283,0.9684645354645355,0.9459957207263853,0.9909333502026857,0.02246881473815021,0.8800000000000001,0.792063136034293,0.9679368639657072,0.0879368639657071,0.09999999999999999,0.024594761240059826,0.17540523875994016,0.07540523875994017,0.030000000000000006,-0.018282911193318367,0.07828291119331837,0.04828291119331837,25637.8,21694.993850163206,29580.606149836793,3942.8061498367933,9871.0,9871.0,9871.0,0.0,9871.0,9871.0,9871.0,0.0,1.0,1.0,1.0,0.0,170.4887833399399,136.14864572423323,204.8289209556466,34.34013761570668,1.0,1.0,1.0,0.0,,,,
target_restriction_of_global,er_expected_degree_2,150,1.25,self_masking_gaussian_preserving,0.3,n_inverse_half,10,10,0.9941666666666666,0.9852578852758408,1.0030754480574926,0.008908781390825904,0.9929761904761906,0.9821558707139016,1.0037965102384796,0.010820319762288977,0.9925670995670997,0.9831981712578906,1.0019360278763088,0.009368928309209101,0.95,0.8804798048939947,1.0195201951060053,0.06952019510600532,0.02,-0.010162095503976062,0.05016209550397606,0.030162095503976062,0.04,-0.020324191007952123,0.10032419100795212,0.060324191007952124,22804.6,19924.26632717302,25684.933672826977,2880.3336728269787,1613.0,1606.6462416452662,1619.3537583547338,6.353758354733827,4234.6,3751.6898502346085,4717.510149765392,482.9101497653919,0.4102058084904998,0.40057260085092367,0.41983901613007596,0.009633207639576147,131.89974179380016,106.0911729916825,157.70831059591782,25.808568802117662,1.0,1.0,1.0,0.0,,,,
target_restriction_of_global,er_expected_degree_2,150,1.25,self_masking_logistic_population,0.3,n_inverse_half,10,10,0.9974999999999999,0.9918446070930044,1.0031553929069954,0.0056553929069955156,0.9915476190476191,0.9807720763024326,1.0023231617928057,0.01077554274518655,0.9941550116550116,0.9860423731159602,1.002267650194063,0.00811263853905142,0.9600000000000002,0.9099818231612231,1.0100181768387773,0.05001817683877707,0.01,-0.012621571627982045,0.03262157162798204,0.022621571627982045,0.05,-0.01079364704546297,0.11079364704546298,0.06079364704546297,22942.5,20031.859615276506,25853.140384723494,2910.640384723494,1481.8,1462.5227867594824,1501.0772132405175,19.27721324051754,4165.6,3707.2667370619506,4623.93326293805,458.33326293804953,0.4090015102366006,0.3986875656267353,0.4193154548464659,0.010313944609865289,134.70221524333002,115.21933695998027,154.18509352667976,19.48287828334975,1.0,1.0,1.0,0.0,,,,
target_restriction_of_global,random_regular_d2,20,1.0,complete,0.0,n_inverse_half,10,10,0.9966666666666667,0.9891261427906727,1.0042071905426608,0.007540523875994076,1.0,1.0,1.0,0.0,0.998,0.9934756856744036,1.0025243143255964,0.0045243143255964124,0.99,0.9673784283720179,1.012621571627982,0.022621571627982062,0.01,-0.012621571627982045,0.03262157162798204,0.022621571627982045,0.0,0.0,0.0,0.0,381.8,342.48674277017125,421.1132572298288,39.313257229828764,1000.0,1000.0,1000.0,0.0,1000.0,1000.0,1000.0,0.0,1.0,1.0,1.0,0.0,1.8895183083800362,1.6386220568229455,2.140414559937127,0.25089625155709083,1.0,1.0,1.0,0.0,0.15183201506606137,0.11944090281897626,0.18422312731314647,0.0323911122470851
target_restriction_of_global,random_regular_d2,20,1.0,self_masking_gaussian_preserving,0.3,n_inverse_half,10,10,1.0,1.0,1.0,0.0,0.9949999999999999,0.9836892141860089,1.006310785813991,0.011310785813991087,0.9966666666666667,0.9891261427906727,1.0042071905426608,0.007540523875994076,0.99,0.9673784283720179,1.012621571627982,0.022621571627982062,0.0,0.0,0.0,0.0,0.01,-0.012621571627982045,0.03262157162798204,0.022621571627982045,363.2,340.6746490128314,385.72535098716855,22.525350987168565,265.7,238.69260552900565,292.7073944709943,27.007394470994328,437.35,401.9091166390501,472.7908833609499,35.4408833609499,0.42124499756750716,0.41520209236645766,0.42728790276855666,0.006042905201049498,1.9892696436799429,1.6948977171056505,2.283641570254235,0.29437192657429234,1.0,1.0,1.0,0.0,0.15183201506606137,0.11944090281897626,0.18422312731314647,0.0323911122470851
target_restriction_of_global,random_regular_d2,20,1.0,self_masking_logistic_population,0.3,n_inverse_half,10,10,1.0,1.0,1.0,0.0,0.9949999999999999,0.9836892141860089,1.006310785813991,0.011310785813991087,0.9966666666666667,0.9891261427906727,1.0042071905426608,0.007540523875994076,0.99,0.9673784283720179,1.012621571627982,0.022621571627982062,0.0,0.0,0.0,0.0,0.01,-0.012621571627982045,0.03262157162798204,0.022621571627982045,352.5,323.3439035603104,381.6560964396896,29.156096439689577,275.4,247.68777967787565,303.1122203221243,27.712220322124324,451.6,423.2719066670753,479.92809333292473,28.32809333292471,0.4228646569285547,0.4155269615762501,0.4302023522808593,0.007337695352304607,1.6993636572700397,1.4727801222467578,1.9259471922933216,0.22658353502328188,1.0,1.0,1.0,0.0,0.1518320150660614,0.11944090281897629,0.1842231273131465,0.0323911122470851
target_restriction_of_global,random_regular_d2,20,1.25,complete,0.0,n_inverse_half,10,10,0.9933333333333334,0.9782522855813454,1.0084143810853214,0.015081047751988041,1.0,1.0,1.0,0.0,0.9960000000000001,0.9869513713488073,1.005048628651193,0.00904862865119288,0.9800000000000001,0.934756856744036,1.025243143255964,0.04524314325596407,0.02,-0.02524314325596409,0.06524314325596409,0.04524314325596409,0.0,0.0,0.0,0.0,377.2,336.98446962393604,417.41553037606394,40.21553037606395,796.0,796.0,796.0,0.0,796.0,796.0,796.0,0.0,1.0,1.0,1.0,0.0,1.9030749505199946,1.4744374960167723,2.331712405023217,0.42863745450322244,1.0,1.0,1.0,0.0,0.15183201506606137,0.11944090281897626,0.18422312731314647,0.0323911122470851
target_restriction_of_global,random_regular_d2,20,1.25,self_masking_gaussian_preserving,0.3,n_inverse_half,10,10,0.9966666666666667,0.9891261427906727,1.0042071905426608,0.007540523875994076,0.9949999999999999,0.9836892141860089,1.006310785813991,0.011310785813991087,0.9946666666666667,0.9863151605910353,1.003018172742298,0.008351506075631343,0.9800000000000001,0.949837904496024,1.010162095503976,0.030162095503976027,0.01,-0.012621571627982045,0.03262157162798204,0.022621571627982045,0.01,-0.012621571627982045,0.03262157162798204,0.022621571627982045,360.0,331.045959301274,388.954040698726,28.954040698725976,212.7,193.52555828588913,231.87444171411084,19.174441714110856,349.2,320.66223013098386,377.7377698690161,28.53776986901613,0.42187052273190895,0.4145058637807171,0.4292351816831008,0.007364658951191871,1.836444491859977,1.5462304253424792,2.1266585583774744,0.2902140665174976,1.0,1.0,1.0,0.0,0.15183201506606137,0.11944090281897626,0.18422312731314647,0.0323911122470851
target_restriction_of_global,random_regular_d2,20,1.25,self_masking_logistic_population,0.3,n_inverse_half,10,10,1.0,1.0,1.0,0.0,0.9949999999999999,0.9836892141860089,1.006310785813991,0.011310785813991087,0.9966666666666667,0.9891261427906727,1.0042071905426608,0.007540523875994076,0.99,0.9673784283720179,1.012621571627982,0.022621571627982062,0.0,0.0,0.0,0.0,0.01,-0.012621571627982045,0.03262157162798204,0.022621571627982045,352.5,326.77973840481695,378.22026159518305,25.720261595183047,201.5,178.74497770371397,224.25502229628603,22.75502229628603,359.15,338.09853052596657,380.2014694740334,21.05146947403341,0.4236933994401218,0.41706373176267897,0.43032306711756463,0.00662966767744283,1.781766616450002,1.6656843937546824,1.8978488391453214,0.11608222269531954,1.0,1.0,1.0,0.0,0.1518320150660614,0.11944090281897629,0.1842231273131465,0.0323911122470851
target_restriction_of_global,random_regular_d2,50,1.0,complete,0.0,n_inverse_half,10,10,0.99,0.9739056962688939,1.006094303731106,0.016094303731106097,1.0,1.0,1.0,0.0,0.994,0.9843434177613363,1.0036565822386636,0.009656582238663669,0.97,0.9217170888066816,1.0182829111933183,0.048282911193318345,0.030000000000000006,-0.018282911193318367,0.07828291119331837,0.04828291119331837,0.0,0.0,0.0,0.0,1810.0,1740.064740660327,1879.935259339673,69.93525933967294,2500.0,2500.0,2500.0,0.0,2500.0,2500.0,2500.0,0.0,1.0,1.0,1.0,0.0,8.398121124519985,7.4609814437948385,9.335260805245133,0.9371396807251471,1.0,1.0,1.0,0.0,,,,
target_restriction_of_global,random_regular_d2,50,1.0,self_masking_gaussian_preserving,0.3,n_inverse_half,10,10,1.0,1.0,1.0,0.0,1.0,1.0,1.0,0.0,1.0,1.0,1.0,0.0,1.0,1.0,1.0,0.0,0.0,0.0,0.0,0.0,0.0,0.0,0.0,0.0,1771.8,1715.023510432632,1828.5764895673678,56.77648956736789,660.3,584.4196591546684,736.1803408453316,75.8803408453316,1214.35,1211.4784065338993,1217.2215934661006,2.8715934661006486,0.4465248051489774,0.44359885236888374,0.4494507579290711,0.0029259527800936658,8.001798403000032,7.218534558768735,8.78506224723133,0.7832638442312976,1.0,1.0,1.0,0.0,,,,
target_restriction_of_global,random_regular_d2,50,1.0,self_masking_logistic_population,0.3,n_inverse_half,10,10,0.9966666666666667,0.9891261427906727,1.0042071905426608,0.007540523875994076,1.0,1.0,1.0,0.0,0.998,0.9934756856744036,1.0025243143255964,0.0045243143255964124,0.99,0.9673784283720179,1.012621571627982,0.022621571627982062,0.01,-0.012621571627982045,0.03262157162798204,0.022621571627982045,0.0,0.0,0.0,0.0,1779.0,1724.3991087892257,1833.6008912107743,54.60089121077431,642.3,567.5977611728305,717.0022388271694,74.70223882716948,1207.4,1202.0872741496432,1212.712725850357,5.3127258503568555,0.44338740462140336,0.439645166689188,0.4471296425536187,0.003742237932215342,8.413539675340001,7.491663340011406,9.335416010668595,0.9218763353285948,1.0,1.0,1.0,0.0,,,,
target_restriction_of_global,random_regular_d2,50,1.25,complete,0.0,n_inverse_half,10,10,0.99,0.9739056962688939,1.006094303731106,0.016094303731106097,1.0,1.0,1.0,0.0,0.994,0.9843434177613363,1.0036565822386636,0.009656582238663669,0.97,0.9217170888066816,1.0182829111933183,0.048282911193318345,0.030000000000000006,-0.018282911193318367,0.07828291119331837,0.04828291119331837,0.0,0.0,0.0,0.0,1810.0,1740.064740660327,1879.935259339673,69.93525933967294,2500.0,2500.0,2500.0,0.0,2500.0,2500.0,2500.0,0.0,1.0,1.0,1.0,0.0,8.523786972030013,7.122139435545225,9.925434508514801,1.4016475364847878,1.0,1.0,1.0,0.0,,,,
target_restriction_of_global,random_regular_d2,50,1.25,self_masking_gaussian_preserving,0.3,n_inverse_half,10,10,1.0,1.0,1.0,0.0,1.0,1.0,1.0,0.0,1.0,1.0,1.0,0.0,1.0,1.0,1.0,0.0,0.0,0.0,0.0,0.0,0.0,0.0,0.0,0.0,1771.8,1715.023510432632,1828.5764895673678,56.77648956736789,660.3,584.4196591546684,736.1803408453316,75.8803408453316,1214.35,1211.4784065338993,1217.2215934661006,2.8715934661006486,0.4465248051489774,0.44359885236888374,0.4494507579290711,0.0029259527800936658,7.88432194168999,7.001060544844574,8.767583338535406,0.8832613968454162,1.0,1.0,1.0,0.0,,,,
target_restriction_of_global,random_regular_d2,50,1.25,self_masking_logistic_population,0.3,n_inverse_half,10,10,0.9966666666666667,0.9891261427906727,1.0042071905426608,0.007540523875994076,1.0,1.0,1.0,0.0,0.998,0.9934756856744036,1.0025243143255964,0.0045243143255964124,0.99,0.9673784283720179,1.012621571627982,0.022621571627982062,0.01,-0.012621571627982045,0.03262157162798204,0.022621571627982045,0.0,0.0,0.0,0.0,1779.0,1724.3991087892257,1833.6008912107743,54.60089121077431,642.3,567.5977611728305,717.0022388271694,74.70223882716948,1207.4,1202.0872741496432,1212.712725850357,5.3127258503568555,0.44338740462140336,0.439645166689188,0.4471296425536187,0.003742237932215342,7.801755953689996,6.707102003648915,8.896409903731078,1.0946539500410815,1.0,1.0,1.0,0.0,,,,
target_restriction_of_global,random_regular_d2,75,1.0,complete,0.0,n_inverse_half,10,10,0.9933333333333334,0.9832793014986747,1.003387365167992,0.010054031834658694,0.99,0.974918952248012,1.005081047751988,0.015081047751988041,0.9893333333333334,0.9758070168872525,1.0028596497794142,0.013526316446080877,0.9600000000000002,0.9099818231612231,1.0100181768387773,0.05001817683877707,0.02,-0.010162095503976062,0.05016209550397606,0.030162095503976062,0.02,-0.010162095503976072,0.05016209550397607,0.030162095503976073,3679.7,3600.3730795640217,3759.026920435978,79.32692043597808,3750.0,3750.0,3750.0,0.0,3750.0,3750.0,3750.0,0.0,1.0,1.0,1.0,0.0,18.69629861731,17.101136449096828,20.29146078552317,1.5951621682131716,1.0,1.0,1.0,0.0,,,,
target_restriction_of_global,random_regular_d2,75,1.0,self_masking_gaussian_preserving,0.3,n_inverse_half,10,10,1.0,1.0,1.0,0.0,0.99,0.974918952248012,1.005081047751988,0.015081047751988041,0.9933333333333334,0.9832793014986747,1.003387365167992,0.010054031834658694,0.9800000000000001,0.949837904496024,1.010162095503976,0.030162095503976027,0.0,0.0,0.0,0.0,0.02,-0.010162095503976062,0.05016209550397606,0.030162095503976062,3590.6,3539.4619038023357,3641.738096197664,51.138096197664254,1055.1,936.606983215615,1173.5930167843849,118.49301678438496,1827.8,1824.7129865153556,1830.8870134846443,3.0870134846443307,0.45747346281545936,0.4557311785924485,0.45921574703847023,0.0017422842230108704,17.030968552920005,14.87657074705381,19.1853663587862,2.1543978058661954,1.0,1.0,1.0,0.0,,,,
target_restriction_of_global,random_regular_d2,75,1.0,self_masking_logistic_population,0.3,n_inverse_half,10,10,1.0,1.0,1.0,0.0,0.99,0.974918952248012,1.005081047751988,0.015081047751988041,0.9933333333333334,0.9832793014986747,1.003387365167992,0.010054031834658694,0.9800000000000001,0.949837904496024,1.010162095503976,0.030162095503976027,0.0,0.0,0.0,0.0,0.02,-0.010162095503976072,0.05016209550397607,0.030162095503976073,3606.2,3536.8642371598107,3675.535762840189,69.33576284018909,1014.0,895.0498192572458,1132.9501807427544,118.9501807427543,1826.15,1822.4634240730663,1829.8365759269338,3.686575926933756,0.45654319693857437,0.45414880252813367,0.4589375913490151,0.0023943944104407033,16.453881195750018,14.719969184361222,18.187793207138814,1.7339120113887958,1.0,1.0,1.0,0.0,,,,
target_restriction_of_global,random_regular_d2,75,1.25,complete,0.0,n_inverse_half,10,10,0.9966666666666667,0.9891261427906727,1.0042071905426608,0.007540523875994076,0.99,0.974918952248012,1.005081047751988,0.015081047751988041,0.9913333333333334,0.9778350701143661,1.0048315965523007,0.013498263218967299,0.97,0.9217170888066816,1.0182829111933183,0.048282911193318345,0.01,-0.012621571627982045,0.03262157162798204,0.022621571627982045,0.02,-0.010162095503976062,0.05016209550397606,0.030162095503976062,3655.4,3588.323066524529,3722.476933475471,67.07693347547092,4151.0,4151.0,4151.0,0.0,4151.0,4151.0,4151.0,0.0,1.0,1.0,1.0,0.0,16.06900393257,13.891409776126167,18.24659808901383,2.1775941564438313,1.0,1.0,1.0,0.0,,,,
target_restriction_of_global,random_regular_d2,75,1.25,self_masking_gaussian_preserving,0.3,n_inverse_half,10,10,1.0,1.0,1.0,0.0,0.99,0.974918952248012,1.005081047751988,0.015081047751988041,0.9933333333333334,0.9832793014986747,1.003387365167992,0.010054031834658694,0.9800000000000001,0.949837904496024,1.010162095503976,0.030162095503976027,0.0,0.0,0.0,0.0,0.02,-0.010162095503976062,0.05016209550397606,0.030162095503976062,3542.9,3496.5328900963495,3589.2671099036506,46.367109903650544,1141.1,1014.2799328366357,1267.9200671633641,126.82006716336423,2023.9,2020.2453732576078,2027.5546267423924,3.654626742392338,0.4587466644787542,0.457026594883357,0.46046673407415134,0.0017200695953971668,16.04742886142993,14.242056469821076,17.85280125303878,1.8053723916088522,1.0,1.0,1.0,0.0,,,,
target_restriction_of_global,random_regular_d2,75,1.25,self_masking_logistic_population,0.3,n_inverse_half,10,10,1.0,1.0,1.0,0.0,0.99,0.974918952248012,1.005081047751988,0.015081047751988041,0.9933333333333334,0.9832793014986747,1.003387365167992,0.010054031834658694,0.9800000000000001,0.949837904496024,1.010162095503976,0.030162095503976027,0.0,0.0,0.0,0.0,0.02,-0.010162095503976062,0.05016209550397606,0.030162095503976062,3581.4,3518.097133645742,3644.7028663542583,63.302866354258185,1125.2,999.6672391281201,1250.7327608718801,125.53276087188004,2022.9,2019.3399462613163,2026.4600537386839,3.5600537386837914,0.45739041799371344,0.4550722339815577,0.45970860200586916,0.002318184012155722,16.407146870989926,15.027124456652698,17.787169285327153,1.380022414337227,1.0,1.0,1.0,0.0,,,,
target_restriction_of_global,random_regular_d2,100,1.0,complete,0.0,n_inverse_half,10,10,0.99,0.9784816595195451,1.0015183404804548,0.011518340480454858,1.0,1.0,1.0,0.0,0.9940000000000001,0.9870889957117273,1.000911004288273,0.006911004288272848,0.9700000000000001,0.9354449785586357,1.0045550214413645,0.03455502144136441,0.030000000000000006,-0.004555021441364382,0.0645550214413644,0.03455502144136439,0.0,0.0,0.0,0.0,6279.8,6233.444725300556,6326.155274699445,46.355274699444635,5000.0,5000.0,5000.0,0.0,5000.0,5000.0,5000.0,0.0,1.0,1.0,1.0,0.0,29.3978390061501,25.408513900661085,33.387164111639116,3.9893251054890158,1.0,1.0,1.0,0.0,,,,
target_restriction_of_global,random_regular_d2,100,1.0,self_masking_gaussian_preserving,0.3,n_inverse_half,10,10,0.9966666666666667,0.9891261427906727,1.0042071905426608,0.007540523875994076,1.0,1.0,1.0,0.0,0.998,0.9934756856744036,1.0025243143255964,0.0045243143255964124,0.99,0.9673784283720179,1.012621571627982,0.022621571627982062,0.01,-0.012621571627982045,0.03262157162798204,0.022621571627982045,0.0,0.0,0.0,0.0,6184.3,6139.940116398056,6228.659883601945,44.3598836019446,1368.3,1206.9648394630929,1529.635160536907,161.3351605369071,2438.45,2435.3389055876223,2441.5610944123773,3.111094412377497,0.46088861397888226,0.46007546968523677,0.46170175827252774,0.0008131442936454847,29.129264642539994,25.646428186280207,32.612101098799776,3.4828364562597844,1.0,1.0,1.0,0.0,,,,
target_restriction_of_global,random_regular_d2,100,1.0,self_masking_logistic_population,0.3,n_inverse_half,10,10,0.9966666666666667,0.9891261427906727,1.0042071905426608,0.007540523875994076,1.0,1.0,1.0,0.0,0.998,0.9934756856744036,1.0025243143255964,0.0045243143255964124,0.99,0.9673784283720179,1.012621571627982,0.022621571627982062,0.01,-0.012621571627982045,0.03262157162798204,0.022621571627982045,0.0,0.0,0.0,0.0,6208.3,6158.076431435604,6258.523568564397,50.22356856439637,1158.2,1075.362754793788,1241.037245206212,82.83724520621195,2438.4,2435.269093125637,2441.530906874363,3.1309068743630633,0.46025432324329607,0.45922959849589784,0.4612790479906943,0.0010247247473982313,27.306723338359916,24.7711113108933,29.842335365826532,2.535612027466616,1.0,1.0,1.0,0.0,,,,
target_restriction_of_global,random_regular_d2,100,1.25,complete,0.0,n_inverse_half,10,10,0.9833333333333332,0.9707657935400098,0.9959008731266565,0.012567539793323368,1.0,1.0,1.0,0.0,0.99,0.982459476124006,0.997540523875994,0.007540523875994021,0.95,0.9122973806200299,0.9877026193799701,0.037702619379970104,0.05,0.01229738062002992,0.08770261937997009,0.03770261937997009,0.0,0.0,0.0,0.0,6223.7,6154.408329415824,6292.991670584176,69.29167058417625,5947.0,5947.0,5947.0,0.0,5947.0,5947.0,5947.0,0.0,1.0,1.0,1.0,0.0,29.114117506810004,26.04884181274494,32.17939320087507,3.0652756940650647,1.0,1.0,1.0,0.0,,,,
target_restriction_of_global,random_regular_d2,100,1.25,self_masking_gaussian_preserving,0.3,n_inverse_half,10,10,1.0,1.0,1.0,0.0,1.0,1.0,1.0,0.0,1.0,1.0,1.0,0.0,1.0,1.0,1.0,0.0,0.0,0.0,0.0,0.0,0.0,0.0,0.0,0.0,6149.9,6101.187457045545,6198.6125429544545,48.712542954454875,1623.1,1432.4680249881822,1813.7319750118177,190.63197501181776,2901.3,2898.0296373272945,2904.570362672706,3.270362672705687,0.46150289349811563,0.46058094450186743,0.46242484249436383,0.0009219489962482008,26.756952283119915,23.428700674174046,30.085203892065785,3.3282516089458696,1.0,1.0,1.0,0.0,,,,
target_restriction_of_global,random_regular_d2,100,1.25,self_masking_logistic_population,0.3,n_inverse_half,10,10,0.9933333333333334,0.9832793014986747,1.003387365167992,0.010054031834658694,1.0,1.0,1.0,0.0,0.9960000000000001,0.9899675808992049,1.0020324191007952,0.006032419100795161,0.9800000000000001,0.949837904496024,1.010162095503976,0.030162095503976027,0.02,-0.010162095503976072,0.05016209550397607,0.030162095503976073,0.0,0.0,0.0,0.0,6151.6,6115.2640626743505,6187.93593732565,36.335937325649866,1369.4,1249.046908089366,1489.753091910634,120.35309191063402,2902.35,2898.8696989991363,2905.8303010008635,3.4803010008636193,0.46136169019743145,0.4604176973069424,0.4623056830879205,0.000943992890489076,27.95923114328997,24.32947971058116,31.588982575998777,3.629751432708808,1.0,1.0,1.0,0.0,,,,
target_restriction_of_global,random_regular_d2,150,1.0,complete,0.0,n_inverse_half,10,10,0.9833333333333332,0.9664722093606504,1.000194457306016,0.0168611239726828,1.0,1.0,1.0,0.0,0.99,0.9798833256163904,1.0001166743836096,0.010116674383609636,0.95,0.8994166280819516,1.0005833719180484,0.0505833719180484,0.05,-0.000583371918048449,0.10058337191804845,0.050583371918048445,0.0,0.0,0.0,0.0,13599.8,13477.734405681951,13721.865594318047,122.06559431804817,7500.0,7500.0,7500.0,0.0,7500.0,7500.0,7500.0,0.0,1.0,1.0,1.0,0.0,62.524187838359964,55.59176082502182,69.4566148516981,6.932427013338142,1.0,1.0,1.0,0.0,,,,
target_restriction_of_global,random_regular_d2,150,1.0,self_masking_gaussian_preserving,0.3,n_inverse_half,10,10,1.0,1.0,1.0,0.0,1.0,1.0,1.0,0.0,1.0,1.0,1.0,0.0,1.0,1.0,1.0,0.0,0.0,0.0,0.0,0.0,0.0,0.0,0.0,0.0,13308.2,13223.159871922344,13393.240128077658,85.04012807765685,1858.2,1705.515730645822,2010.884269354178,152.684269354178,3665.3,3661.682905720796,3668.9170942792043,3.6170942792041387,0.46676681320485347,0.4657376590608388,0.46779596734886814,0.0010291541440146657,62.47141013851996,56.29522813845136,68.64759213858855,6.1761820000685965,1.0,1.0,1.0,0.0,,,,
target_restriction_of_global,random_regular_d2,150,1.0,self_masking_logistic_population,0.3,n_inverse_half,10,10,1.0,1.0,1.0,0.0,1.0,1.0,1.0,0.0,1.0,1.0,1.0,0.0,1.0,1.0,1.0,0.0,0.0,0.0,0.0,0.0,0.0,0.0,0.0,0.0,13329.6,13237.422716484585,13421.777283515416,92.17728351541518,1833.0,1637.2122179125463,2028.7877820874537,195.7877820874537,3664.2,3661.942875451139,3666.4571245488605,2.257124548860702,0.46607969421329365,0.46504862035007344,0.46711076807651386,0.001031073863220211,60.60760534960995,54.078576132887605,67.13663456633229,6.529029216722343,1.0,1.0,1.0,0.0,,,,
target_restriction_of_global,random_regular_d2,150,1.25,complete,0.0,n_inverse_half,10,10,0.9833333333333332,0.9664722093606504,1.000194457306016,0.0168611239726828,1.0,1.0,1.0,0.0,0.99,0.9798833256163904,1.0001166743836096,0.010116674383609636,0.95,0.8994166280819516,1.0005833719180484,0.0505833719180484,0.05,-0.000583371918048449,0.10058337191804845,0.050583371918048445,0.0,0.0,0.0,0.0,13387.9,13307.06118787465,13468.73881212535,80.83881212535016,9871.0,9871.0,9871.0,0.0,9871.0,9871.0,9871.0,0.0,1.0,1.0,1.0,0.0,64.26758308234997,57.5694562725477,70.96570989215225,6.698126809802275,1.0,1.0,1.0,0.0,,,,
target_restriction_of_global,random_regular_d2,150,1.25,self_masking_gaussian_preserving,0.3,n_inverse_half,10,10,1.0,1.0,1.0,0.0,1.0,1.0,1.0,0.0,1.0,1.0,1.0,0.0,1.0,1.0,1.0,0.0,0.0,0.0,0.0,0.0,0.0,0.0,0.0,0.0,13161.4,13080.74867724634,13242.05132275366,80.65132275365977,2636.8,2339.5440175414774,2934.055982458523,297.2559824585228,4825.3,4820.638882636753,4829.9611173632475,4.6611173632472855,0.4680461754052311,0.46721585443531394,0.4688764963751482,0.0008303209699171421,62.59973962500992,55.89917217301752,69.30030707700232,6.700567451992399,1.0,1.0,1.0,0.0,,,,
target_restriction_of_global,random_regular_d2,150,1.25,self_masking_logistic_population,0.3,n_inverse_half,10,10,1.0,1.0,1.0,0.0,1.0,1.0,1.0,0.0,1.0,1.0,1.0,0.0,1.0,1.0,1.0,0.0,0.0,0.0,0.0,0.0,0.0,0.0,0.0,0.0,13215.7,13150.093932128888,13281.306067871114,65.60606787111283,2485.0,2187.688130409546,2782.311869590454,297.3118695904541,4823.7,4820.360816265369,4827.039183734631,3.339183734630751,0.4671201272538788,0.4662886804555312,0.4679515740522264,0.0008314467983476237,63.49825395707992,56.745995771763,70.25051214239683,6.752258185316915,1.0,1.0,1.0,0.0,,,,
target_restriction_of_global,scale_free_m2,20,1.0,complete,0.0,n_inverse_half,10,10,0.940047619047619,0.908420194390061,0.971675043705177,0.03162742465755797,0.7558962703962704,0.6962418684150528,0.815550672377488,0.05965440198121763,0.8164679438208851,0.7729960443738457,0.8599398432679244,0.04347189944703933,0.35,0.21406127260621555,0.4859387273937844,0.13593872739378443,0.21000000000000002,0.11197318961207782,0.30802681038792223,0.09802681038792221,1.05,0.846965180978198,1.2530348190218021,0.2030348190218021,2102.1,1706.951877476959,2497.248122523041,395.1481225230409,1000.0,1000.0,1000.0,0.0,1000.0,1000.0,1000.0,0.0,1.0,1.0,1.0,0.0,13.834000876709984,10.851138760214996,16.81686299320497,2.982862116494988,,,,,,,,
target_restriction_of_global,scale_free_m2,20,1.0,self_masking_gaussian_preserving,0.3,n_inverse_half,10,10,0.9141666666666668,0.8661420533740027,0.9621912799593308,0.04802461329266405,0.5831713286713287,0.5129542254687487,0.6533884318739087,0.07021710320258001,0.6881229603729604,0.6266946320568563,0.7495512886890645,0.06142832831610412,0.18000000000000002,0.09878607239127915,0.26121392760872086,0.08121392760872086,0.06,-0.016898556772811574,0.13689855677281157,0.07689855677281157,1.67,1.446184853537952,1.8938151464620478,0.22381514646204792,1050.3,850.8192781419638,1249.780721858036,199.48072185803613,162.4,153.1144334425963,171.68556655740372,9.285566557403712,343.7,338.45350744715483,348.94649255284514,5.2464925528451545,0.34531797896567007,0.3343869409071345,0.35624901702420564,0.01093103805853557,6.358651866279994,4.8150785013207305,7.902225231239257,1.5435733649592631,,,,,,,,
target_restriction_of_global,scale_free_m2,20,1.0,self_masking_logistic_population,0.3,n_inverse_half,10,10,0.9249999999999998,0.8854571591950957,0.9645428408049039,0.03954284080490411,0.5904930069930071,0.5482242504786629,0.6327617635073514,0.04226875651434425,0.6964616494616495,0.6562766624238419,0.736646636499457,0.040184987037807596,0.2,0.13255550410926875,0.26744449589073127,0.06744449589073126,0.06,0.009981823161222904,0.1100181768387771,0.0500181768387771,1.67,1.494611888443031,1.8453881115569688,0.17538811155696887,1046.8,860.2355528462028,1233.364447153797,186.56444715379712,153.1,147.22564635496803,158.97435364503195,5.87435364503196,336.2,330.322259584064,342.077740415936,5.877740415935989,0.3392872666028176,0.3294893575912927,0.3490851756143425,0.009797909011524886,6.857531292740025,5.307609750759969,8.40745283472008,1.5499215419800558,,,,,,,,
target_restriction_of_global,scale_free_m2,20,1.25,complete,0.0,n_inverse_half,10,10,0.9444761904761905,0.8889482100324309,1.00000417091995,0.05552798044375962,0.7532296037296037,0.7014751149065722,0.8049840925526351,0.051754488823031464,0.8174156562391856,0.7716925132072426,0.8631387992711285,0.045723143031942914,0.37,0.24817910858691872,0.4918208914130813,0.12182089141308128,0.21000000000000002,0.017901546829343695,0.40209845317065634,0.19209845317065632,1.06,0.868642956207678,1.251357043792322,0.19135704379232205,2032.2,1533.8178263265588,2530.582173673441,498.3821736734411,796.0,796.0,796.0,0.0,796.0,796.0,796.0,0.0,1.0,1.0,1.0,0.0,13.34372629118999,10.077360916774321,16.61009166560566,3.2663653744156687,,,,,,,,
target_restriction_of_global,scale_free_m2,20,1.25,self_masking_gaussian_preserving,0.3,n_inverse_half,10,10,0.905,0.8473260824203913,0.9626739175796087,0.05767391757960871,0.5771829836829836,0.5043180417111505,0.6500479256548167,0.07286494197183313,0.6797978181948771,0.6102700268833745,0.7493256095063796,0.06952779131150255,0.20000000000000004,0.12459476124005987,0.2754052387599402,0.07540523875994018,0.06999999999999999,-0.019538760019030016,0.15953876001903,0.08953876001903001,1.7,1.4712845866617623,1.9287154133382376,0.22871541333823764,950.3,816.237607273699,1084.3623927263009,134.0623927263009,132.4,122.93251267170426,141.86748732829577,9.467487328295753,275.4,271.07881267398125,279.7211873260187,4.32118732601873,0.3519888832851783,0.3433337767237712,0.3606439898465854,0.008655106561407111,5.841520041920023,4.998283702678933,6.6847563811611135,0.8432363392410904,,,,,,,,
target_restriction_of_global,scale_free_m2,20,1.25,self_masking_logistic_population,0.3,n_inverse_half,10,10,0.9033333333333335,0.8405459246500563,0.9661207420166108,0.06278740868327726,0.5545571095571096,0.49694599271246415,0.6121682264017551,0.057611116844645455,0.6592515262515263,0.600971588681874,0.7175314638211786,0.05827993756965233,0.2,0.13255550410926875,0.26744449589073127,0.06744449589073126,0.07,-0.005781327071832265,0.14578132707183228,0.07578132707183227,1.81,1.6179015468293438,2.0020984531706563,0.1920984531706562,959.0,799.2946237049795,1118.7053762950206,159.70537629502059,126.6,116.49907492443549,136.7009250755645,10.100925075564504,271.2,265.549133218505,276.850866781495,5.650866781494983,0.34795001197199876,0.33672953047063714,0.3591704934733604,0.011220481501361623,5.970780898780033,4.927344989079462,7.0142168084806045,1.0434359097005714,,,,,,,,
target_restriction_of_global,scale_free_m2,50,1.0,complete,0.0,n_inverse_half,10,10,0.9424722222222222,0.9070739678533706,0.9778704765910737,0.03539825436885158,0.7956067374318148,0.7560163582599004,0.8351971166037291,0.039590379171914325,0.8448061006681696,0.8202157209166776,0.8693964804196617,0.02459037975149203,0.41000000000000003,0.3243561120578228,0.4956438879421773,0.08564388794217725,0.29,0.11331987752405404,0.4666801224759459,0.17668012247594594,1.47,1.3080980863313687,1.6319019136686312,0.16190191366863127,16892.2,14643.807517931275,19140.592482068725,2248.3924820687253,2500.0,2500.0,2500.0,0.0,2500.0,2500.0,2500.0,0.0,1.0,1.0,1.0,0.0,124.68528314976001,105.93053145609665,143.44003484342338,18.754751693663366,,,,,,,,
target_restriction_of_global,scale_free_m2,50,1.0,self_masking_gaussian_preserving,0.3,n_inverse_half,10,10,0.9611666666666666,0.9264836720975643,0.9958496612357689,0.03468299456910229,0.6528768428424001,0.6233067872014199,0.6824468984833804,0.029570055640980253,0.7463112124336381,0.7204731268148855,0.7721492980523906,0.02583808561875256,0.27,0.22171708880668164,0.31828291119331836,0.04828291119331836,0.08,-0.014181113024915912,0.1741811130249159,0.09418111302491591,2.21,2.033319877524054,2.386680122475946,0.176680122475946,6872.8,6164.851314912615,7580.748685087386,707.9486850873855,389.7,383.8198416562741,395.5801583437259,5.8801583437258955,856.3,852.9269322546204,859.6730677453795,3.373067745379558,0.33798686450323795,0.3313382086790444,0.3446355203274315,0.00664865582419355,46.226596394520016,41.035623037462244,51.41756975157779,5.190973357057771,,,,,,,,
target_restriction_of_global,scale_free_m2,50,1.0,self_masking_logistic_population,0.3,n_inverse_half,10,10,0.9623333333333333,0.9284979310094178,0.9961687356572487,0.033835402323915464,0.6793565900044227,0.6501795644516783,0.7085336155571671,0.029177025552744373,0.7662705884250507,0.7426674617015909,0.7898737151485105,0.023603126723459766,0.30999999999999994,0.24736370443276456,0.3726362955672353,0.06263629556723538,0.06,-0.03048628651192818,0.1504862865119282,0.0904862865119282,2.12,1.9520645595446866,2.2879354404553136,0.1679354404553135,7314.9,6743.660901199442,7886.139098800557,571.2390988005573,358.1,350.9587616031261,365.24123839687394,7.141238396873916,840.9,831.3235346774876,850.4764653225124,9.576465322512377,0.33127122633868683,0.3243386750999279,0.33820377757744574,0.0069325512387589106,47.79751239194002,40.48781885917591,55.107205924704125,7.309693532764108,,,,,,,,
target_restriction_of_global,scale_free_m2,50,1.25,complete,0.0,n_inverse_half,10,10,0.9424722222222222,0.9070739678533706,0.9778704765910737,0.03539825436885158,0.7956067374318148,0.7560163582599004,0.8351971166037291,0.039590379171914325,0.8448061006681696,0.8202157209166776,0.8693964804196617,0.02459037975149203,0.41,0.32435611205782267,0.4956438879421773,0.08564388794217731,0.29,0.11331987752405404,0.4666801224759459,0.17668012247594594,1.4700000000000002,1.308098086331369,1.6319019136686315,0.16190191366863127,16892.2,14643.807517931275,19140.592482068725,2248.3924820687253,2500.0,2500.0,2500.0,0.0,2500.0,2500.0,2500.0,0.0,1.0,1.0,1.0,0.0,123.75406412127998,103.51536149685299,143.99276674570697,20.238702624426992,,,,,,,,
target_restriction_of_global,scale_free_m2,50,1.25,self_masking_gaussian_preserving,0.3,n_inverse_half,10,10,0.9611666666666666,0.9264836720975643,0.9958496612357689,0.03468299456910229,0.6528768428424001,0.6233067872014199,0.6824468984833804,0.029570055640980253,0.7463112124336381,0.7204731268148855,0.7721492980523906,0.02583808561875256,0.26999999999999996,0.2217170888066816,0.3182829111933183,0.04828291119331836,0.08,-0.01418111302491594,0.17418111302491596,0.09418111302491594,2.21,2.033319877524054,2.386680122475946,0.176680122475946,6872.8,6164.851314912615,7580.748685087386,707.9486850873855,389.7,383.8198416562741,395.5801583437259,5.8801583437258955,856.3,852.9269322546204,859.6730677453795,3.373067745379558,0.33798686450323806,0.3313382086790445,0.3446355203274316,0.00664865582419355,45.290988793960075,36.624882111363235,53.957095476556916,8.66610668259684,,,,,,,,
target_restriction_of_global,scale_free_m2,50,1.25,self_masking_logistic_population,0.3,n_inverse_half,10,10,0.9623333333333333,0.9284979310094178,0.9961687356572487,0.033835402323915464,0.6793565900044227,0.6501795644516783,0.7085336155571671,0.029177025552744373,0.7662705884250507,0.7426674617015909,0.7898737151485105,0.023603126723459766,0.31,0.24736370443276462,0.3726362955672354,0.06263629556723538,0.06000000000000001,-0.030486286511928168,0.1504862865119282,0.09048628651192818,2.12,1.9520645595446866,2.2879354404553136,0.1679354404553135,7314.9,6743.660901199442,7886.139098800557,571.2390988005573,358.1,350.9587616031261,365.24123839687394,7.141238396873916,840.9,831.3235346774876,850.4764653225124,9.576465322512377,0.3312712263386869,0.324338675099928,0.3382037775774458,0.0069325512387589106,50.708703297100016,43.612370946966294,57.80503564723374,7.096332350133721,,,,,,,,
target_restriction_of_global,scale_free_m2,75,1.0,complete,0.0,n_inverse_half,10,10,0.9404169000933706,0.9117009813569323,0.969132818829809,0.028715918736438306,0.8286082251082251,0.8010482041391709,0.8561682460772793,0.02756002096905419,0.8633239021228795,0.8461435369986329,0.880504267247126,0.017180365124246588,0.5200000000000001,0.45426323688637305,0.5857367631136272,0.06573676311362708,0.4,0.20336719444452725,0.5966328055554728,0.1966328055554728,1.6800000000000002,1.4782293325770666,1.8817706674229338,0.2017706674229336,49013.4,40738.516245795814,57288.28375420419,8274.883754204187,3750.0,3750.0,3750.0,0.0,3750.0,3750.0,3750.0,0.0,1.0,1.0,1.0,0.0,371.18882196682,293.304110704638,449.073533229002,77.88471126218201,,,,,,,,
target_restriction_of_global,scale_free_m2,75,1.0,self_masking_gaussian_preserving,0.3,n_inverse_half,10,10,0.9675,0.9285152970928952,1.006484702907105,0.03898470290710487,0.699953823953824,0.6398944935308247,0.7600131543768233,0.06005933042299927,0.7807206064300518,0.7314241291755033,0.8300170836846004,0.049296477254548554,0.38,0.2920631360342929,0.4679368639657071,0.0879368639657071,0.05,-0.000583371918048449,0.10058337191804845,0.050583371918048445,2.43,2.264623400518533,2.5953765994814675,0.16537659948146732,18292.4,17082.91345304805,19501.88654695195,1209.48654695195,572.2,563.3367564826278,581.0632435173723,8.863243517372211,1268.3,1254.3957565091403,1282.2042434908597,13.904243490859699,0.319689096566287,0.3128444031819691,0.32653378995060495,0.006844693384317924,121.00517501364004,105.20791539732615,136.80243462995395,15.797259616313902,,,,,,,,
target_restriction_of_global,scale_free_m2,75,1.0,self_masking_logistic_population,0.3,n_inverse_half,10,10,0.948738095238095,0.9063314846309808,0.9911447058452093,0.04240661060711426,0.7000786435786436,0.6416731040172474,0.7584841831400397,0.05840553956139616,0.7749534619969402,0.727131645416782,0.8227752785770983,0.04782181658015816,0.37,0.25790205366867636,0.48209794633132363,0.11209794633132364,0.09999999999999999,0.03255550410926873,0.16744449589073124,0.06744449589073126,2.45,2.273964697640452,2.6260353023595484,0.17603530235954823,18453.1,17186.745782984526,19719.45421701547,1266.3542170154724,541.2,533.8596960207744,548.5403039792257,7.3403039792256095,1237.5,1185.771511572267,1289.228488427733,51.728488427733055,0.3199358401711672,0.31181766192554233,0.3280540184167921,0.008118178245624885,122.69198146131001,108.91999885784935,136.46396406477066,13.771982603460657,,,,,,,,
target_restriction_of_global,scale_free_m2,75,1.25,complete,0.0,n_inverse_half,10,10,0.9447660231924939,0.9180530426962088,0.971479003688779,0.02671298049628512,0.8305111832611833,0.8033529273581278,0.8576694391642389,0.02715825590305554,0.867545184197286,0.850324469543787,0.8847658988507849,0.017220714653498947,0.53,0.4711066258413514,0.5888933741586486,0.05889337415864862,0.37,0.21900112705685926,0.5209988729431407,0.15099887294314074,1.64,1.448642956207678,1.831357043792322,0.191357043792322,52508.7,44051.85678017801,60965.543219821986,8456.843219821989,4151.0,4151.0,4151.0,0.0,4151.0,4151.0,4151.0,0.0,1.0,1.0,1.0,0.0,393.812329644,310.766271912374,476.85838737562597,83.04605773162598,,,,,,,,
target_restriction_of_global,scale_free_m2,75,1.25,self_masking_gaussian_preserving,0.3,n_inverse_half,10,10,0.9693333333333334,0.9301871111533307,1.0084795555133361,0.03914622218000269,0.7125133477633478,0.6570504618311782,0.7679762336955175,0.05546288593216964,0.7910006475006475,0.7443069804352298,0.8376943145660651,0.046693667065417666,0.39,0.3112746194968643,0.4687253805031357,0.07872538050313571,0.04,0.003059128221082015,0.07694087177891798,0.036940871778917986,2.35,2.202044237608305,2.4979557623916953,0.14795576239169517,19153.2,17987.43360406915,20318.966395930853,1165.766395930852,633.4,623.9565662860988,642.8434337139012,9.443433713901186,1373.4,1293.956939624589,1452.8430603754111,79.44306037541105,0.3173446920005924,0.3100736388423335,0.3246157451588513,0.007271053158258878,124.97847213126991,108.69241292910795,141.26453133343188,16.286059202161965,,,,,,,,
target_restriction_of_global,scale_free_m2,75,1.25,self_masking_logistic_population,0.3,n_inverse_half,10,10,0.9601666666666666,0.9214535439766458,0.9988797893566874,0.03871312269002081,0.7116479076479076,0.6547074530965802,0.7685883621992351,0.05694045455132746,0.7861471591044304,0.7401308129743595,0.8321635052345014,0.046016346130070995,0.4,0.2933608886717113,0.5066391113282888,0.10663911132828874,0.08,0.014263236886372918,0.1457367631136271,0.06573676311362708,2.42,2.2390274269761434,2.6009725730238564,0.1809725730238565,19426.6,17911.594535009106,20941.60546499089,1515.0054649908925,604.4,597.2607524142369,611.5392475857631,7.139247585763087,1368.2,1314.200371567591,1422.199628432409,53.999628432409054,0.317899455583945,0.3103172297262848,0.3254816814416052,0.007582225857660219,135.37157203002,118.59387142115179,152.1492726388882,16.7777006088682,,,,,,,,
target_restriction_of_global,small_world_k2,20,1.0,complete,0.0,n_inverse_half,10,10,0.9800000000000001,0.9543671477423963,1.005632852257604,0.02563285225760381,0.9925,0.9755338212790136,1.0094661787209867,0.016966178720986547,0.9832380952380954,0.9662795271427324,1.0001966633334585,0.016958568095363058,0.9200000000000002,0.8387860723912792,1.001213927608721,0.08121392760872093,0.06,-0.016898556772811574,0.13689855677281157,0.07689855677281157,0.02,-0.02524314325596409,0.06524314325596409,0.04524314325596409,446.2,379.8349930209401,512.5650069790598,66.36500697905987,1000.0,1000.0,1000.0,0.0,1000.0,1000.0,1000.0,0.0,1.0,1.0,1.0,0.0,2.427986230329986,1.9117188350405296,2.9442536256194423,0.5162673952894563,1.0,1.0,1.0,0.0,0.12692557804087073,0.10105049131080586,0.1528006647709356,0.025875086730064868
target_restriction_of_global,small_world_k2,20,1.0,self_masking_gaussian_preserving,0.3,n_inverse_half,10,10,1.0,1.0,1.0,0.0,0.9891666666666667,0.9713823766736793,1.0069509566596542,0.017784289992987423,0.9932380952380953,0.9820274380012023,1.004448752474988,0.011210657236892907,0.9700000000000001,0.9217170888066817,1.0182829111933185,0.0482829111933184,0.0,0.0,0.0,0.0,0.030000000000000006,-0.018282911193318367,0.07828291119331837,0.04828291119331837,396.6,343.2791646818754,449.92083531812466,53.32083531812464,229.4,201.1171042082977,257.6828957917023,28.282895791702316,416.45,376.0897201640998,456.8102798359002,40.3602798359002,0.4146825421570511,0.40450271028601675,0.4248623740280854,0.010179831871034328,2.3540977606800038,1.9239784661544546,2.784217055205553,0.4301192945255492,1.0,1.0,1.0,0.0,0.12692557804087073,0.10105049131080586,0.1528006647709356,0.025875086730064868
target_restriction_of_global,small_world_k2,20,1.0,self_masking_logistic_population,0.3,n_inverse_half,10,10,1.0,1.0,1.0,0.0,0.9891666666666667,0.9713823766736793,1.0069509566596542,0.017784289992987423,0.9932380952380953,0.9820274380012023,1.004448752474988,0.011210657236892907,0.9700000000000001,0.9217170888066817,1.0182829111933185,0.0482829111933184,0.0,0.0,0.0,0.0,0.030000000000000006,-0.018282911193318367,0.07828291119331837,0.04828291119331837,395.2,347.1569795665383,443.24302043346165,48.04302043346166,223.5,192.864214681107,254.135785318893,30.635785318893,411.2,373.72913455481057,448.6708654451894,37.47086544518942,0.41311237745878315,0.4030100770024821,0.4232146779150842,0.010102300456301061,2.256654322160002,1.8075211239858806,2.7057875203341233,0.44913319817412134,1.0,1.0,1.0,0.0,0.12692557804087073,0.10105049131080587,0.1528006647709356,0.02587508673006486
target_restriction_of_global,small_world_k2,20,1.25,complete,0.0,n_inverse_half,10,10,0.985,0.9608585444033408,1.0091414555966591,0.024141455596659145,0.9925,0.9755338212790136,1.0094661787209867,0.016966178720986547,0.9859047619047618,0.9690572546778706,1.002752269131653,0.016847507226891212,0.9400000000000001,0.8631014432271885,1.0168985567728117,0.0768985567728116,0.04,-0.029110042882728775,0.10911004288272877,0.06911004288272878,0.02,-0.02524314325596409,0.06524314325596409,0.04524314325596409,449.1,376.02423106104186,522.1757689389582,73.07576893895816,796.0,796.0,796.0,0.0,796.0,796.0,796.0,0.0,1.0,1.0,1.0,0.0,2.527932356330011,1.9617293428133515,3.0941353698466707,0.5662030135166596,1.0,1.0,1.0,0.0,0.12692557804087073,0.10105049131080587,0.1528006647709356,0.02587508673006486
target_restriction_of_global,small_world_k2,20,1.25,self_masking_gaussian_preserving,0.3,n_inverse_half,10,10,1.0,1.0,1.0,0.0,0.9891666666666665,0.9713823766736791,1.006950956659654,0.017784289992987423,0.9932380952380953,0.9820274380012023,1.004448752474988,0.011210657236892907,0.97,0.9217170888066816,1.0182829111933183,0.048282911193318345,0.0,0.0,0.0,0.0,0.030000000000000006,-0.018282911193318367,0.07828291119331837,0.04828291119331837,393.3,349.060767557324,437.539232442676,44.239232442675984,182.9,160.28483872557467,205.51516127442534,22.615161274425333,331.15,299.7601974741851,362.5398025258149,31.3898025258149,0.4146251250368871,0.40390120940576135,0.4253490406680128,0.010723915631125736,2.1956013771299876,1.7970017248096486,2.5942010294503266,0.398599652320339,1.0,1.0,1.0,0.0,0.12692557804087073,0.10105049131080586,0.1528006647709356,0.025875086730064868
target_restriction_of_global,small_world_k2,20,1.25,self_masking_logistic_population,0.3,n_inverse_half,10,10,0.9966666666666667,0.9891261427906727,1.0042071905426608,0.007540523875994076,0.9891666666666667,0.9713823766736793,1.0069509566596542,0.017784289992987423,0.9912380952380954,0.9798026628125259,1.0026735276636647,0.01143543242556938,0.9600000000000002,0.9099818231612231,1.0100181768387773,0.05001817683877707,0.01,-0.012621571627982045,0.03262157162798204,0.022621571627982045,0.030000000000000006,-0.018282911193318367,0.07828291119331837,0.04828291119331837,391.2,345.9646492897903,436.43535071020966,45.23535071020967,179.4,155.19926453303913,203.60073546696088,24.20073546696088,328.9,300.87561486345794,356.924385136542,28.024385136542037,0.41425768028847737,0.4044564730494696,0.42405888752748516,0.009801207239007792,2.253620868889989,1.863084940185294,2.6441567975946842,0.3905359287046951,1.0,1.0,1.0,0.0,0.12692557804087073,0.10105049131080587,0.1528006647709356,0.02587508673006486
target_restriction_of_global,small_world_k2,50,1.0,complete,0.0,n_inverse_half,10,10,0.9966666666666667,0.9891261427906727,1.0042071905426608,0.007540523875994076,1.0,1.0,1.0,0.0,0.998,0.9934756856744036,1.0025243143255964,0.0045243143255964124,0.99,0.9673784283720179,1.012621571627982,0.022621571627982062,0.01,-0.012621571627982045,0.03262157162798204,0.022621571627982045,0.0,0.0,0.0,0.0,1941.7,1845.3103648831293,2038.0896351168708,96.38963511687075,2500.0,2500.0,2500.0,0.0,2500.0,2500.0,2500.0,0.0,1.0,1.0,1.0,0.0,9.081217124839963,8.456992327359453,9.705441922320473,0.62422479748051,1.0,1.0,1.0,0.0,,,,
target_restriction_of_global,small_world_k2,50,1.0,self_masking_gaussian_preserving,0.3,n_inverse_half,10,10,1.0,1.0,1.0,0.0,1.0,1.0,1.0,0.0,1.0,1.0,1.0,0.0,1.0,1.0,1.0,0.0,0.0,0.0,0.0,0.0,0.0,0.0,0.0,0.0,1882.6,1808.9331338133286,1956.2668661866712,73.66686618667131,581.0,545.4826116641731,616.5173883358269,35.51738833582692,1210.7,1206.610699443008,1214.7893005569922,4.089300556992157,0.4402207431276561,0.43654192366362476,0.4438995625916874,0.003678819464031313,9.037604631099947,7.9552932832959495,10.119915978903945,1.0823113478039978,1.0,1.0,1.0,0.0,,,,
target_restriction_of_global,small_world_k2,50,1.0,self_masking_logistic_population,0.3,n_inverse_half,10,10,1.0,1.0,1.0,0.0,1.0,1.0,1.0,0.0,1.0,1.0,1.0,0.0,1.0,1.0,1.0,0.0,0.0,0.0,0.0,0.0,0.0,0.0,0.0,0.0,1886.2,1827.6146423260545,1944.7853576739456,58.58535767394551,562.5,542.3222287634852,582.6777712365148,20.177771236514786,1205.0,1199.863580220568,1210.136419779432,5.13641977943189,0.4375485977762922,0.4338094676757924,0.44128772787679194,0.0037391301004997546,8.42957379593998,7.431831137085894,9.427316454794067,0.9977426588540865,1.0,1.0,1.0,0.0,,,,
target_restriction_of_global,small_world_k2,50,1.25,complete,0.0,n_inverse_half,10,10,0.9966666666666667,0.9891261427906727,1.0042071905426608,0.007540523875994076,1.0,1.0,1.0,0.0,0.998,0.9934756856744036,1.0025243143255964,0.0045243143255964124,0.99,0.9673784283720179,1.012621571627982,0.022621571627982062,0.01,-0.012621571627982045,0.03262157162798204,0.022621571627982045,0.0,0.0,0.0,0.0,1941.7,1845.3103648831293,2038.0896351168708,96.38963511687075,2500.0,2500.0,2500.0,0.0,2500.0,2500.0,2500.0,0.0,1.0,1.0,1.0,0.0,9.469012937850007,8.317298083056595,10.620727792643418,1.1517148547934113,1.0,1.0,1.0,0.0,,,,
target_restriction_of_global,small_world_k2,50,1.25,self_masking_gaussian_preserving,0.3,n_inverse_half,10,10,1.0,1.0,1.0,0.0,1.0,1.0,1.0,0.0,1.0,1.0,1.0,0.0,1.0,1.0,1.0,0.0,0.0,0.0,0.0,0.0,0.0,0.0,0.0,0.0,1882.6,1808.9331338133286,1956.2668661866712,73.66686618667131,581.0,545.4826116641731,616.5173883358269,35.51738833582692,1210.7,1206.610699443008,1214.7893005569922,4.089300556992157,0.440220743127656,0.4365419236636247,0.44389956259168734,0.003678819464031313,9.276717002270008,8.50748991336469,10.045944091175325,0.7692270889053177,1.0,1.0,1.0,0.0,,,,
target_restriction_of_global,small_world_k2,50,1.25,self_masking_logistic_population,0.3,n_inverse_half,10,10,1.0,1.0,1.0,0.0,1.0,1.0,1.0,0.0,1.0,1.0,1.0,0.0,1.0,1.0,1.0,0.0,0.0,0.0,0.0,0.0,0.0,0.0,0.0,0.0,1886.2,1827.6146423260545,1944.7853576739456,58.58535767394551,562.5,542.3222287634852,582.6777712365148,20.177771236514786,1205.0,1199.863580220568,1210.136419779432,5.13641977943189,0.4375485977762922,0.4338094676757924,0.44128772787679194,0.0037391301004997546,9.293608119820021,8.45050417398104,10.136712065659003,0.8431039458389815,1.0,1.0,1.0,0.0,,,,
target_restriction_of_global,small_world_k2,75,1.0,complete,0.0,n_inverse_half,10,10,0.9916666666666666,0.9787887705155243,1.004544562817809,0.01287789615114232,1.0,1.0,1.0,0.0,0.9946666666666667,0.9863151605910353,1.003018172742298,0.008351506075631343,0.9800000000000001,0.949837904496024,1.010162095503976,0.030162095503976027,0.02,-0.010162095503976062,0.05016209550397606,0.030162095503976062,0.0,0.0,0.0,0.0,3949.2,3857.323241925035,4041.076758074965,91.87675807496498,3750.0,3750.0,3750.0,0.0,3750.0,3750.0,3750.0,0.0,1.0,1.0,1.0,0.0,18.10639541070001,15.843844926982246,20.368945894417774,2.2625504837177637,1.0,1.0,1.0,0.0,,,,
target_restriction_of_global,small_world_k2,75,1.0,self_masking_gaussian_preserving,0.3,n_inverse_half,10,10,1.0,1.0,1.0,0.0,1.0,1.0,1.0,0.0,1.0,1.0,1.0,0.0,1.0,1.0,1.0,0.0,0.0,0.0,0.0,0.0,0.0,0.0,0.0,0.0,3847.1,3738.5015594364104,3955.6984405635894,108.59844056358952,851.1,794.2738095947332,907.9261904052669,56.82619040526686,1822.85,1819.0495086409892,1826.6504913590106,3.8004913590107208,0.44902012805921016,0.4462727450130332,0.4517675111053871,0.0027473830461769433,17.259083003009977,15.274449771311275,19.24371623470868,1.9846332316987016,1.0,1.0,1.0,0.0,,,,
target_restriction_of_global,small_world_k2,75,1.0,self_masking_logistic_population,0.3,n_inverse_half,10,10,0.9966666666666667,0.9891261427906727,1.0042071905426608,0.007540523875994076,1.0,1.0,1.0,0.0,0.998,0.9934756856744036,1.0025243143255964,0.0045243143255964124,0.99,0.9673784283720179,1.012621571627982,0.022621571627982062,0.01,-0.012621571627982045,0.03262157162798204,0.022621571627982045,0.0,0.0,0.0,0.0,3833.4,3745.169941549277,3921.630058450723,88.23005845072294,800.0,741.254527726034,858.745472273966,58.745472273966016,1821.5,1818.5553312920676,1824.4446687079324,2.944668707932351,0.44882707562055274,0.4461017804929273,0.45155237074817817,0.0027252951276254267,17.306942290770003,15.773018758096786,18.84086582344322,1.5339235326732172,1.0,1.0,1.0,0.0,,,,
target_restriction_of_global,small_world_k2,75,1.25,complete,0.0,n_inverse_half,10,10,0.9841666666666666,0.9686596262186822,0.9996737071146511,0.015507040447984455,1.0,1.0,1.0,0.0,0.989904761904762,0.9797679710317544,1.0000415527777695,0.010136790873007562,0.96,0.9230591282210819,0.996940871778918,0.03694087177891803,0.04,0.003059128221082015,0.07694087177891798,0.036940871778917986,0.0,0.0,0.0,0.0,3916.6,3831.1400788528763,4002.0599211471235,85.45992114712362,4151.0,4151.0,4151.0,0.0,4151.0,4151.0,4151.0,0.0,1.0,1.0,1.0,0.0,18.815977349880008,16.96485800575535,20.667096694004666,1.8511193441246583,1.0,1.0,1.0,0.0,,,,
target_restriction_of_global,small_world_k2,75,1.25,self_masking_gaussian_preserving,0.3,n_inverse_half,10,10,1.0,1.0,1.0,0.0,1.0,1.0,1.0,0.0,1.0,1.0,1.0,0.0,1.0,1.0,1.0,0.0,0.0,0.0,0.0,0.0,0.0,0.0,0.0,0.0,3811.9,3725.9668387659026,3897.8331612340976,85.9331612340975,939.3,876.0655696098584,1002.5344303901416,63.2344303901416,2018.3,2014.4989476414498,2022.10105235855,3.8010523585501232,0.449643798660894,0.44753754249631333,0.45175005482547465,0.0021062561645806555,17.619520040459985,15.959251212598685,19.279788868321283,1.660268827861299,1.0,1.0,1.0,0.0,,,,
target_restriction_of_global,small_world_k2,75,1.25,self_masking_logistic_population,0.3,n_inverse_half,10,10,1.0,1.0,1.0,0.0,1.0,1.0,1.0,0.0,1.0,1.0,1.0,0.0,1.0,1.0,1.0,0.0,0.0,0.0,0.0,0.0,0.0,0.0,0.0,0.0,3813.5,3717.3494497857614,3909.6505502142386,96.15055021423859,893.8,827.5893910976959,960.010608902304,66.2106089023041,2017.95,2014.8206825914626,2021.0793174085375,3.1293174085374176,0.4494193030880245,0.44637596446643124,0.4524626417096178,0.0030433386215932834,19.20412268910002,16.460610105845777,21.947635272354265,2.743512583254244,1.0,1.0,1.0,0.0,,,,
target_restriction_of_global,small_world_k2,100,1.0,complete,0.0,n_inverse_half,10,10,0.9883333333333333,0.9705157705516816,1.006150896114985,0.017817562781651697,1.0,1.0,1.0,0.0,0.9926666666666666,0.9815502532445338,1.0037830800887995,0.01111641342213282,0.97,0.9217170888066816,1.0182829111933183,0.048282911193318345,0.030000000000000006,-0.018282911193318367,0.07828291119331837,0.04828291119331837,0.0,0.0,0.0,0.0,6759.6,6575.89785699847,6943.302143001531,183.7021430015302,5000.0,5000.0,5000.0,0.0,5000.0,5000.0,5000.0,0.0,1.0,1.0,1.0,0.0,31.79140567255007,27.4835393280067,36.09927201709344,4.3078663445433705,1.0,1.0,1.0,0.0,,,,
target_restriction_of_global,small_world_k2,100,1.0,self_masking_gaussian_preserving,0.3,n_inverse_half,10,10,1.0,1.0,1.0,0.0,1.0,1.0,1.0,0.0,1.0,1.0,1.0,0.0,1.0,1.0,1.0,0.0,0.0,0.0,0.0,0.0,0.0,0.0,0.0,0.0,6567.6,6411.720317772183,6723.479682227818,155.87968222781728,1033.9,917.974677674677,1149.8253223253232,115.92532232532312,2437.65,2434.828342413947,2440.471657586053,2.821657586052879,0.4540197083898735,0.45164559963804934,0.45639381714169763,0.0023741087518241444,30.986839890549952,26.873492317114334,35.10018746398557,4.113347573435618,1.0,1.0,1.0,0.0,,,,
target_restriction_of_global,small_world_k2,100,1.0,self_masking_logistic_population,0.3,n_inverse_half,10,10,1.0,1.0,1.0,0.0,1.0,1.0,1.0,0.0,1.0,1.0,1.0,0.0,1.0,1.0,1.0,0.0,0.0,0.0,0.0,0.0,0.0,0.0,0.0,0.0,6525.8,6391.868408276647,6659.731591723354,133.93159172335345,941.1,837.4303010186976,1044.7696989813023,103.66969898130236,2436.8,2432.32878089174,2441.2712191082605,4.471219108260357,0.45420861847950755,0.45132954819188176,0.45708768876713335,0.0028790702876257956,29.061544657320127,25.645558949879025,32.47753036476123,3.415985707441102,1.0,1.0,1.0,0.0,,,,
target_restriction_of_global,small_world_k2,100,1.25,complete,0.0,n_inverse_half,10,10,0.985,0.9651687567062136,1.0048312432937865,0.019831243293786438,1.0,1.0,1.0,0.0,0.9906666666666666,0.9781091849300111,1.003224148403322,0.01255748173665544,0.96,0.9099818231612229,1.010018176838777,0.05001817683877707,0.04,-0.010018176838777072,0.09001817683877708,0.05001817683877707,0.0,0.0,0.0,0.0,6747.1,6579.324970486778,6914.875029513223,167.77502951322276,5947.0,5947.0,5947.0,0.0,5947.0,5947.0,5947.0,0.0,1.0,1.0,1.0,0.0,33.48424866612013,29.024904209892156,37.943593122348105,4.459344456227974,1.0,1.0,1.0,0.0,,,,
target_restriction_of_global,small_world_k2,100,1.25,self_masking_gaussian_preserving,0.3,n_inverse_half,10,10,1.0,1.0,1.0,0.0,1.0,1.0,1.0,0.0,1.0,1.0,1.0,0.0,1.0,1.0,1.0,0.0,0.0,0.0,0.0,0.0,0.0,0.0,0.0,0.0,6533.9,6372.242194380648,6695.557805619352,161.65780561935208,1239.7,1097.3042192421194,1382.0957807578807,142.39578075788063,2899.8,2896.9227194701875,2902.677280529813,2.8772805298126514,0.4544510118520436,0.45182355266623353,0.4570784710378537,0.002627459185810088,30.368274404389915,26.736459562315478,34.00008924646435,3.6318148420744354,1.0,1.0,1.0,0.0,,,,
target_restriction_of_global,small_world_k2,100,1.25,self_masking_logistic_population,0.3,n_inverse_half,10,10,0.9966666666666667,0.9891261427906727,1.0042071905426608,0.007540523875994076,1.0,1.0,1.0,0.0,0.998,0.9934756856744036,1.0025243143255964,0.0045243143255964124,0.99,0.9673784283720179,1.012621571627982,0.022621571627982062,0.01,-0.012621571627982045,0.03262157162798204,0.022621571627982045,0.0,0.0,0.0,0.0,6524.0,6379.304046606464,6668.695953393536,144.695953393536,1153.0,1023.758412373152,1282.2415876268478,129.2415876268479,2899.1,2893.9696722619133,2904.2303277380865,5.130327738086635,0.45422330134123506,0.45108170366367895,0.4573648990187912,0.0031415976775561183,32.44160249177001,28.007839539939226,36.8753654436008,4.433762951830786,1.0,1.0,1.0,0.0,,,,
