evaluation_scope,topology,p,missingness_mode,missing_rate_target,alpha_schedule,contrast,left,right,paired_seeds,precision_delta_mean,precision_delta_lo95,precision_delta_hi95,precision_delta_halfwidth95,precision_paired_n,recall_delta_mean,recall_delta_lo95,recall_delta_hi95,recall_delta_halfwidth95,recall_paired_n,f1_delta_mean,f1_delta_lo95,f1_delta_hi95,f1_delta_halfwidth95,f1_paired_n,exact_recovery_delta_mean,exact_recovery_delta_lo95,exact_recovery_delta_hi95,exact_recovery_delta_halfwidth95,exact_recovery_paired_n,fp_delta_mean,fp_delta_lo95,fp_delta_hi95,fp_delta_halfwidth95,fp_paired_n,fn_delta_mean,fn_delta_lo95,fn_delta_hi95,fn_delta_halfwidth95,fn_paired_n,trace_ci_tests_delta_mean,trace_ci_tests_delta_lo95,trace_ci_tests_delta_hi95,trace_ci_tests_delta_halfwidth95,trace_ci_tests_paired_n,trace_ci_n_eff_min_delta_mean,trace_ci_n_eff_min_delta_lo95,trace_ci_n_eff_min_delta_hi95,trace_ci_n_eff_min_delta_halfwidth95,trace_ci_n_eff_min_paired_n,trace_ci_n_eff_median_delta_mean,trace_ci_n_eff_median_delta_lo95,trace_ci_n_eff_median_delta_hi95,trace_ci_n_eff_median_delta_halfwidth95,trace_ci_n_eff_median_paired_n,trace_ci_effective_fraction_mean_delta_mean,trace_ci_effective_fraction_mean_delta_lo95,trace_ci_effective_fraction_mean_delta_hi95,trace_ci_effective_fraction_mean_delta_halfwidth95,trace_ci_effective_fraction_mean_paired_n,runtime_seconds_delta_mean,runtime_seconds_delta_lo95,runtime_seconds_delta_hi95,runtime_seconds_delta_halfwidth95,runtime_seconds_paired_n,gamma
global_whole_skeleton,er_expected_degree_2,20,complete,0.0,n_inverse_half,gamma_1.25_minus_1.0,1.0,1.25,20,0.014379967297923946,-0.0022972124890342574,0.03105714708488215,0.016677179786958204,20,0.0,0.0,0.0,0.0,20,0.007673305513485223,-0.0012356495081497724,0.01658226053512022,0.008908955021634996,20,0.05,-0.13441380522859875,0.23441380522859873,0.18441380522859874,20,-0.3,-0.6429118609396831,0.04291186093968319,0.3429118609396832,20,0.0,0.0,0.0,0.0,20,-2.0,-15.610163197171836,11.610163197171836,13.610163197171836,20,-204.0,-204.0,-204.0,0.0,20,-204.0,-204.0,-204.0,0.0,20,0.0,0.0,0.0,0.0,20,0.4255718961499156,0.06047039247808739,0.7906733998217438,0.3651015036718282,20,
global_whole_skeleton,er_expected_degree_2,20,self_masking_gaussian_preserving,0.3,n_inverse_half,gamma_1.25_minus_1.0,1.0,1.25,20,-0.00529761904761904,-0.01637766006911875,0.005782421973880671,0.01108004102149971,20,-0.013319078947368418,-0.027924908971381203,0.0012867510766443688,0.014605830024012787,20,-0.009428780370435864,-0.018296665336387193,-0.0005608954044845366,0.008867884965951327,20,-0.15,-0.32145593046984156,0.021455930469841594,0.1714559304698416,20,0.1,-0.10930240544083084,0.3093024054408309,0.20930240544083084,20,0.3,-0.04291186093968319,0.6429118609396831,0.3429118609396832,20,-25.1,-44.06159173687872,-6.138408263121285,18.961591736878717,20,-34.85,-41.77394142261518,-27.926058577384826,6.923941422615177,20,-71.875,-74.87739924347692,-68.87260075652308,3.0023992434769187,20,0.003174177886642748,0.0011323437108320348,0.005216012062453462,0.0020418341758107134,20,-0.4349736986499579,-0.7760073308828606,-0.09394006641705521,0.3410336322329027,20,
global_whole_skeleton,er_expected_degree_2,20,self_masking_logistic_population,0.3,n_inverse_half,gamma_1.25_minus_1.0,1.0,1.25,20,-0.005575396825396828,-0.02406254693565568,0.012911753284862024,0.01848715011025885,20,-0.02268594782410572,-0.03895881207505766,-0.006413083573153781,0.016272864250951938,20,-0.015449764118194976,-0.029742122969130695,-0.0011574052672592566,0.01429235885093572,20,-0.15,-0.32145593046984156,0.021455930469841594,0.1714559304698416,20,0.1,-0.23612085461557455,0.4361208546155746,0.33612085461557456,20,0.45,0.12878638954260085,0.7712136104573992,0.32121361045739916,20,-31.5,-52.339990855085354,-10.660009144914646,20.839990855085354,20,-35.95,-42.098225932325896,-29.80177406767411,6.148225932325892,20,-68.375,-73.26939100663351,-63.48060899336649,4.894391006633511,20,0.003173020063434209,0.0011797218720694673,0.005166318254798951,0.001993298191364742,20,-0.08123283200022793,-0.30395092967385284,0.14148526567339698,0.2227180976736249,20,
global_whole_skeleton,er_expected_degree_2,50,complete,0.0,n_inverse_half,gamma_1.25_minus_1.0,1.0,1.25,20,0.0,0.0,0.0,0.0,20,0.0,0.0,0.0,0.0,20,0.0,0.0,0.0,0.0,20,0.0,0.0,0.0,0.0,20,0.0,0.0,0.0,0.0,20,0.0,0.0,0.0,0.0,20,0.0,0.0,0.0,0.0,20,0.0,0.0,0.0,0.0,20,0.0,0.0,0.0,0.0,20,0.0,0.0,0.0,0.0,20,1.8082272606499714,-0.25175079009131807,3.868205311391261,2.0599780507412895,20,
global_whole_skeleton,er_expected_degree_2,50,self_masking_gaussian_preserving,0.3,n_inverse_half,gamma_1.25_minus_1.0,1.0,1.25,20,0.0,0.0,0.0,0.0,20,0.0,0.0,0.0,0.0,20,0.0,0.0,0.0,0.0,20,0.0,0.0,0.0,0.0,20,0.0,0.0,0.0,0.0,20,0.0,0.0,0.0,0.0,20,0.0,0.0,0.0,0.0,20,0.0,0.0,0.0,0.0,20,0.0,0.0,0.0,0.0,20,0.0,0.0,0.0,0.0,20,1.329653365199999,-0.08280391757806216,2.7421106479780604,1.4124572827780613,20,
global_whole_skeleton,er_expected_degree_2,50,self_masking_logistic_population,0.3,n_inverse_half,gamma_1.25_minus_1.0,1.0,1.25,20,0.0,0.0,0.0,0.0,20,0.0,0.0,0.0,0.0,20,0.0,0.0,0.0,0.0,20,0.0,0.0,0.0,0.0,20,0.0,0.0,0.0,0.0,20,0.0,0.0,0.0,0.0,20,0.0,0.0,0.0,0.0,20,0.0,0.0,0.0,0.0,20,0.0,0.0,0.0,0.0,20,0.0,0.0,0.0,0.0,20,0.47116622160017396,-0.7757632457958081,1.718095688996156,1.246929467395982,20,
global_whole_skeleton,er_expected_degree_2,75,complete,0.0,n_inverse_half,gamma_1.25_minus_1.0,1.0,1.25,20,0.0024451057630206384,-0.010143717862994575,0.015033929389035854,0.012588823626015214,20,-0.001399217221135024,-0.0034153075168161327,0.0006168730745460848,0.002016090295681109,20,0.0005698139292316274,-0.006323281830604736,0.00746290968906799,0.006893095759836363,20,0.05,-0.05465120272041542,0.15465120272041544,0.10465120272041542,20,-0.2,-1.269395266247181,0.8693952662471811,1.069395266247181,20,0.1,-0.04405179483524621,0.24405179483524622,0.14405179483524622,20,-4.5,-47.237388952599304,38.237388952599304,42.737388952599304,20,401.0,401.0,401.0,0.0,20,401.0,401.0,401.0,0.0,20,0.0,0.0,0.0,0.0,20,-1.2546095862501725,-3.1872453980406004,0.6780262255402554,1.9326358117904279,20,
global_whole_skeleton,er_expected_degree_2,75,self_masking_gaussian_preserving,0.3,n_inverse_half,gamma_1.25_minus_1.0,1.0,1.25,20,-0.0005527680219422181,-0.004434747892649558,0.003329211848765121,0.0038819798707073394,20,0.001272407170294504,-0.0005721220787251716,0.0031169364193141796,0.0018445292490196755,20,0.00038740081891335264,-0.0017641070315415782,0.0025389086693682833,0.002151507850454931,20,0.05,-0.05465120272041542,0.15465120272041544,0.10465120272041542,20,0.05,-0.23305760229150485,0.33305760229150483,0.28305760229150484,20,-0.1,-0.24405179483524622,0.04405179483524621,0.14405179483524622,20,74.9,37.592130126704916,112.2078698732951,37.30786987329509,20,65.85,62.68204297748971,69.01795702251027,3.1679570225102833,20,179.05,130.9533980478555,227.14660195214452,48.09660195214451,20,-0.0010672687478066544,-0.0016478578801713412,-0.00048667961544196774,0.0005805891323646867,20,0.5788239225499867,-2.175567377673368,3.333215222773341,2.7543913002233547,20,
global_whole_skeleton,er_expected_degree_2,75,self_masking_logistic_population,0.3,n_inverse_half,gamma_1.25_minus_1.0,1.0,1.25,20,-0.0008601555730954724,-0.005216272043245812,0.0034959608970548672,0.00435611647015034,20,0.00012313375404031656,-0.0017782405475097955,0.0020245080555904285,0.001901374301550112,20,-0.00032165471259488766,-0.0025411642287843676,0.0018978548035945922,0.0022195095161894798,20,-0.05,-0.15465120272041544,0.05465120272041542,0.10465120272041542,20,0.05,-0.27121361045739917,0.37121361045739915,0.32121361045739916,20,0.0,-0.15184392423821927,0.15184392423821927,0.15184392423821927,20,60.9,6.756216651437725,115.04378334856227,54.14378334856227,20,61.8,58.25321714927588,65.34678285072411,3.546782850724114,20,158.65,144.92489244745119,172.37510755254883,13.72510755254881,20,-0.000621220517156762,-0.0015544377167029224,0.0003119966823893983,0.0009332171995461603,20,1.5325718275000562,-0.5853598501425277,3.65050350514264,2.117931677642584,20,
global_whole_skeleton,er_expected_degree_2,100,complete,0.0,n_inverse_half,gamma_1.25_minus_1.0,1.0,1.25,20,0.0014630407125099942,-0.009050029938371075,0.011976111363391063,0.010513070650881069,20,0.0005263157894736803,-0.0005752758181096322,0.0016279073970569928,0.0011015916075833125,20,0.0010101903193930005,-0.004637597195202998,0.006657977833989,0.005647787514595999,20,0.0,0.0,0.0,0.0,20,-0.15,-1.2890824768807099,0.9890824768807099,1.13908247688071,20,-0.05,-0.15465120272041544,0.05465120272041542,0.10465120272041542,20,48.35,-46.041766752172045,142.74176675217205,94.39176675217205,20,947.0,947.0,947.0,0.0,20,947.0,947.0,947.0,0.0,20,0.0,0.0,0.0,0.0,20,2.765648608500259,-5.8394871275002185,11.370784344500736,8.605135736000477,20,
global_whole_skeleton,er_expected_degree_2,100,self_masking_gaussian_preserving,0.3,n_inverse_half,gamma_1.25_minus_1.0,1.0,1.25,20,-0.004789496862004849,-0.008946355639714493,-0.0006326380842952058,0.0041568587777096435,20,0.0022874465372772768,0.0003715794234945232,0.004203313651060031,0.0019158671137827535,20,-0.0012263993195351874,-0.0034277134939743603,0.0009749148549039856,0.002201314174439173,20,-0.05,-0.23441380522859878,0.13441380522859875,0.18441380522859877,20,0.45,0.06361762695588458,0.8363823730441154,0.38638237304411543,20,-0.25,-0.45792085631344537,-0.04207914368655463,0.20792085631344537,20,100.2,53.96692859303289,146.43307140696712,46.23307140696711,20,156.35,151.88084610637907,160.81915389362092,4.4691538936209145,20,405.75,375.12233331577414,436.37766668422586,30.627666684225872,20,-0.0008462616024764114,-0.0013302548933877836,-0.0003622683115650392,0.0004839932909113722,20,2.476756562900049,-3.7122847169482682,8.665797842748367,6.189041279848317,20,
global_whole_skeleton,er_expected_degree_2,100,self_masking_logistic_population,0.3,n_inverse_half,gamma_1.25_minus_1.0,1.0,1.25,20,0.00076839972425356,-0.0035573311478307394,0.00509413059633786,0.0043257308720843,20,-9.182369849887184e-05,-0.0014621988934481545,0.001278551496450411,0.0013703751949492827,20,0.00034958479699586097,-0.0016616129093809022,0.002360782503372624,0.0020111977063767632,20,0.0,-0.15184392423821927,0.15184392423821927,0.15184392423821927,20,-0.1,-0.526786786219642,0.3267867862196421,0.42678678621964206,20,0.0,-0.15184392423821927,0.15184392423821927,0.15184392423821927,20,44.95,-20.908523435446696,110.8085234354467,65.8585234354467,20,143.2,138.35620261684738,148.0437973831526,4.843797383152599,20,409.2,379.7030328363437,438.69696716365627,29.496967163656254,20,-9.925615408423182e-05,-0.0007172408348910513,0.0005187285267225876,0.0006179846808068195,20,0.05310779409994737,-6.79010440937525,6.896319997575144,6.843212203475197,20,
global_whole_skeleton,er_expected_degree_2,150,complete,0.0,n_inverse_half,gamma_1.25_minus_1.0,1.0,1.25,20,0.010083246603532442,0.0010057107713909354,0.01916078243567395,0.009077535832141506,20,0.00029761904761904103,-0.00032530477809770346,0.0009205428733357855,0.0006229238257167445,20,0.005458683919627227,0.0006455439617589964,0.010271823877495458,0.004813139957868231,20,0.0,0.0,0.0,0.0,20,-1.7,-3.2343000179870747,-0.16569998201292524,1.5343000179870747,20,-0.05,-0.15465120272041544,0.05465120272041542,0.10465120272041542,20,-8.45,-159.84665265624375,142.94665265624377,151.39665265624376,20,2371.0,2371.0,2371.0,0.0,20,2371.0,2371.0,2371.0,0.0,20,0.0,0.0,0.0,0.0,20,8.946307845149798,3.5297312411741126,14.362884449125485,5.4165766039756855,20,
global_whole_skeleton,er_expected_degree_2,150,self_masking_gaussian_preserving,0.3,n_inverse_half,gamma_1.25_minus_1.0,1.0,1.25,20,-0.004306281680433349,-0.00766963267398999,-0.0009429306868767077,0.0033633509935566412,20,0.0005962491153573835,-0.0002648782119742697,0.0014573764426890367,0.0008611273273316532,20,-0.0018643216604854241,-0.0037055895842831254,-2.3053736687722853e-05,0.0018412679237977013,20,-0.1,-0.24405179483524622,0.04405179483524621,0.14405179483524622,20,0.65,0.1401344202891317,1.1598655797108683,0.5098655797108683,20,-0.1,-0.24405179483524622,0.04405179483524621,0.14405179483524622,20,259.1,70.014564665362,448.18543533463804,189.08543533463802,20,399.2,394.7351688992928,403.6648311007072,4.464831100707223,20,1061.45,933.694521421177,1189.2054785788232,127.75547857882304,20,-0.0009328894131182319,-0.0016877925634635812,-0.00017798626277288265,0.0007549031503453493,20,3.3299500326498217,1.22894330703472,5.430956758264923,2.1010067256151017,20,
global_whole_skeleton,er_expected_degree_2,150,self_masking_logistic_population,0.3,n_inverse_half,gamma_1.25_minus_1.0,1.0,1.25,20,0.0014089311645947456,-0.0016061985168973286,0.00442406084608682,0.0030151296814920742,20,0.00031014528953831054,-0.0012199156434712216,0.0018402062225478428,0.0015300609330095322,20,0.0008571499703008134,-0.0011985730318447609,0.0029128729724463877,0.0020557230021455743,20,0.05,-0.13441380522859875,0.23441380522859878,0.18441380522859877,20,-0.2,-0.6452937962978306,0.24529379629783055,0.44529379629783056,20,-0.05,-0.2888828769228838,0.1888828769228838,0.2388828769228838,20,285.65,104.4580564143732,466.8419435856267,181.19194358562677,20,362.2,355.2971945771177,369.1028054228823,6.902805422882286,20,973.825,861.4593860952438,1086.1906139047564,112.36561390475629,20,-0.0011522223921968445,-0.0018832749152325984,-0.00042116986916109075,0.0007310525230357538,20,5.222470819350338,1.4915786537939617,8.953362984906715,3.7308921655563765,20,
global_whole_skeleton,random_regular_d2,20,complete,0.0,n_inverse_half,gamma_1.25_minus_1.0,1.0,1.25,20,0.0022619047619047592,-0.00900653904084409,0.013530348564653606,0.011268443802748848,20,0.0,0.0,0.0,0.0,20,0.001158536585365849,-0.004613105362383569,0.006930178533115266,0.005771641947749417,20,0.0,-0.21473973702164245,0.21473973702164245,0.21473973702164245,20,-0.05,-0.2888828769228838,0.1888828769228838,0.2388828769228838,20,0.0,0.0,0.0,0.0,20,0.25,-9.55172819730626,10.05172819730626,9.80172819730626,20,-204.0,-204.0,-204.0,0.0,20,-204.0,-204.0,-204.0,0.0,20,0.0,0.0,0.0,0.0,20,0.1287839318000124,-0.09844926955007971,0.3560171331501045,0.22723320135009212,20,
global_whole_skeleton,random_regular_d2,20,self_masking_gaussian_preserving,0.3,n_inverse_half,gamma_1.25_minus_1.0,1.0,1.25,20,0.00011904761904762417,-0.00729436577430131,0.007532461012396559,0.007413413393348935,20,-0.0075000000000000015,-0.018951387843984376,0.003951387843984373,0.011451387843984374,20,-0.003915193706592923,-0.010963446254227955,0.0031330588410421085,0.007048252547635032,20,-0.15,-0.32145593046984156,0.021455930469841594,0.1714559304698416,20,0.0,-0.15184392423821927,0.15184392423821927,0.15184392423821927,20,0.15,-0.07902775687968744,0.3790277568796874,0.22902775687968743,20,1.95,-6.974593546227035,10.874593546227034,8.924593546227035,20,-56.2,-75.34474306835357,-37.05525693164644,19.14474306835356,20,-99.275,-116.13539869014275,-82.41460130985726,16.860398690142738,20,-0.00044672948039742034,-0.0031809372297055384,0.0022874782689106974,0.002734207749308118,20,0.03932926735001278,-0.17431204380623652,0.2529705785062621,0.2136413111562493,20,
global_whole_skeleton,random_regular_d2,20,self_masking_logistic_population,0.3,n_inverse_half,gamma_1.25_minus_1.0,1.0,1.25,20,-0.0050000000000000044,-0.012202589741762322,0.0022025897417623126,0.007202589741762317,20,0.0,0.0,0.0,0.0,20,-0.0024358974358974494,-0.005944851412653466,0.0010730565408585673,0.0035089539767560168,20,0.0,0.0,0.0,0.0,20,0.1,-0.04405179483524621,0.24405179483524622,0.14405179483524622,20,0.0,0.0,0.0,0.0,20,-4.65,-9.598982287416995,0.29898228741699384,4.948982287416994,20,-60.05,-79.91108951701081,-40.188910482989186,19.86108951701081,20,-93.475,-97.73710707968941,-89.21289292031058,4.262107079689412,20,0.0016593318372171485,-0.00019244286773490988,0.003511106542169207,0.0018517747049520584,20,0.08571494295011921,-0.0787713834330805,0.25020126933331893,0.1644863263831997,20,
global_whole_skeleton,random_regular_d2,50,complete,0.0,n_inverse_half,gamma_1.25_minus_1.0,1.0,1.25,20,0.0,0.0,0.0,0.0,20,0.0,0.0,0.0,0.0,20,0.0,0.0,0.0,0.0,20,0.0,0.0,0.0,0.0,20,0.0,0.0,0.0,0.0,20,0.0,0.0,0.0,0.0,20,0.0,0.0,0.0,0.0,20,0.0,0.0,0.0,0.0,20,0.0,0.0,0.0,0.0,20,0.0,0.0,0.0,0.0,20,0.247334165650136,-0.2778066119528164,0.7724749432530884,0.5251407776029524,20,
global_whole_skeleton,random_regular_d2,50,self_masking_gaussian_preserving,0.3,n_inverse_half,gamma_1.25_minus_1.0,1.0,1.25,20,0.0,0.0,0.0,0.0,20,0.0,0.0,0.0,0.0,20,0.0,0.0,0.0,0.0,20,0.0,0.0,0.0,0.0,20,0.0,0.0,0.0,0.0,20,0.0,0.0,0.0,0.0,20,0.0,0.0,0.0,0.0,20,0.0,0.0,0.0,0.0,20,0.0,0.0,0.0,0.0,20,0.0,0.0,0.0,0.0,20,0.21959249459987412,-0.26188456509369107,0.7010695542934393,0.4814770596935652,20,
global_whole_skeleton,random_regular_d2,50,self_masking_logistic_population,0.3,n_inverse_half,gamma_1.25_minus_1.0,1.0,1.25,20,0.0,0.0,0.0,0.0,20,0.0,0.0,0.0,0.0,20,0.0,0.0,0.0,0.0,20,0.0,0.0,0.0,0.0,20,0.0,0.0,0.0,0.0,20,0.0,0.0,0.0,0.0,20,0.0,0.0,0.0,0.0,20,0.0,0.0,0.0,0.0,20,0.0,0.0,0.0,0.0,20,0.0,0.0,0.0,0.0,20,-0.03530407355010547,-0.7874203390560996,0.7168121919558887,0.7521162655059942,20,
global_whole_skeleton,random_regular_d2,75,complete,0.0,n_inverse_half,gamma_1.25_minus_1.0,1.0,1.25,20,0.005679122676124698,0.0011549905436426108,0.010203254808606784,0.004524132132482087,20,0.0,0.0,0.0,0.0,20,0.002919900017423227,0.000607956973465564,0.00523184306138089,0.002311943043957663,20,0.05,-0.13441380522859875,0.23441380522859873,0.18441380522859874,20,-0.45,-0.8052953150143412,-0.09470468498565893,0.3552953150143411,20,0.0,0.0,0.0,0.0,20,-25.05,-55.400358691581204,5.300358691581206,30.350358691581206,20,401.0,401.0,401.0,0.0,20,401.0,401.0,401.0,0.0,20,0.0,0.0,0.0,0.0,20,-1.2680823898998024,-2.7849172373326265,0.24875245753302155,1.516834847432824,20,
global_whole_skeleton,random_regular_d2,75,self_masking_gaussian_preserving,0.3,n_inverse_half,gamma_1.25_minus_1.0,1.0,1.25,20,0.0006578947368421018,-0.0007190947726370412,0.002034884246321245,0.001376989509479143,20,0.0,0.0,0.0,0.0,20,0.0003311258278145712,-0.00036192849483719,0.0010241801504663325,0.0006930543226517612,20,0.05,-0.05465120272041542,0.15465120272041544,0.10465120272041542,20,-0.05,-0.15465120272041544,0.05465120272041542,0.10465120272041542,20,0.0,0.0,0.0,0.0,20,-23.7,-45.242099190646165,-2.1579008093538334,21.542099190646166,20,49.45,-28.729196781886245,127.62919678188625,78.17919678188625,20,196.2,195.51082259688954,196.88917740311044,0.6891774031104609,20,0.0005900043904962654,-1.3561996206062346e-05,0.0011935707771985932,0.0006035663867023278,20,-0.48032877929979323,-1.6184161759093694,0.6577586173097829,1.1380873966095761,20,
global_whole_skeleton,random_regular_d2,75,self_masking_logistic_population,0.3,n_inverse_half,gamma_1.25_minus_1.0,1.0,1.25,20,-0.0006578947368421018,-0.003084392174060493,0.0017686027003762897,0.0024264974372183914,20,0.0,0.0,0.0,0.0,20,-0.0003311258278145712,-0.0015524093061496686,0.000890157650520526,0.0012212834783350973,20,-0.05,-0.23441380522859873,0.13441380522859875,0.18441380522859874,20,0.05,-0.13441380522859875,0.23441380522859873,0.18441380522859874,20,0.0,0.0,0.0,0.0,20,-18.75,-35.75101089089764,-1.7489891091023608,17.00101089089764,20,83.55,21.23264023711326,145.86735976288674,62.31735976288674,20,196.225,195.4342626501705,197.0157373498295,0.7907373498295015,20,0.0005607623837275283,-2.9585627096238593e-05,0.0011511103945512952,0.0005903480108237669,20,0.3065003043999809,-0.8353193762282364,1.4483199850281983,1.1418196806282173,20,
global_whole_skeleton,random_regular_d2,100,complete,0.0,n_inverse_half,gamma_1.25_minus_1.0,1.0,1.25,20,9.423044694817917e-05,-0.0060009161367081815,0.006189377030604539,0.00609514658365636,20,0.0,0.0,0.0,0.0,20,2.362505005173987e-05,-0.003106116731868343,0.003153366831971823,0.003129741781920083,20,-0.1,-0.24405179483524622,0.04405179483524621,0.14405179483524622,20,0.0,-0.6442192110649273,0.6442192110649273,0.6442192110649273,20,0.0,0.0,0.0,0.0,20,-63.95,-112.91524541434897,-14.984754585651032,48.96524541434897,20,947.0,947.0,947.0,0.0,20,947.0,947.0,947.0,0.0,20,0.0,0.0,0.0,0.0,20,0.07671655674957822,-3.2515917530945098,3.405024866593666,3.328308309844088,20,
global_whole_skeleton,random_regular_d2,100,self_masking_gaussian_preserving,0.3,n_inverse_half,gamma_1.25_minus_1.0,1.0,1.25,20,-0.000495049504950501,-0.002860226504187003,0.0018701274942860007,0.002365176999236502,20,0.0,0.0,0.0,0.0,20,-0.0002487562189054715,-0.0014372282433974255,0.0009397158055864824,0.001188472024491954,20,-0.05,-0.2888828769228838,0.18888287692288375,0.23888287692288376,20,0.05,-0.18888287692288375,0.2888828769228838,0.23888287692288376,20,0.0,0.0,0.0,0.0,20,-32.4,-56.86921377335298,-7.930786226647015,24.469213773352983,20,257.1,131.82987603052922,382.3701239694708,125.2701239694708,20,463.375,462.3371298385417,464.4128701614583,1.0378701614582626,20,0.0006087325951825429,7.31607494923722e-05,0.0011443044408727134,0.0005355718456901707,20,-2.45269962999996,-5.50598335149439,0.6005840914944689,3.053283721494429,20,
global_whole_skeleton,random_regular_d2,100,self_masking_logistic_population,0.3,n_inverse_half,gamma_1.25_minus_1.0,1.0,1.25,20,0.000990099009901002,-0.0010822020340676456,0.00306240005386965,0.0020723010439686477,20,0.0,0.0,0.0,0.0,20,0.000497512437810943,-0.0005437930618946785,0.0015388179375165644,0.0010413054997056215,20,0.1,-0.10930240544083084,0.3093024054408309,0.20930240544083084,20,-0.1,-0.3093024054408309,0.10930240544083084,0.20930240544083084,20,0.0,0.0,0.0,0.0,20,-54.2,-79.2347302537451,-29.165269746254904,25.0347302537451,20,256.3,130.06142327507138,382.53857672492865,126.23857672492865,20,463.825,462.8973995228755,464.7526004771245,0.9276004771245089,20,0.0011413717103489456,0.0007414487537660708,0.0015412946669318204,0.00039992295658287474,20,0.5148305767000011,-2.613110429474352,3.642771582874354,3.127941006174353,20,
global_whole_skeleton,random_regular_d2,150,complete,0.0,n_inverse_half,gamma_1.25_minus_1.0,1.0,1.25,20,0.0075631889019329825,0.00023086068494203218,0.014895517118923934,0.00733232821699095,20,0.0,0.0,0.0,0.0,20,0.003888236755923563,0.00013645063508129808,0.007640022876765828,0.003751786120842265,20,-0.05,-0.15465120272041544,0.05465120272041542,0.10465120272041542,20,-1.2,-2.35241435868197,-0.047585641318030225,1.1524143586819697,20,0.0,0.0,0.0,0.0,20,-178.75,-231.60540107725163,-125.89459892274837,52.85540107725162,20,2371.0,2371.0,2371.0,0.0,20,2371.0,2371.0,2371.0,0.0,20,0.0,0.0,0.0,0.0,20,1.1159401212998543,-1.1099242235643927,3.3418044661641013,2.225864344864247,20,
global_whole_skeleton,random_regular_d2,150,self_masking_gaussian_preserving,0.3,n_inverse_half,gamma_1.25_minus_1.0,1.0,1.25,20,0.001657836644591626,0.0002790348664068762,0.003036638422776376,0.0013788017781847497,20,0.000666666666666682,-0.0002936786322349815,0.0016270119655683456,0.0009603452989016635,20,0.0011650092408434288,0.00024993890441302234,0.0020800795772738354,0.0009150703364304065,20,0.3,0.07995724872441184,0.5200427512755881,0.22004275127558814,20,-0.25,-0.45792085631344537,-0.04207914368655463,0.20792085631344537,20,-0.1,-0.24405179483524622,0.04405179483524621,0.14405179483524622,20,-124.35,-161.64315064442087,-87.05684935557912,37.29315064442088,20,822.65,652.1926810600769,993.1073189399231,170.45731893992303,20,1161.15,1159.7980347017465,1162.5019652982537,1.351965298253665,20,0.0011845078766470785,0.0008129145769563648,0.0015561011763377923,0.0003715932996907137,20,-1.1743587092002827,-3.7757509957737105,1.427033577373145,2.601392286573428,20,
global_whole_skeleton,random_regular_d2,150,self_masking_logistic_population,0.3,n_inverse_half,gamma_1.25_minus_1.0,1.0,1.25,20,0.000333333333333341,-0.0012507020344632975,0.0019173687011299796,0.0015840353677966385,20,0.000333333333333341,-0.00036434135146944476,0.0010310080181361269,0.0006976746848027858,20,0.000333333333333341,-0.0006645241539882153,0.0013311908206548974,0.0009978574873215564,20,0.05,-0.1888828769228838,0.2888828769228838,0.2388828769228838,20,-0.05,-0.2888828769228838,0.1888828769228838,0.2388828769228838,20,-0.05,-0.15465120272041544,0.05465120272041543,0.10465120272041543,20,-135.15,-186.36852785653852,-83.93147214346149,51.21852785653852,20,727.85,553.5555776916344,902.1444223083656,174.29442230836554,20,1160.2,1159.008242825317,1161.391757174683,1.1917571746830913,20,0.001255882746163342,0.0007527619639362782,0.001759003528390406,0.0005031207822270639,20,0.6030529095501155,-2.0181603132294996,3.224266132329731,2.621213222779615,20,
global_whole_skeleton,scale_free_m2,20,complete,0.0,n_inverse_half,gamma_1.25_minus_1.0,1.0,1.25,20,0.0022955808730568683,-0.011583716913496486,0.016174878659610224,0.013879297786553354,20,-0.004054054054054057,-0.011480847529147943,0.0033727394210398293,0.007426793475093886,20,-0.0016505025010571995,-0.009768035016364945,0.006467030014250547,0.008117532515307746,20,0.0,0.0,0.0,0.0,20,-0.05,-0.4920458040241148,0.3920458040241148,0.4420458040241148,20,0.15,-0.1247913585784737,0.4247913585784737,0.2747913585784737,20,-154.3,-264.39533753290345,-44.20466246709657,110.09533753290344,20,-204.0,-204.0,-204.0,0.0,20,-204.0,-204.0,-204.0,0.0,20,0.0,0.0,0.0,0.0,20,-1.2360718770499488,-2.2643259836366187,-0.20781777046327887,1.02825410658667,20,
global_whole_skeleton,scale_free_m2,20,self_masking_gaussian_preserving,0.3,n_inverse_half,gamma_1.25_minus_1.0,1.0,1.25,20,-0.006929005989747672,-0.01812188625012859,0.004263874270633247,0.011192880260380919,20,-0.005405405405405397,-0.02534203299768635,0.014531222186875558,0.019936627592280955,20,-0.006098228752984269,-0.02351176839649933,0.01131531089053079,0.01741353964351506,20,0.0,0.0,0.0,0.0,20,0.15,-0.07902775687968741,0.37902775687968737,0.2290277568796874,20,0.2,-0.5376552209143952,0.9376552209143951,0.7376552209143952,20,-94.7,-137.89955641660083,-51.500443583399175,43.19955641660083,20,-31.45,-36.26724700075274,-26.63275299924726,4.817247000752741,20,-67.925,-69.58884326757622,-66.26115673242377,1.6638432675762325,20,0.0062474854122775425,0.003058372669746409,0.009436598154808675,0.0031891127425311334,20,-0.5040617171999318,-1.1517902792686046,0.14366684486874104,0.6477285620686728,20,
global_whole_skeleton,scale_free_m2,20,self_masking_logistic_population,0.3,n_inverse_half,gamma_1.25_minus_1.0,1.0,1.25,20,-0.001419605162639237,-0.016635236332006264,0.01379602600672779,0.015215631169367026,20,-0.020270270270270268,-0.040738356584508056,0.00019781604396752403,0.020468086314237792,20,-0.01736080968628482,-0.036682323913880543,0.00196070454131091,0.01932151422759573,20,0.0,0.0,0.0,0.0,20,0.0,-0.33953333656698625,0.33953333656698625,0.33953333656698625,20,0.75,-0.007319193626798226,1.5073191936267982,0.7573191936267982,20,-86.3,-113.23640171950437,-59.36359828049562,26.936401719504378,20,-30.1,-35.789387393284656,-24.410612606715347,5.689387393284655,20,-65.95,-67.4814797839662,-64.41852021603381,1.5314797839661858,20,0.0063879083983724135,0.0041089993409537786,0.008666817455791048,0.002278909057418635,20,-0.608165688800125,-1.1146993631017574,-0.10163201449849268,0.5065336743016323,20,
global_whole_skeleton,scale_free_m2,50,complete,0.0,n_inverse_half,gamma_1.25_minus_1.0,1.0,1.25,20,0.0,0.0,0.0,0.0,20,0.0,0.0,0.0,0.0,20,0.0,0.0,0.0,0.0,20,0.0,0.0,0.0,0.0,20,0.0,0.0,0.0,0.0,20,0.0,0.0,0.0,0.0,20,0.0,0.0,0.0,0.0,20,0.0,0.0,0.0,0.0,20,0.0,0.0,0.0,0.0,20,0.0,0.0,0.0,0.0,20,1.9574351981001221,-2.951421780868964,6.866292177069209,4.908856978969086,20,
global_whole_skeleton,scale_free_m2,50,self_masking_gaussian_preserving,0.3,n_inverse_half,gamma_1.25_minus_1.0,1.0,1.25,20,0.0,0.0,0.0,0.0,20,0.0,0.0,0.0,0.0,20,0.0,0.0,0.0,0.0,20,0.0,0.0,0.0,0.0,20,0.0,0.0,0.0,0.0,20,0.0,0.0,0.0,0.0,20,0.0,0.0,0.0,0.0,20,0.0,0.0,0.0,0.0,20,0.0,0.0,0.0,0.0,20,0.0,0.0,0.0,0.0,20,-0.6778754073999945,-3.7069685021307253,2.3512176873307364,3.029093094730731,20,
global_whole_skeleton,scale_free_m2,50,self_masking_logistic_population,0.3,n_inverse_half,gamma_1.25_minus_1.0,1.0,1.25,20,0.0,0.0,0.0,0.0,20,0.0,0.0,0.0,0.0,20,0.0,0.0,0.0,0.0,20,0.0,0.0,0.0,0.0,20,0.0,0.0,0.0,0.0,20,0.0,0.0,0.0,0.0,20,0.0,0.0,0.0,0.0,20,0.0,0.0,0.0,0.0,20,0.0,0.0,0.0,0.0,20,0.0,0.0,0.0,0.0,20,2.0578501658999926,-0.011344363323591455,4.127044695123576,2.069194529223584,20,
global_whole_skeleton,scale_free_m2,75,complete,0.0,n_inverse_half,gamma_1.25_minus_1.0,1.0,1.25,20,-0.0006903835904718547,-0.008575318844026809,0.007194551663083099,0.007884935253554954,20,0.005102040816326536,0.0006143434245250452,0.009589738208128027,0.004487697391801491,20,0.0028325346065662892,-0.0018006936505992857,0.007465762863731865,0.004633228257165575,20,0.0,0.0,0.0,0.0,20,0.15,-0.8603613023072233,1.1603613023072232,1.0103613023072233,20,-0.75,-1.4096915165948185,-0.09030848340518138,0.6596915165948186,20,3300.75,1619.9526545879594,4981.54734541204,1680.7973454120406,20,401.0,401.0,401.0,0.0,20,401.0,401.0,401.0,0.0,20,0.0,0.0,0.0,0.0,20,26.931358377949937,10.578188763274085,43.28452799262579,16.353169614675853,20,
global_whole_skeleton,scale_free_m2,75,self_masking_gaussian_preserving,0.3,n_inverse_half,gamma_1.25_minus_1.0,1.0,1.25,20,-0.0008387892133210562,-0.0029134350105649498,0.0012358565839228376,0.0020746457972438937,20,0.004421768707483004,-0.0007713191063779866,0.009614856521343994,0.005193087813860991,20,0.0029187617663737676,-0.0010743917918073086,0.006911915324554844,0.003993153558181076,20,0.0,0.0,0.0,0.0,20,0.1,-0.10930240544083084,0.3093024054408309,0.20930240544083084,20,-0.65,-1.413383908637567,0.11338390863756687,0.7633839086375669,20,1021.55,754.179560321063,1288.9204396789369,267.3704396789369,20,63.35,61.25546180481305,65.44453819518695,2.094538195186952,20,118.825,88.00093816806739,149.6490618319326,30.824061831932617,20,-0.003148187033424851,-0.004302622657884749,-0.001993751408964953,0.0011544356244598984,20,8.1906113695993,1.8959686412591168,14.485254097939482,6.2946427283401825,20,
global_whole_skeleton,scale_free_m2,75,self_masking_logistic_population,0.3,n_inverse_half,gamma_1.25_minus_1.0,1.0,1.25,20,0.0001507262270818599,-0.002926438542365063,0.0032278909965287824,0.0030771647694469227,20,0.009863945578231299,0.005671255159824731,0.014056635996637867,0.004192690418406568,20,0.0073269513470422265,0.003983325837740704,0.010670576856343749,0.003343625509301522,20,0.0,0.0,0.0,0.0,20,0.0,-0.30368784847643854,0.30368784847643854,0.30368784847643854,20,-1.45,-2.066325491505765,-0.833674508494235,0.616325491505765,20,865.2,636.0919917603304,1094.3080082396698,229.10800823966966,20,62.65,59.50029067851779,65.79970932148221,3.1497093214822085,20,131.025,128.86892989442313,133.18107010557688,2.1560701055768607,20,-0.0020663197939570334,-0.0032664318210869903,-0.0008662077668270768,0.0012001120271299566,20,12.026663310499899,8.210645512326327,15.842681108673471,3.816017798173573,20,
global_whole_skeleton,small_world_k2,20,complete,0.0,n_inverse_half,gamma_1.25_minus_1.0,1.0,1.25,20,0.004209956709956703,-0.011480124817758137,0.01990003823767154,0.01569008152771484,20,0.0,0.0,0.0,0.0,20,0.0023244438488340792,-0.005761858782849411,0.010410746480517569,0.00808630263168349,20,0.05,-0.1888828769228838,0.2888828769228838,0.2388828769228838,20,-0.1,-0.4361208546155745,0.2361208546155745,0.3361208546155745,20,0.0,0.0,0.0,0.0,20,5.15,-3.716014474955971,14.016014474955972,8.866014474955971,20,-204.0,-204.0,-204.0,0.0,20,-204.0,-204.0,-204.0,0.0,20,0.0,0.0,0.0,0.0,20,0.034492083650150177,-0.17785495593643824,0.24683912323673857,0.2123470395865884,20,
global_whole_skeleton,small_world_k2,20,self_masking_gaussian_preserving,0.3,n_inverse_half,gamma_1.25_minus_1.0,1.0,1.25,20,-0.002380952380952378,-0.00736434298668644,0.0026024382247816845,0.004983390605734063,20,0.0,0.0,0.0,0.0,20,-0.0012195121951219523,-0.0037719805541564766,0.001332956163912572,0.0025524683590345243,20,-0.05,-0.15465120272041544,0.05465120272041542,0.10465120272041542,20,0.05,-0.05465120272041542,0.15465120272041544,0.10465120272041542,20,0.0,0.0,0.0,0.0,20,0.15,-8.481462327191945,8.781462327191946,8.631462327191946,20,-49.0,-55.655199850283026,-42.344800149716974,6.6551998502830285,20,-82.6,-97.67516543592949,-67.5248345640705,15.075165435929488,20,-0.0003013092788150401,-0.0022846581986460017,0.0016820396410159215,0.0019833489198309616,20,-0.20279900954998314,-0.42006477898907224,0.014466759889105951,0.2172657694390891,20,
global_whole_skeleton,small_world_k2,20,self_masking_logistic_population,0.3,n_inverse_half,gamma_1.25_minus_1.0,1.0,1.25,20,-0.002380952380952378,-0.00736434298668644,0.0026024382247816845,0.004983390605734063,20,-0.0025000000000000022,-0.007732560136020779,0.0027325601360207747,0.005232560136020777,20,-0.00250156347717323,-0.006106361579459655,0.0011032346251131954,0.003604798102286425,20,-0.1,-0.24405179483524622,0.04405179483524621,0.14405179483524622,20,0.05,-0.05465120272041542,0.15465120272041544,0.10465120272041542,20,0.05,-0.05465120272041542,0.15465120272041544,0.10465120272041542,20,0.4,-5.384835030832711,6.184835030832712,5.784835030832712,20,-44.5,-50.68752346688456,-38.31247653311544,6.1875234668845565,20,-86.35,-95.56446810320713,-77.13553189679286,9.21446810320714,20,-3.218710990414153e-05,-0.0015839423098621597,0.0015195680900538767,0.0015517551999580182,20,0.03756860484992336,-0.14394521941842453,0.21908242911827125,0.1815138242683479,20,
global_whole_skeleton,small_world_k2,50,complete,0.0,n_inverse_half,gamma_1.25_minus_1.0,1.0,1.25,20,0.0,0.0,0.0,0.0,20,0.0,0.0,0.0,0.0,20,0.0,0.0,0.0,0.0,20,0.0,0.0,0.0,0.0,20,0.0,0.0,0.0,0.0,20,0.0,0.0,0.0,0.0,20,0.0,0.0,0.0,0.0,20,0.0,0.0,0.0,0.0,20,0.0,0.0,0.0,0.0,20,0.0,0.0,0.0,0.0,20,0.3914231426999664,-0.3038695136364082,1.086715799036341,0.6952926563363746,20,
global_whole_skeleton,small_world_k2,50,self_masking_gaussian_preserving,0.3,n_inverse_half,gamma_1.25_minus_1.0,1.0,1.25,20,0.0,0.0,0.0,0.0,20,0.0,0.0,0.0,0.0,20,0.0,0.0,0.0,0.0,20,0.0,0.0,0.0,0.0,20,0.0,0.0,0.0,0.0,20,0.0,0.0,0.0,0.0,20,0.0,0.0,0.0,0.0,20,0.0,0.0,0.0,0.0,20,0.0,0.0,0.0,0.0,20,0.0,0.0,0.0,0.0,20,0.13450552970009583,-0.40363862997985217,0.6726496893800438,0.538144159679948,20,
global_whole_skeleton,small_world_k2,50,self_masking_logistic_population,0.3,n_inverse_half,gamma_1.25_minus_1.0,1.0,1.25,20,0.0,0.0,0.0,0.0,20,0.0,0.0,0.0,0.0,20,0.0,0.0,0.0,0.0,20,0.0,0.0,0.0,0.0,20,0.0,0.0,0.0,0.0,20,0.0,0.0,0.0,0.0,20,0.0,0.0,0.0,0.0,20,0.0,0.0,0.0,0.0,20,0.0,0.0,0.0,0.0,20,0.0,0.0,0.0,0.0,20,0.23648581484998185,-0.30487117414599874,0.7778428038459625,0.5413569889959806,20,
global_whole_skeleton,small_world_k2,75,complete,0.0,n_inverse_half,gamma_1.25_minus_1.0,1.0,1.25,20,-0.004425049994420466,-0.01215608697884665,0.0033059869900057175,0.007731036984426183,20,0.0006666666666666598,-0.0007286827029388649,0.0020620160362721848,0.0013953493696055247,20,-0.0019386919234861688,-0.005889813511773675,0.0020124296648013377,0.0039511215882875065,20,0.1,-0.10930240544083084,0.3093024054408309,0.20930240544083084,20,0.35,-0.26257309442564514,0.9625730944256451,0.6125730944256451,20,-0.05,-0.15465120272041544,0.05465120272041542,0.10465120272041542,20,-20.6,-50.426568730862726,9.226568730862727,29.82656873086273,20,401.0,401.0,401.0,0.0,20,401.0,401.0,401.0,0.0,20,0.0,0.0,0.0,0.0,20,0.5919625697499901,-0.627226109843333,1.8111512493433133,1.219188679593323,20,
global_whole_skeleton,small_world_k2,75,self_masking_gaussian_preserving,0.3,n_inverse_half,gamma_1.25_minus_1.0,1.0,1.25,20,-0.0013157894736842036,-0.003211207826779538,0.0005796288794111309,0.0018954183530953345,20,0.0,0.0,0.0,0.0,20,-0.0006622516556291424,-0.001616237051889056,0.000291733740630771,0.0009539853962599134,20,-0.1,-0.24405179483524622,0.04405179483524621,0.14405179483524622,20,0.1,-0.04405179483524621,0.24405179483524622,0.14405179483524622,20,0.0,0.0,0.0,0.0,20,-18.75,-40.390755915989416,2.8907559159894163,21.640755915989416,20,92.65,87.18514792527688,98.11485207472313,5.4648520747231215,20,195.9,194.80345975556827,196.99654024443174,1.0965402444317478,20,0.0003201378870803212,-0.00030941681119768175,0.0009496925853583241,0.000629554698278003,20,-0.21306623605005398,-1.1564779798893134,0.7303455077892054,0.9434117438392594,20,
global_whole_skeleton,small_world_k2,75,self_masking_logistic_population,0.3,n_inverse_half,gamma_1.25_minus_1.0,1.0,1.25,20,0.0013333333333333196,-0.0014380998836325282,0.0041047665502991675,0.002771433216965848,20,0.0,0.0,0.0,0.0,20,0.0006621923937360052,-0.00072385749878745,0.00204824228625946,0.0013860498925234552,20,0.0,-0.15184392423821927,0.15184392423821927,0.15184392423821927,20,-0.1,-0.3093024054408309,0.10930240544083084,0.20930240544083084,20,0.0,0.0,0.0,0.0,20,-10.0,-29.36114237847636,9.361142378476359,19.36114237847636,20,92.0,83.39030220566833,100.60969779433167,8.609697794331668,20,195.775,195.12865925359543,196.42134074640458,0.6463407464045763,20,0.00016389580118230106,-0.00043825680925646716,0.0007660484116210693,0.0006021526104387682,20,0.889023907299918,-0.16742850025740297,1.945476314857239,1.056452407557321,20,
global_whole_skeleton,small_world_k2,100,complete,0.0,n_inverse_half,gamma_1.25_minus_1.0,1.0,1.25,20,-0.004717328916209207,-0.011895197280177905,0.0024605394477594912,0.0071778683639686985,20,0.0,0.0,0.0,0.0,20,-0.0024272368056538207,-0.006134609039524946,0.0012801354282173045,0.003707372233871125,20,0.0,-0.15184392423821927,0.15184392423821927,0.15184392423821927,20,0.5,-0.26677423135208644,1.2667742313520864,0.7667742313520864,20,0.0,0.0,0.0,0.0,20,-51.75,-106.1645737369585,2.664573736958502,54.4145737369585,20,947.0,947.0,947.0,0.0,20,947.0,947.0,947.0,0.0,20,0.0,0.0,0.0,0.0,20,0.20714951554978125,-3.7169533881256838,4.131252419225246,3.924102903675465,20,
global_whole_skeleton,small_world_k2,100,self_masking_gaussian_preserving,0.3,n_inverse_half,gamma_1.25_minus_1.0,1.0,1.25,20,0.0,-0.001503405190477437,0.001503405190477437,0.001503405190477437,20,0.0,0.0,0.0,0.0,20,0.0,-0.0007554424091453661,0.0007554424091453661,0.0007554424091453661,20,0.0,-0.15184392423821927,0.15184392423821927,0.15184392423821927,20,0.0,-0.15184392423821927,0.15184392423821927,0.15184392423821927,20,0.0,0.0,0.0,0.0,20,-34.9,-66.7683826462647,-3.031617353735296,31.868382646264703,20,210.3,194.48335782578343,226.1166421742166,15.816642174216572,20,463.125,462.04094975868753,464.20905024131247,1.084050241312488,20,0.0005451219812109664,-7.577217049447227e-05,0.001166016132916405,0.0006208941517054387,20,-1.3017146077498416,-5.117809220616231,2.514380005116548,3.8160946128663897,20,
global_whole_skeleton,small_world_k2,100,self_masking_logistic_population,0.3,n_inverse_half,gamma_1.25_minus_1.0,1.0,1.25,20,0.0,-0.0021261360101152973,0.0021261360101152973,0.0021261360101152973,20,0.0,0.0,0.0,0.0,20,0.0,-0.0010683569006051813,0.0010683569006051813,0.0010683569006051813,20,0.0,-0.21473973702164245,0.21473973702164245,0.21473973702164245,20,0.0,-0.21473973702164245,0.21473973702164245,0.21473973702164245,20,0.0,0.0,0.0,0.0,20,-20.8,-52.06274284680761,10.462742846807604,31.262742846807605,20,206.65,169.00823878854544,244.29176121145457,37.64176121145455,20,463.075,461.8981483613577,464.2518516386423,1.1768516386422838,20,0.00044163534929029803,-0.00012614559417583232,0.0010094162927564284,0.0005677809434661304,20,2.360484635549983,-1.148242453023701,5.869211724123667,3.508727088573684,20,
target_restriction_of_global,er_expected_degree_2,20,complete,0.0,n_inverse_half,gamma_1.25_minus_1.0,1.0,1.25,20,0.013750000000000002,-0.005986262538585304,0.033486262538585304,0.019736262538585306,20,0.0,0.0,0.0,0.0,20,0.009047619047619054,-0.003732053751981634,0.021827291847219744,0.012779672799600688,20,0.030000000000000006,-0.01580555137593749,0.0758055513759375,0.045805551375937496,20,-0.03,-0.0758055513759375,0.015805551375937497,0.045805551375937496,20,0.0,0.0,0.0,0.0,20,-2.0,-15.610163197171836,11.610163197171836,13.610163197171836,20,-204.0,-204.0,-204.0,0.0,20,-204.0,-204.0,-204.0,0.0,20,0.0,0.0,0.0,0.0,20,0.425571301970043,0.060469555699502575,0.7906730482405835,0.36510174627054043,20,
target_restriction_of_global,er_expected_degree_2,20,self_masking_gaussian_preserving,0.3,n_inverse_half,gamma_1.25_minus_1.0,1.0,1.25,20,0.0024999999999999966,-0.007061680485698088,0.012061680485698082,0.009561680485698085,20,-0.0074166666666666825,-0.015227061003443862,0.00039372767011049657,0.007810394336777179,20,-0.002843073593073586,-0.010734796591159097,0.005048649405011924,0.00789172299808551,20,-0.01499999999999999,-0.04987455310187177,0.019874553101871785,0.03487455310187178,20,-0.005,-0.028888287692288378,0.018888287692288376,0.023888287692288377,20,0.03,-0.0007460512985089755,0.06074605129850898,0.030746051298508974,20,-25.1,-44.06159173687872,-6.138408263121285,18.961591736878717,20,-34.85,-41.77394142261518,-27.926058577384826,6.923941422615177,20,-71.875,-74.87739924347692,-68.87260075652308,3.0023992434769187,20,0.0031741778866427512,0.0011323437108320387,0.005216012062453463,0.0020418341758107125,20,-0.43497361161010195,-0.7760077744550129,-0.09393944876519095,0.341034162844911,20,
target_restriction_of_global,er_expected_degree_2,20,self_masking_logistic_population,0.3,n_inverse_half,gamma_1.25_minus_1.0,1.0,1.25,20,-0.00625,-0.021374962088443923,0.008874962088443924,0.015124962088443925,20,-0.014333333333333337,-0.026500339360116806,-0.002166327306549868,0.012167006026783469,20,-0.013720057720057738,-0.025998335992081237,-0.0014417794480342389,0.0122782782720235,20,-0.039999999999999994,-0.08400855025511764,0.004008550255117642,0.044008550255117636,20,0.015000000000000003,-0.019874553101871775,0.04987455310187178,0.03487455310187178,20,0.040000000000000015,0.0015861880439343584,0.07841381195606567,0.038413811956065656,20,-31.5,-52.339990855085354,-10.660009144914646,20.839990855085354,20,-35.95,-42.098225932325896,-29.80177406767411,6.148225932325892,20,-68.375,-73.26939100663351,-63.48060899336649,4.894391006633511,20,0.003173020063434209,0.0011797218720694664,0.005166318254798952,0.0019932981913647427,20,-0.08123471723510307,-0.30395321964995775,0.14148378517975158,0.22271850241485466,20,
target_restriction_of_global,er_expected_degree_2,50,complete,0.0,n_inverse_half,gamma_1.25_minus_1.0,1.0,1.25,20,0.0,0.0,0.0,0.0,20,0.0,0.0,0.0,0.0,20,0.0,0.0,0.0,0.0,20,0.0,0.0,0.0,0.0,20,0.0,0.0,0.0,0.0,20,0.0,0.0,0.0,0.0,20,0.0,0.0,0.0,0.0,20,0.0,0.0,0.0,0.0,20,0.0,0.0,0.0,0.0,20,0.0,0.0,0.0,0.0,20,1.8082280828000195,-0.251750210527554,3.868206376127593,2.0599782933275734,20,
target_restriction_of_global,er_expected_degree_2,50,self_masking_gaussian_preserving,0.3,n_inverse_half,gamma_1.25_minus_1.0,1.0,1.25,20,0.0,0.0,0.0,0.0,20,0.0,0.0,0.0,0.0,20,0.0,0.0,0.0,0.0,20,0.0,0.0,0.0,0.0,20,0.0,0.0,0.0,0.0,20,0.0,0.0,0.0,0.0,20,0.0,0.0,0.0,0.0,20,0.0,0.0,0.0,0.0,20,0.0,0.0,0.0,0.0,20,0.0,0.0,0.0,0.0,20,1.3296522358050304,-0.0828047758377577,2.742109247447819,1.4124570116427881,20,
target_restriction_of_global,er_expected_degree_2,50,self_masking_logistic_population,0.3,n_inverse_half,gamma_1.25_minus_1.0,1.0,1.25,20,0.0,0.0,0.0,0.0,20,0.0,0.0,0.0,0.0,20,0.0,0.0,0.0,0.0,20,0.0,0.0,0.0,0.0,20,0.0,0.0,0.0,0.0,20,0.0,0.0,0.0,0.0,20,0.0,0.0,0.0,0.0,20,0.0,0.0,0.0,0.0,20,0.0,0.0,0.0,0.0,20,0.0,0.0,0.0,0.0,20,0.47116643392503654,-0.7757638149072192,1.7180966827572923,1.2469302488322558,20,
target_restriction_of_global,er_expected_degree_2,75,complete,0.0,n_inverse_half,gamma_1.25_minus_1.0,1.0,1.25,20,0.008333333333333342,-0.008018799584343993,0.024685466251010677,0.016352132917677335,20,0.0,0.0,0.0,0.0,20,0.005383116883116884,-0.00522245213779029,0.01598868590402406,0.010605569020907174,20,0.025,-0.01180453665003333,0.06180453665003333,0.03680453665003333,20,-0.02,-0.05900941044994269,0.019009410449942688,0.03900941044994269,20,0.0,0.0,0.0,0.0,20,-4.5,-47.237388952599304,38.237388952599304,42.737388952599304,20,401.0,401.0,401.0,0.0,20,401.0,401.0,401.0,0.0,20,0.0,0.0,0.0,0.0,20,-1.254610591014925,-3.187248257993399,0.6780270759635489,1.932637666978474,20,
target_restriction_of_global,er_expected_degree_2,75,self_masking_gaussian_preserving,0.3,n_inverse_half,gamma_1.25_minus_1.0,1.0,1.25,20,-0.0008333333333333304,-0.008623303205322362,0.006956636538655701,0.007789969871989031,20,0.0005555555555555647,-0.0006072355857824038,0.0017183466968935333,0.0011627911413379685,20,5.448717948717818e-05,-0.005116577928273276,0.005225552287247632,0.005171065107760454,20,0.0,-0.015184392423821925,0.015184392423821925,0.015184392423821925,20,0.005,-0.013441380522859876,0.023441380522859878,0.018441380522859877,20,-0.004999999999999999,-0.015465120272041541,0.0054651202720415425,0.010465120272041542,20,74.9,37.592130126704916,112.2078698732951,37.30786987329509,20,65.85,62.68204297748971,69.01795702251027,3.1679570225102833,20,179.05,130.9533980478555,227.14660195214452,48.09660195214451,20,-0.0010672687478066518,-0.001647857880171336,-0.0004866796154419675,0.0005805891323646843,20,0.5788226414598995,-2.175569039820841,3.3332143227406403,2.7543916812807407,20,
target_restriction_of_global,er_expected_degree_2,75,self_masking_logistic_population,0.3,n_inverse_half,gamma_1.25_minus_1.0,1.0,1.25,20,-0.0025000000000000022,-0.007732560136020779,0.0027325601360207747,0.005232560136020777,20,-0.0029166666666666672,-0.007165546497590571,0.0013322131642572368,0.004248879830923904,20,-0.002785714285714286,-0.005980550663241407,0.00040912209181283516,0.003194836377527121,20,-0.0050000000000000044,-0.015465120272041558,0.005465120272041549,0.010465120272041554,20,0.005,-0.005465120272041545,0.015465120272041544,0.010465120272041545,20,0.009999999999999998,-0.004405179483524618,0.024405179483524615,0.014405179483524617,20,60.9,6.756216651437725,115.04378334856227,54.14378334856227,20,61.8,58.25321714927588,65.34678285072411,3.546782850724114,20,158.65,144.92489244745119,172.37510755254883,13.72510755254881,20,-0.000621220517156762,-0.0015544377167029159,0.000311996682389392,0.000933217199546154,20,1.5325717264048966,-0.5853608601969333,3.6505043130067265,2.11793258660183,20,
target_restriction_of_global,er_expected_degree_2,100,complete,0.0,n_inverse_half,gamma_1.25_minus_1.0,1.0,1.25,20,-0.011666666666666669,-0.033561521548106064,0.010228188214772727,0.021894854881439395,20,0.0,0.0,0.0,0.0,20,-0.00766666666666666,-0.02231280261808165,0.006979469284748331,0.014646135951414991,20,-0.025,-0.07271621329428951,0.0227162132942895,0.0477162132942895,20,0.025000000000000005,-0.027325601360207705,0.07732560136020772,0.05232560136020771,20,0.0,0.0,0.0,0.0,20,48.35,-46.041766752172045,142.74176675217205,94.39176675217205,20,947.0,947.0,947.0,0.0,20,947.0,947.0,947.0,0.0,20,0.0,0.0,0.0,0.0,20,2.7656490329351615,-5.839488143351712,11.370786209222036,8.605137176286874,20,
target_restriction_of_global,er_expected_degree_2,100,self_masking_gaussian_preserving,0.3,n_inverse_half,gamma_1.25_minus_1.0,1.0,1.25,20,0.0025000000000000022,-0.0027325601360207747,0.007732560136020779,0.005232560136020777,20,0.0025892857142857163,-0.0005433461190147279,0.00572191754758616,0.003132631833300444,20,0.0031465201465201488,-0.0006258196765686736,0.006918859969608971,0.0037723398230888223,20,0.014999999999999996,-0.002145593046984154,0.032145593046984146,0.01714559304698415,20,-0.005,-0.015465120272041544,0.005465120272041543,0.010465120272041543,20,-0.015000000000000003,-0.03214559304698416,0.002145593046984154,0.017145593046984157,20,100.2,53.96692859303289,146.43307140696712,46.23307140696711,20,156.35,151.88084610637907,160.81915389362092,4.4691538936209145,20,405.75,375.12233331577414,436.37766668422586,30.627666684225872,20,-0.0008462616024764141,-0.0013302548933877881,-0.00036226831156503994,0.00048399329091137415,20,2.476757062840159,-3.7122860372121984,8.665800162892516,6.189043100052357,20,
target_restriction_of_global,er_expected_degree_2,100,self_masking_logistic_population,0.3,n_inverse_half,gamma_1.25_minus_1.0,1.0,1.25,20,-0.0016666666666666718,-0.00515504009068053,0.0018217067573471865,0.0034883734240138582,20,0.0,0.0,0.0,0.0,20,-0.0009999999999999953,-0.003093024054408294,0.0010930240544083035,0.002093024054408299,20,-0.004999999999999999,-0.015465120272041541,0.0054651202720415425,0.010465120272041542,20,0.005,-0.005465120272041545,0.015465120272041544,0.010465120272041545,20,0.0,0.0,0.0,0.0,20,44.95,-20.908523435446696,110.8085234354467,65.8585234354467,20,143.2,138.35620261684738,148.0437973831526,4.843797383152599,20,409.2,379.7030328363437,438.69696716365627,29.496967163656254,20,-9.925615408422628e-05,-0.0007172408348910444,0.0005187285267225917,0.0006179846808068181,20,0.05310703464511981,-6.790106549069203,6.896320618359442,6.843213583714323,20,
target_restriction_of_global,er_expected_degree_2,150,complete,0.0,n_inverse_half,gamma_1.25_minus_1.0,1.0,1.25,20,0.0033333333333333604,-0.014354655391566254,0.021021322058232976,0.017687988724899614,20,0.0,0.0,0.0,0.0,20,0.002071428571428563,-0.00940536150562287,0.013548218648479994,0.011476790077051432,20,0.004999999999999999,-0.036514806458330516,0.04651480645833051,0.041514806458330514,20,-1.3877787807814458e-18,-0.04294794740432849,0.04294794740432849,0.04294794740432849,20,0.0,0.0,0.0,0.0,20,-8.45,-159.84665265624375,142.94665265624377,151.39665265624376,20,2371.0,2371.0,2371.0,0.0,20,2371.0,2371.0,2371.0,0.0,20,0.0,0.0,0.0,0.0,20,8.946307386025007,3.5297315580839674,14.362883213966047,5.416575827941039,20,
target_restriction_of_global,er_expected_degree_2,150,self_masking_gaussian_preserving,0.3,n_inverse_half,gamma_1.25_minus_1.0,1.0,1.25,20,-0.0054166666666666755,-0.011902824841402836,0.0010694915080694855,0.006486158174736161,20,0.0007142857142857229,-0.0007807314674345156,0.002209302896005961,0.0014950171817202384,20,-0.0028506493506493423,-0.007232020509229047,0.0015307218079303629,0.004381371158579705,20,-0.015000000000000003,-0.03214559304698416,0.002145593046984154,0.017145593046984157,20,0.015000000000000003,-0.002145593046984154,0.03214559304698416,0.017145593046984157,20,-0.004999999999999999,-0.015465120272041541,0.0054651202720415425,0.010465120272041542,20,259.1,70.014564665362,448.18543533463804,189.08543533463802,20,399.2,394.7351688992928,403.6648311007072,4.464831100707223,20,1061.45,933.694521421177,1189.2054785788232,127.75547857882304,20,-0.0009328894131182292,-0.0016877925634635799,-0.00017798626277287853,0.0007549031503453507,20,3.329949635234823,1.228943658813472,5.430955611656174,2.101005976421351,20,
target_restriction_of_global,er_expected_degree_2,150,self_masking_logistic_population,0.3,n_inverse_half,gamma_1.25_minus_1.0,1.0,1.25,20,0.0012499999999999955,-0.00980114510060288,0.012301145100602871,0.011051145100602875,20,0.0007142857142857229,-0.0007807314674345156,0.002209302896005961,0.0014950171817202384,20,0.0010660173160173259,-0.006791866689517808,0.00892390132155246,0.007857884005535134,20,5.551115123125783e-18,-0.021473973702164237,0.02147397370216425,0.021473973702164244,20,-0.005,-0.028888287692288378,0.018888287692288376,0.023888287692288377,20,-0.004999999999999999,-0.015465120272041541,0.0054651202720415425,0.010465120272041542,20,285.65,104.4580564143732,466.8419435856267,181.19194358562677,20,362.2,355.2971945771177,369.1028054228823,6.902805422882286,20,973.825,861.4593860952438,1086.1906139047564,112.36561390475629,20,-0.0011522223921968527,-0.0018832749152326053,-0.00042116986916110007,0.0007310525230357527,20,5.222471325675107,1.4915782410665304,8.953364410283683,3.7308930846085766,20,
target_restriction_of_global,random_regular_d2,20,complete,0.0,n_inverse_half,gamma_1.25_minus_1.0,1.0,1.25,20,1.1102230246251566e-17,-0.008766713053374502,0.008766713053374522,0.008766713053374512,20,0.0,0.0,0.0,0.0,20,-1.1102230246251566e-17,-0.005260027832024708,0.005260027832024686,0.005260027832024697,20,0.0,-0.026300139160123505,0.026300139160123505,0.026300139160123505,20,0.0,-0.026300139160123515,0.026300139160123515,0.026300139160123515,20,0.0,0.0,0.0,0.0,20,0.25,-9.55172819730626,10.05172819730626,9.80172819730626,20,-204.0,-204.0,-204.0,0.0,20,-204.0,-204.0,-204.0,0.0,20,0.0,0.0,0.0,0.0,20,0.12878381776489395,-0.09844978870798765,0.35601742423777555,0.2272336064728816,20,
target_restriction_of_global,random_regular_d2,20,self_masking_gaussian_preserving,0.3,n_inverse_half,gamma_1.25_minus_1.0,1.0,1.25,20,-0.0016666666666666718,-0.00515504009068053,0.0018217067573471865,0.0034883734240138582,20,0.0,0.0,0.0,0.0,20,-0.0009999999999999953,-0.003093024054408294,0.0010930240544083035,0.002093024054408299,20,-0.004999999999999999,-0.015465120272041541,0.0054651202720415425,0.010465120272041542,20,0.005,-0.005465120272041545,0.015465120272041544,0.010465120272041545,20,0.0,0.0,0.0,0.0,20,1.95,-6.974593546227035,10.874593546227034,8.924593546227035,20,-56.2,-75.34474306835357,-37.05525693164644,19.14474306835356,20,-99.275,-116.13539869014275,-82.41460130985726,16.860398690142738,20,-0.00044672948039743145,-0.003180937229705555,0.0022874782689106922,0.0027342077493081236,20,0.03932983484016632,-0.174311455509863,0.25297112519019566,0.21364129035002932,20,
target_restriction_of_global,random_regular_d2,20,self_masking_logistic_population,0.3,n_inverse_half,gamma_1.25_minus_1.0,1.0,1.25,20,-0.0033333333333333327,-0.010310080181361028,0.003643413514694362,0.006976746848027695,20,0.0,0.0,0.0,0.0,20,-0.0019999999999999905,-0.006186048108816588,0.002186048108816607,0.004186048108816598,20,-0.010000000000000004,-0.030930240544083096,0.01093024054408309,0.020930240544083094,20,0.01,-0.01093024054408309,0.03093024054408309,0.02093024054408309,20,0.0,0.0,0.0,0.0,20,-4.65,-9.598982287416995,0.29898228741699384,4.948982287416994,20,-60.05,-79.91108951701081,-40.188910482989186,19.86108951701081,20,-93.475,-97.73710707968941,-89.21289292031058,4.262107079689412,20,0.0016593318372171624,-0.00019244286773489536,0.00351110654216922,0.0018517747049520577,20,0.08571414274003475,-0.0787723256914345,0.250200611171504,0.16448646843146925,20,
target_restriction_of_global,random_regular_d2,50,complete,0.0,n_inverse_half,gamma_1.25_minus_1.0,1.0,1.25,20,0.0,0.0,0.0,0.0,20,0.0,0.0,0.0,0.0,20,0.0,0.0,0.0,0.0,20,0.0,0.0,0.0,0.0,20,0.0,0.0,0.0,0.0,20,0.0,0.0,0.0,0.0,20,0.0,0.0,0.0,0.0,20,0.0,0.0,0.0,0.0,20,0.0,0.0,0.0,0.0,20,0.0,0.0,0.0,0.0,20,0.24733505182506849,-0.27780652143863366,0.7724766250887707,0.5251415732637021,20,
target_restriction_of_global,random_regular_d2,50,self_masking_gaussian_preserving,0.3,n_inverse_half,gamma_1.25_minus_1.0,1.0,1.25,20,0.0,0.0,0.0,0.0,20,0.0,0.0,0.0,0.0,20,0.0,0.0,0.0,0.0,20,0.0,0.0,0.0,0.0,20,0.0,0.0,0.0,0.0,20,0.0,0.0,0.0,0.0,20,0.0,0.0,0.0,0.0,20,0.0,0.0,0.0,0.0,20,0.0,0.0,0.0,0.0,20,0.0,0.0,0.0,0.0,20,0.2195925339599138,-0.2618845899491057,0.7010696578689333,0.4814771239090195,20,
target_restriction_of_global,random_regular_d2,50,self_masking_logistic_population,0.3,n_inverse_half,gamma_1.25_minus_1.0,1.0,1.25,20,0.0,0.0,0.0,0.0,20,0.0,0.0,0.0,0.0,20,0.0,0.0,0.0,0.0,20,0.0,0.0,0.0,0.0,20,0.0,0.0,0.0,0.0,20,0.0,0.0,0.0,0.0,20,0.0,0.0,0.0,0.0,20,0.0,0.0,0.0,0.0,20,0.0,0.0,0.0,0.0,20,0.0,0.0,0.0,0.0,20,-0.03530367178998173,-0.7874208861075297,0.7168135425275662,0.752117214317548,20,
target_restriction_of_global,random_regular_d2,75,complete,0.0,n_inverse_half,gamma_1.25_minus_1.0,1.0,1.25,20,0.0033333333333333383,-0.0014683931611748765,0.008135059827841552,0.004801726494508215,20,0.0,0.0,0.0,0.0,20,0.0020000000000000018,-0.0008810358967049252,0.004881035896704929,0.002881035896704927,20,0.009999999999999998,-0.004405179483524618,0.024405179483524615,0.014405179483524617,20,-0.01,-0.024405179483524622,0.0044051794835246235,0.014405179483524624,20,0.0,0.0,0.0,0.0,20,-25.05,-55.400358691581204,5.300358691581206,30.350358691581206,20,401.0,401.0,401.0,0.0,20,401.0,401.0,401.0,0.0,20,0.0,0.0,0.0,0.0,20,-1.2680823712450715,-2.7849178485026367,0.24875310601249367,1.5168354772575652,20,
target_restriction_of_global,random_regular_d2,75,self_masking_gaussian_preserving,0.3,n_inverse_half,gamma_1.25_minus_1.0,1.0,1.25,20,0.0,0.0,0.0,0.0,20,0.0,0.0,0.0,0.0,20,0.0,0.0,0.0,0.0,20,0.0,0.0,0.0,0.0,20,0.0,0.0,0.0,0.0,20,0.0,0.0,0.0,0.0,20,-23.7,-45.242099190646165,-2.1579008093538334,21.542099190646166,20,49.45,-28.729196781886245,127.62919678188625,78.17919678188625,20,196.2,195.51082259688954,196.88917740311044,0.6891774031104609,20,0.0005900043904962543,-1.3561996206071561e-05,0.0011935707771985804,0.0006035663867023259,20,-0.48032898593484985,-1.6184168137586536,0.657758841888954,1.1380878278238038,20,
target_restriction_of_global,random_regular_d2,75,self_masking_logistic_population,0.3,n_inverse_half,gamma_1.25_minus_1.0,1.0,1.25,20,-0.0016666666666666718,-0.00515504009068053,0.0018217067573471865,0.0034883734240138582,20,0.0,0.0,0.0,0.0,20,-0.0009999999999999953,-0.003093024054408294,0.0010930240544083035,0.002093024054408299,20,-0.004999999999999999,-0.015465120272041541,0.0054651202720415425,0.010465120272041542,20,0.005,-0.005465120272041545,0.015465120272041544,0.010465120272041545,20,0.0,0.0,0.0,0.0,20,-18.75,-35.75101089089764,-1.7489891091023608,17.00101089089764,20,83.55,21.23264023711326,145.86735976288674,62.31735976288674,20,196.225,195.4342626501705,197.0157373498295,0.7907373498295015,20,0.0005607623837275311,-2.9585627096231546e-05,0.0011511103945512939,0.0005903480108237627,20,0.30650121800496555,-0.8353186768496657,1.4483211128595967,1.1418198948546312,20,
target_restriction_of_global,random_regular_d2,100,complete,0.0,n_inverse_half,gamma_1.25_minus_1.0,1.0,1.25,20,-0.00500000000000001,-0.0166248510339573,0.006624851033957279,0.011624851033957289,20,0.0,0.0,0.0,0.0,20,-0.002999999999999997,-0.009974910620374335,0.003974910620374342,0.006974910620374339,20,-0.014999999999999996,-0.04987455310187176,0.019874553101871775,0.03487455310187177,20,0.015000000000000003,-0.019874553101871775,0.04987455310187178,0.03487455310187178,20,0.0,0.0,0.0,0.0,20,-63.95,-112.91524541434897,-14.984754585651032,48.96524541434897,20,947.0,947.0,947.0,0.0,20,947.0,947.0,947.0,0.0,20,0.0,0.0,0.0,0.0,20,0.07671307293477128,-3.2515978791234494,3.405024024992992,3.328310952058221,20,
target_restriction_of_global,random_regular_d2,100,self_masking_gaussian_preserving,0.3,n_inverse_half,gamma_1.25_minus_1.0,1.0,1.25,20,0.0016666666666666718,-0.001821706757347187,0.00515504009068053,0.0034883734240138587,20,0.0,0.0,0.0,0.0,20,0.0009999999999999953,-0.001093024054408304,0.0030930240544082945,0.0020930240544082992,20,0.004999999999999999,-0.005465120272041541,0.01546512027204154,0.01046512027204154,20,-0.005,-0.015465120272041544,0.005465120272041543,0.010465120272041543,20,0.0,0.0,0.0,0.0,20,-32.4,-56.86921377335298,-7.930786226647015,24.469213773352983,20,257.1,131.82987603052922,382.3701239694708,125.2701239694708,20,463.375,462.3371298385417,464.4128701614583,1.0378701614582626,20,0.00060873259518254,7.316074949237545e-05,0.0011443044408727047,0.0005355718456901646,20,-2.4527007174649427,-5.50598556371472,0.6005841287848348,3.0532848462497775,20,
target_restriction_of_global,random_regular_d2,100,self_masking_logistic_population,0.3,n_inverse_half,gamma_1.25_minus_1.0,1.0,1.25,20,0.0,-0.0050614641412739915,0.0050614641412739915,0.0050614641412739915,20,0.0,0.0,0.0,0.0,20,0.0,-0.0030368784847643712,0.0030368784847643712,0.0030368784847643712,20,0.0,-0.015184392423821925,0.015184392423821925,0.015184392423821925,20,0.0,-0.015184392423821929,0.015184392423821929,0.015184392423821929,20,0.0,0.0,0.0,0.0,20,-54.2,-79.2347302537451,-29.165269746254904,25.0347302537451,20,256.3,130.06142327507138,382.53857672492865,126.23857672492865,20,463.825,462.8973995228755,464.7526004771245,0.9276004771245089,20,0.0011413717103489623,0.0007414487537660808,0.0015412946669318439,0.0003999229565828815,20,0.514831948229969,-2.6131111309422934,3.642775027402231,3.127943079172262,20,
target_restriction_of_global,random_regular_d2,150,complete,0.0,n_inverse_half,gamma_1.25_minus_1.0,1.0,1.25,20,0.0,-0.0050614641412739915,0.0050614641412739915,0.0050614641412739915,20,0.0,0.0,0.0,0.0,20,0.0,-0.0030368784847643712,0.0030368784847643712,0.0030368784847643712,20,0.0,-0.015184392423821925,0.015184392423821925,0.015184392423821925,20,0.0,-0.015184392423821929,0.015184392423821929,0.015184392423821929,20,0.0,0.0,0.0,0.0,20,-178.75,-231.60540107725163,-125.89459892274837,52.85540107725162,20,2371.0,2371.0,2371.0,0.0,20,2371.0,2371.0,2371.0,0.0,20,0.0,0.0,0.0,0.0,20,1.115938859959891,-1.1099242983626045,3.3418020182823867,2.2258631583224955,20,
target_restriction_of_global,random_regular_d2,150,self_masking_gaussian_preserving,0.3,n_inverse_half,gamma_1.25_minus_1.0,1.0,1.25,20,0.0,0.0,0.0,0.0,20,0.0,0.0,0.0,0.0,20,0.0,0.0,0.0,0.0,20,0.0,0.0,0.0,0.0,20,0.0,0.0,0.0,0.0,20,0.0,0.0,0.0,0.0,20,-124.35,-161.64315064442087,-87.05684935557912,37.29315064442088,20,822.65,652.1926810600769,993.1073189399231,170.45731893992303,20,1161.15,1159.7980347017465,1162.5019652982537,1.351965298253665,20,0.0011845078766470813,0.0008129145769563668,0.0015561011763377958,0.00037159329969071455,20,-1.1743578581400957,-3.775749602730227,1.4270338864500356,2.6013917445901313,20,
target_restriction_of_global,random_regular_d2,150,self_masking_logistic_population,0.3,n_inverse_half,gamma_1.25_minus_1.0,1.0,1.25,20,0.0,0.0,0.0,0.0,20,0.0,0.0,0.0,0.0,20,0.0,0.0,0.0,0.0,20,0.0,0.0,0.0,0.0,20,0.0,0.0,0.0,0.0,20,0.0,0.0,0.0,0.0,20,-135.15,-186.36852785653852,-83.93147214346149,51.21852785653852,20,727.85,553.5555776916344,902.1444223083656,174.29442230836554,20,1160.2,1159.008242825317,1161.391757174683,1.1917571746830913,20,0.0012558827461633365,0.0007527619639362778,0.0017590035283903951,0.0005031207822270586,20,0.6030538527299804,-2.018159044695161,3.224266750155122,2.6212128974251416,20,
target_restriction_of_global,scale_free_m2,20,complete,0.0,n_inverse_half,gamma_1.25_minus_1.0,1.0,1.25,20,0.0010952380952380714,-0.019586998942208337,0.021777475132684482,0.02068223703744641,20,-0.0017819264069263985,-0.013172063606888206,0.009608210793035409,0.011390137199961807,20,-0.0004265350662409406,-0.013171439486711355,0.012318369354229475,0.012744904420470415,20,0.005000000000000006,-0.02712136104573991,0.03712136104573992,0.03212136104573991,20,-4.163336342344337e-18,-0.06790666731339726,0.06790666731339726,0.06790666731339726,20,-5.551115123125783e-18,-0.04555317727146579,0.045553177271465774,0.04555317727146578,20,-154.3,-264.39533753290345,-44.20466246709657,110.09533753290344,20,-204.0,-204.0,-204.0,0.0,20,-204.0,-204.0,-204.0,0.0,20,0.0,0.0,0.0,0.0,20,-1.2360728867049486,-2.2643276386899984,-0.20781813471989885,1.0282547519850498,20,
target_restriction_of_global,scale_free_m2,20,self_masking_gaussian_preserving,0.3,n_inverse_half,gamma_1.25_minus_1.0,1.0,1.25,20,-0.0037500000000000033,-0.0306066302488515,0.023106630248851494,0.026856630248851498,20,-0.0019032634032634139,-0.029640015830092823,0.025833489023565994,0.02773675242682941,20,-0.0034712689271512833,-0.03051997162917365,0.023577433774871086,0.027048702702022368,20,0.005000000000000003,-0.023305760229150478,0.03330576022915049,0.028305760229150483,20,0.015,-0.007902775687968749,0.03790277568796875,0.022902775687968748,20,0.024999999999999988,-0.06072796523492079,0.11072796523492076,0.08572796523492078,20,-94.7,-137.89955641660083,-51.500443583399175,43.19955641660083,20,-31.45,-36.26724700075274,-26.63275299924726,4.817247000752741,20,-67.925,-69.58884326757622,-66.26115673242377,1.6638432675762325,20,0.0062474854122775425,0.003058372669746409,0.009436598154808675,0.0031891127425311334,20,-0.5040609668199488,-1.1517898533381934,0.14366791969829584,0.6477288865182447,20,
target_restriction_of_global,scale_free_m2,20,self_masking_logistic_population,0.3,n_inverse_half,gamma_1.25_minus_1.0,1.0,1.25,20,-0.006250000000000011,-0.03565104600013256,0.02315104600013254,0.02940104600013255,20,-0.012174117549117552,-0.03783932948334058,0.01349109438510548,0.025665211934223033,20,-0.012189837939837916,-0.038383614579242546,0.014003938699566716,0.026193776639404632,20,0.0,-0.03395333365669863,0.03395333365669863,0.03395333365669863,20,0.004999999999999999,-0.033638237304411546,0.04363823730441154,0.038638237304411543,20,0.049999999999999954,-0.03247236089611064,0.13247236089611056,0.0824723608961106,20,-86.3,-113.23640171950437,-59.36359828049562,26.936401719504378,20,-30.1,-35.789387393284656,-24.410612606715347,5.689387393284655,20,-65.95,-67.4814797839662,-64.41852021603381,1.5314797839661858,20,0.0063879083983724135,0.0041089993409537786,0.008666817455791048,0.002278909057418635,20,-0.6081630223600587,-1.114696211988946,-0.10162983273117132,0.5065331896288874,20,
target_restriction_of_global,scale_free_m2,50,complete,0.0,n_inverse_half,gamma_1.25_minus_1.0,1.0,1.25,20,0.0,0.0,0.0,0.0,20,0.0,0.0,0.0,0.0,20,0.0,0.0,0.0,0.0,20,0.0,0.0,0.0,0.0,20,0.0,0.0,0.0,0.0,20,0.0,0.0,0.0,0.0,20,0.0,0.0,0.0,0.0,20,0.0,0.0,0.0,0.0,20,0.0,0.0,0.0,0.0,20,0.0,0.0,0.0,0.0,20,1.9574366734050925,-2.951421265085639,6.866294611895825,4.908857938490732,20,
target_restriction_of_global,scale_free_m2,50,self_masking_gaussian_preserving,0.3,n_inverse_half,gamma_1.25_minus_1.0,1.0,1.25,20,0.0,0.0,0.0,0.0,20,0.0,0.0,0.0,0.0,20,0.0,0.0,0.0,0.0,20,0.0,0.0,0.0,0.0,20,0.0,0.0,0.0,0.0,20,0.0,0.0,0.0,0.0,20,0.0,0.0,0.0,0.0,20,0.0,0.0,0.0,0.0,20,0.0,0.0,0.0,0.0,20,0.0,0.0,0.0,0.0,20,-0.6778765192649707,-3.7069697891126347,2.351216750582693,3.029093269847664,20,
target_restriction_of_global,scale_free_m2,50,self_masking_logistic_population,0.3,n_inverse_half,gamma_1.25_minus_1.0,1.0,1.25,20,0.0,0.0,0.0,0.0,20,0.0,0.0,0.0,0.0,20,0.0,0.0,0.0,0.0,20,0.0,0.0,0.0,0.0,20,0.0,0.0,0.0,0.0,20,0.0,0.0,0.0,0.0,20,0.0,0.0,0.0,0.0,20,0.0,0.0,0.0,0.0,20,0.0,0.0,0.0,0.0,20,0.0,0.0,0.0,0.0,20,2.057848708075012,-0.011346470388625018,4.127043886538649,2.069195178463637,20,
target_restriction_of_global,scale_free_m2,75,complete,0.0,n_inverse_half,gamma_1.25_minus_1.0,1.0,1.25,20,0.0077317342744974375,-0.006295089100659243,0.02175855764965412,0.01402682337515668,20,0.007719826713247779,0.0004868652817539504,0.01495278814474161,0.007232961431493829,20,0.009627197927452969,0.0014763555580172144,0.017778040296888724,0.008150842369435755,20,0.019999999999999997,-0.008810358967049247,0.048810358967049244,0.028810358967049244,20,-0.019999999999999997,-0.07599727240336303,0.035997272403363034,0.05599727240336303,20,-0.06000000000000004,-0.10655446561649959,-0.013445534383500497,0.04655446561649954,20,3300.75,1619.9526545879594,4981.54734541204,1680.7973454120406,20,401.0,401.0,401.0,0.0,20,401.0,401.0,401.0,0.0,20,0.0,0.0,0.0,0.0,20,26.931360044505208,10.578191498836087,43.28452859017433,16.35316854566912,20,
target_restriction_of_global,scale_free_m2,75,self_masking_gaussian_preserving,0.3,n_inverse_half,gamma_1.25_minus_1.0,1.0,1.25,20,-0.005083333333333312,-0.015866375540205008,0.005699708873538383,0.010783042206871695,20,0.006100108225108231,-0.005447738007293153,0.017647954457509614,0.011547846232401383,20,0.0033701853258075063,-0.006558362881170212,0.013298733532785226,0.009928548206977719,20,0.005,-0.013441380522859876,0.023441380522859878,0.018441380522859877,20,0.0,-0.015184392423821929,0.015184392423821929,0.015184392423821929,20,-0.04000000000000002,-0.08655446561649952,0.006554465616499472,0.046554465616499494,20,1021.55,754.179560321063,1288.9204396789369,267.3704396789369,20,63.35,61.25546180481305,65.44453819518695,2.094538195186952,20,118.825,88.00093816806739,149.6490618319326,30.824061831932617,20,-0.003148187033424851,-0.004302622657884749,-0.001993751408964953,0.0011544356244598984,20,8.190611136514445,1.8959683698198333,14.485253903209056,6.294642766694611,20,
target_restriction_of_global,scale_free_m2,75,self_masking_logistic_population,0.3,n_inverse_half,gamma_1.25_minus_1.0,1.0,1.25,20,0.008880952380952373,-0.007951904652174156,0.0257138094140789,0.01683285703312653,20,0.006678571428571417,-0.006902554530781547,0.02025969738792438,0.013581125959352965,20,0.007652302359198932,-0.005634493434887704,0.020939098153285568,0.013286795794086636,20,0.009999999999999998,-0.01998677234706031,0.03998677234706031,0.02998677234706031,20,-0.005,-0.028888287692288378,0.018888287692288376,0.023888287692288377,20,-0.025,-0.07271621329428948,0.022716213294289488,0.04771621329428949,20,865.2,636.0919917603304,1094.3080082396698,229.10800823966966,20,62.65,59.50029067851779,65.79970932148221,3.1497093214822085,20,131.025,128.86892989442313,133.18107010557688,2.1560701055768607,20,-0.0020663197939570334,-0.0032664318210869903,-0.0008662077668270768,0.0012001120271299566,20,12.02666681664984,8.210648653214133,15.842684980085547,3.816018163435708,20,
target_restriction_of_global,small_world_k2,20,complete,0.0,n_inverse_half,gamma_1.25_minus_1.0,1.0,1.25,20,0.005833333333333329,-0.005839625477697976,0.017506292144364635,0.011672958811031305,20,0.0,0.0,0.0,0.0,20,0.003333333333333327,-0.0038603588265990647,0.010527025493265719,0.007193692159932392,20,0.02,-0.012566893574469998,0.05256689357447,0.03256689357447,20,-0.02,-0.05256689357447,0.012566893574469998,0.03256689357447,20,0.0,0.0,0.0,0.0,20,5.15,-3.716014474955971,14.016014474955972,8.866014474955971,20,-204.0,-204.0,-204.0,0.0,20,-204.0,-204.0,-204.0,0.0,20,0.0,0.0,0.0,0.0,20,0.03449096868009406,-0.17785664944783097,0.24683858680801912,0.21234761812792505,20,
target_restriction_of_global,small_world_k2,20,self_masking_gaussian_preserving,0.3,n_inverse_half,gamma_1.25_minus_1.0,1.0,1.25,20,-0.004166666666666668,-0.012887600226701292,0.004554266893367955,0.008720933560034623,20,0.0,0.0,0.0,0.0,20,-0.002666666666666667,-0.008248064145088824,0.00291473081175549,0.005581397478422157,20,-0.009999999999999998,-0.030930240544083082,0.010930240544083085,0.020930240544083083,20,0.01,-0.01093024054408309,0.03093024054408309,0.02093024054408309,20,0.0,0.0,0.0,0.0,20,0.15,-8.481462327191945,8.781462327191946,8.631462327191946,20,-49.0,-55.655199850283026,-42.344800149716974,6.6551998502830285,20,-82.6,-97.67516543592949,-67.5248345640705,15.075165435929488,20,-0.0003013092788150346,-0.0022846581986459935,0.0016820396410159246,0.001983348919830959,20,-0.20279864113499452,-0.4200646157743423,0.014467333504353252,0.21726597463934777,20,
target_restriction_of_global,small_world_k2,20,self_masking_logistic_population,0.3,n_inverse_half,gamma_1.25_minus_1.0,1.0,1.25,20,-0.0016666666666666718,-0.00515504009068053,0.0018217067573471865,0.0034883734240138582,20,-0.004166666666666668,-0.012887600226701292,0.004554266893367955,0.008720933560034623,20,-0.0036666666666666627,-0.009523548377979061,0.0021902150446457365,0.005856881711312399,20,-0.014999999999999996,-0.037902775687968744,0.007902775687968752,0.022902775687968748,20,0.005,-0.005465120272041545,0.015465120272041544,0.010465120272041545,20,0.01,-0.01093024054408309,0.03093024054408309,0.02093024054408309,20,0.4,-5.384835030832711,6.184835030832712,5.784835030832712,20,-44.5,-50.68752346688456,-38.31247653311544,6.1875234668845565,20,-86.35,-95.56446810320713,-77.13553189679286,9.21446810320714,20,-3.218710990413876e-05,-0.0015839423098621597,0.0015195680900538823,0.001551755199958021,20,0.03756789053501737,-0.14394638867913517,0.21908216974916989,0.18151427921415253,20,
target_restriction_of_global,small_world_k2,50,complete,0.0,n_inverse_half,gamma_1.25_minus_1.0,1.0,1.25,20,0.0,0.0,0.0,0.0,20,0.0,0.0,0.0,0.0,20,0.0,0.0,0.0,0.0,20,0.0,0.0,0.0,0.0,20,0.0,0.0,0.0,0.0,20,0.0,0.0,0.0,0.0,20,0.0,0.0,0.0,0.0,20,0.0,0.0,0.0,0.0,20,0.0,0.0,0.0,0.0,20,0.0,0.0,0.0,0.0,20,0.3914226814899167,-0.3038706199648025,1.086715982944636,0.6952933014547192,20,
target_restriction_of_global,small_world_k2,50,self_masking_gaussian_preserving,0.3,n_inverse_half,gamma_1.25_minus_1.0,1.0,1.25,20,0.0,0.0,0.0,0.0,20,0.0,0.0,0.0,0.0,20,0.0,0.0,0.0,0.0,20,0.0,0.0,0.0,0.0,20,0.0,0.0,0.0,0.0,20,0.0,0.0,0.0,0.0,20,0.0,0.0,0.0,0.0,20,0.0,0.0,0.0,0.0,20,0.0,0.0,0.0,0.0,20,0.0,0.0,0.0,0.0,20,0.13450574317510933,-0.4036390543726842,0.6726505407229029,0.5381447975477935,20,
target_restriction_of_global,small_world_k2,50,self_masking_logistic_population,0.3,n_inverse_half,gamma_1.25_minus_1.0,1.0,1.25,20,0.0,0.0,0.0,0.0,20,0.0,0.0,0.0,0.0,20,0.0,0.0,0.0,0.0,20,0.0,0.0,0.0,0.0,20,0.0,0.0,0.0,0.0,20,0.0,0.0,0.0,0.0,20,0.0,0.0,0.0,0.0,20,0.0,0.0,0.0,0.0,20,0.0,0.0,0.0,0.0,20,0.0,0.0,0.0,0.0,20,0.23648609345495938,-0.3048714258135341,0.7778436127234529,0.5413575192684935,20,
target_restriction_of_global,small_world_k2,75,complete,0.0,n_inverse_half,gamma_1.25_minus_1.0,1.0,1.25,20,-0.011666666666666676,-0.02279901157411245,-0.0005343217592209022,0.011132344907445774,20,0.0,0.0,0.0,0.0,20,-0.007333333333333336,-0.014277932564524,-0.0003887341021426719,0.006944599231190664,20,-0.029999999999999992,-0.06074605129850895,0.0007460512985089686,0.03074605129850896,20,0.030000000000000006,-0.0007460512985089686,0.06074605129850898,0.030746051298508974,20,0.0,0.0,0.0,0.0,20,-20.6,-50.426568730862726,9.226568730862727,29.82656873086273,20,401.0,401.0,401.0,0.0,20,401.0,401.0,401.0,0.0,20,0.0,0.0,0.0,0.0,20,0.5919642379449445,-0.6272249497773653,1.8111534256672543,1.2191891877223098,20,
target_restriction_of_global,small_world_k2,75,self_masking_gaussian_preserving,0.3,n_inverse_half,gamma_1.25_minus_1.0,1.0,1.25,20,0.0,0.0,0.0,0.0,20,0.0,0.0,0.0,0.0,20,0.0,0.0,0.0,0.0,20,0.0,0.0,0.0,0.0,20,0.0,0.0,0.0,0.0,20,0.0,0.0,0.0,0.0,20,-18.75,-40.390755915989416,2.8907559159894163,21.640755915989416,20,92.65,87.18514792527688,98.11485207472313,5.4648520747231215,20,195.9,194.80345975556827,196.99654024443174,1.0965402444317478,20,0.0003201378870803212,-0.00030941681119768565,0.000949692585358328,0.0006295546982780069,20,-0.21306636174516108,-1.1564782453954157,0.7303455219050936,0.9434118836502546,20,
target_restriction_of_global,small_world_k2,75,self_masking_logistic_population,0.3,n_inverse_half,gamma_1.25_minus_1.0,1.0,1.25,20,0.0033333333333333435,-0.0014683931611748783,0.008135059827841566,0.004801726494508222,20,0.0,0.0,0.0,0.0,20,0.0019999999999999905,-0.00088103589670492,0.004881035896704901,0.0028810358967049105,20,0.009999999999999998,-0.004405179483524618,0.024405179483524615,0.014405179483524617,20,-0.01,-0.024405179483524622,0.004405179483524622,0.014405179483524622,20,0.0,0.0,0.0,0.0,20,-10.0,-29.36114237847636,9.361142378476359,19.36114237847636,20,92.0,83.39030220566833,100.60969779433167,8.609697794331668,20,195.775,195.12865925359543,196.42134074640458,0.6463407464045763,20,0.00016389580118229553,-0.0004382568092564611,0.0007660484116210522,0.0006021526104387566,20,0.8890245786749471,-0.16742896681929786,1.945478124169192,1.056453545494245,20,
target_restriction_of_global,small_world_k2,100,complete,0.0,n_inverse_half,gamma_1.25_minus_1.0,1.0,1.25,20,0.0008333333333333359,-0.01585319399443672,0.01751986066110339,0.016686527327770054,20,0.0,0.0,0.0,0.0,20,0.0006666666666666765,-0.009848517473313206,0.011181850806646559,0.010515184139979882,20,0.0,-0.04294794740432848,0.04294794740432848,0.04294794740432848,20,-1.3877787807814458e-18,-0.042947947404328495,0.042947947404328495,0.042947947404328495,20,0.0,0.0,0.0,0.0,20,-51.75,-106.1645737369585,2.664573736958502,54.4145737369585,20,947.0,947.0,947.0,0.0,20,947.0,947.0,947.0,0.0,20,0.0,0.0,0.0,0.0,20,0.2071486141999955,-3.7169557988627875,4.131253027262779,3.924104413062783,20,
target_restriction_of_global,small_world_k2,100,self_masking_gaussian_preserving,0.3,n_inverse_half,gamma_1.25_minus_1.0,1.0,1.25,20,0.0,0.0,0.0,0.0,20,0.0,0.0,0.0,0.0,20,0.0,0.0,0.0,0.0,20,0.0,0.0,0.0,0.0,20,0.0,0.0,0.0,0.0,20,0.0,0.0,0.0,0.0,20,-34.9,-66.7683826462647,-3.031617353735296,31.868382646264703,20,210.3,194.48335782578343,226.1166421742166,15.816642174216572,20,463.125,462.04094975868753,464.20905024131247,1.084050241312488,20,0.0005451219812109803,-7.577217049446262e-05,0.0011660161329164233,0.0006208941517054429,20,-1.3017148932748543,-5.117809908275846,2.5143801217261377,3.816095015000992,20,
target_restriction_of_global,small_world_k2,100,self_masking_logistic_population,0.3,n_inverse_half,gamma_1.25_minus_1.0,1.0,1.25,20,-0.0016666666666666718,-0.00515504009068053,0.0018217067573471865,0.0034883734240138582,20,0.0,0.0,0.0,0.0,20,-0.0009999999999999953,-0.003093024054408294,0.0010930240544083035,0.002093024054408299,20,-0.004999999999999999,-0.015465120272041541,0.0054651202720415425,0.010465120272041542,20,0.005,-0.005465120272041545,0.015465120272041544,0.010465120272041545,20,0.0,0.0,0.0,0.0,20,-20.8,-52.06274284680761,10.462742846807604,31.262742846807605,20,206.65,169.00823878854544,244.29176121145457,37.64176121145455,20,463.075,461.8981483613577,464.2518516386423,1.1768516386422838,20,0.0004416353492902897,-0.0001261455941758296,0.001009416292756409,0.0005677809434661193,20,2.360484022264964,-1.1482438771288388,5.869211921658767,3.508727899393803,20,
global_whole_skeleton,er_expected_degree_2,20,,,n_inverse_half,quadratic_minus_complete,complete,self_masking_gaussian_preserving,20,0.03570173676437978,0.012603720431720745,0.05879975309703882,0.023098016332659035,20,-0.03407517001495834,-0.05267464633496492,-0.015475693694951758,0.018599476320006584,20,-0.0009729520396527302,-0.017754135728706676,0.015808231649401212,0.016781183689053944,20,0.0,-0.15184392423821927,0.15184392423821927,0.15184392423821927,20,-0.75,-1.202357296599216,-0.29764270340078414,0.45235729659921586,20,0.75,0.35186187179519374,1.1481381282048062,0.39813812820480626,20,-146.85,-223.29738784979716,-70.40261215020283,76.44738784979717,20,-821.75,-834.2795392155741,-809.2204607844259,12.529539215574077,20,-640.85,-653.0706297674311,-628.6293702325689,12.220629767431108,20,-0.6201892327016116,-0.6294366900463464,-0.6109417753568769,0.009247457344734799,20,-0.6751452030999531,-1.2870051448363367,-0.06328526136356949,0.6118599417363836,20,1.0
global_whole_skeleton,er_expected_degree_2,20,,,n_inverse_half,quadratic_minus_complete,complete,self_masking_gaussian_preserving,20,0.016024150418836793,-0.007474415315271005,0.03952271615294459,0.023498565734107798,20,-0.04739424896232676,-0.06669457232726228,-0.028093925597391236,0.019300323364935524,20,-0.018075037923573817,-0.03461325044612852,-0.0015368254010191124,0.016538212522554704,20,-0.2,-0.44484097094432834,0.04484097094432832,0.24484097094432833,20,-0.35,-0.8124389199859543,0.11243891998595429,0.46243891998595427,20,1.05,0.6079541959758852,1.492045804024115,0.4420458040241148,20,-169.95,-260.8471359517483,-79.05286404825166,90.89713595174833,20,-652.6,-662.9314141859927,-642.2685858140073,10.331414185992669,20,-508.725,-518.3684266978582,-499.08157330214186,9.643426697858187,20,-0.6170150548149689,-0.6260581744062946,-0.6079719352236431,0.009043119591325793,20,-1.5356907978998264,-2.2757936040407296,-0.7955879917589231,0.7401028061409033,20,1.25
global_whole_skeleton,er_expected_degree_2,50,,,n_inverse_half,quadratic_minus_complete,complete,self_masking_gaussian_preserving,20,0.03337291980593579,0.02047492664890476,0.04627091296296682,0.012897993157031029,20,-0.017661149315244144,-0.028227280899753286,-0.007095017730735004,0.01056613158450914,20,0.007738048355505994,-0.00209184603390358,0.01756794274491557,0.009829894389409575,20,0.1,-0.04405179483524621,0.24405179483524622,0.14405179483524622,20,-1.7,-2.3279072163224925,-1.0720927836775074,0.6279072163224926,20,1.0,0.37393146175753633,1.6260685382424636,0.6260685382424637,20,-678.9,-972.581219638773,-385.218780361227,293.681219638773,20,-2101.0,-2108.440352287673,-2093.559647712327,7.440352287672744,20,-1542.725,-1609.060094459003,-1476.3899055409968,66.33509445900317,20,-0.6105996480111194,-0.6218086904717874,-0.5993906055504514,0.011209042460668006,20,-4.700497056550114,-7.159050813793718,-2.2419432993065103,2.458553757243604,20,1.0
global_whole_skeleton,er_expected_degree_2,50,,,n_inverse_half,quadratic_minus_complete,complete,self_masking_gaussian_preserving,20,0.03337291980593579,0.020474926648904768,0.046270912962966815,0.012897993157031025,20,-0.017661149315244144,-0.028227280899753283,-0.007095017730735006,0.010566131584509138,20,0.007738048355505994,-0.00209184603390358,0.01756794274491557,0.009829894389409575,20,0.1,-0.04405179483524621,0.24405179483524622,0.14405179483524622,20,-1.7,-2.3279072163224925,-1.0720927836775074,0.6279072163224926,20,1.0,0.37393146175753633,1.6260685382424636,0.6260685382424637,20,-678.9,-972.5812196387728,-385.21878036122706,293.6812196387729,20,-2101.0,-2108.440352287673,-2093.559647712327,7.440352287672744,20,-1542.725,-1609.060094459003,-1476.3899055409968,66.33509445900317,20,-0.6105996480111194,-0.6218086904717874,-0.5993906055504514,0.011209042460668008,20,-5.179070952000086,-8.463046300953316,-1.895095603046856,3.28397534895323,20,1.25
global_whole_skeleton,er_expected_degree_2,75,,,n_inverse_half,quadratic_minus_complete,complete,self_masking_gaussian_preserving,20,0.047049992660093826,0.0361202626990435,0.057979722621144154,0.010929729961050329,20,-0.013802297688979105,-0.019430040881608223,-0.008174554496349986,0.0056277431926291185,20,0.017230878723775565,0.011143368529943751,0.02331838891760738,0.006087510193831814,20,0.2,0.007930940219671695,0.39206905978032836,0.19206905978032832,20,-3.65,-4.4715724564997394,-2.82842754350026,0.82157245649974,20,1.05,0.6079541959758853,1.492045804024115,0.44204580402411475,20,-1180.05,-1629.9024182423168,-730.197581757683,449.85241824231696,20,-3144.35,-3151.341872745857,-3137.358127254143,6.991872745856923,20,-2257.175,-2366.4269745447127,-2147.9230254552876,109.25197454471255,20,-0.5983681789441755,-0.6076285033111618,-0.5891078545771892,0.00926032436698636,20,-9.530839948500034,-13.832687720890485,-5.228992176109584,4.301847772390451,20,1.0
global_whole_skeleton,er_expected_degree_2,75,,,n_inverse_half,quadratic_minus_complete,complete,self_masking_gaussian_preserving,20,0.04405211887513097,0.03176838955654182,0.05633584819372012,0.012283729318589147,20,-0.011130673297549576,-0.016276705669738743,-0.005984640925360409,0.005146032372189167,20,0.01704846561345729,0.010202002705616532,0.02389492852129805,0.0068464629078407585,20,0.2,0.007930940219671695,0.39206905978032836,0.19206905978032832,20,-3.4,-4.340942383675847,-2.4590576163241535,0.9409423836758464,20,0.85,0.4404434104282393,1.2595565895717606,0.40955658957176067,20,-1100.65,-1538.5727812077098,-662.7272187922903,437.9227812077098,20,-3479.5,-3487.2477609071016,-3471.7522390928984,7.7477609071014575,20,-2479.125,-2604.1734701670766,-2354.0765298329234,125.04847016707679,20,-0.5994354476919821,-0.6086789007746825,-0.5901919946092817,0.009243453082700307,20,-7.697406439699876,-11.677719662095427,-3.717093217304325,3.9803132223955506,20,1.25
global_whole_skeleton,er_expected_degree_2,100,,,n_inverse_half,quadratic_minus_complete,complete,self_masking_gaussian_preserving,20,0.05598702766236836,0.04408274698829089,0.06789130833644583,0.01190428067407747,20,-0.010619948870163293,-0.016108756627916478,-0.005131141112410108,0.005488807757753185,20,0.023685440252357866,0.016049956252695854,0.03132092425201988,0.007635483999662011,20,0.1,-0.04405179483524621,0.24405179483524622,0.14405179483524622,20,-5.7,-6.806482831371593,-4.5935171686284075,1.1064828313715924,20,1.1,0.5138745849324354,1.6861254150675649,0.5861254150675647,20,-1465.75,-1948.5732781892186,-982.9267218107814,482.8232781892187,20,-4187.95,-4196.634987985848,-4179.265012014152,8.684987985847872,20,-2852.2,-3005.7797971775253,-2698.6202028224743,153.5797971775257,20,-0.588910637728757,-0.5973877077059803,-0.5804335677515337,0.008477069977223355,20,-12.587872258649895,-20.0324847976054,-5.143259719694391,7.4446125389555045,20,1.0
global_whole_skeleton,er_expected_degree_2,100,,,n_inverse_half,quadratic_minus_complete,complete,self_masking_gaussian_preserving,20,0.04973449008785352,0.037500152401644136,0.06196882777406291,0.012234337686209388,20,-0.008858818122359696,-0.01432166123025874,-0.003395975014460652,0.005462843107899044,20,0.021448850613429677,0.014130133397262521,0.028767567829596833,0.007318717216167156,20,0.05,-0.05465120272041543,0.15465120272041544,0.10465120272041543,20,-5.1,-6.304266878202296,-3.8957331217977034,1.2042668782022965,20,0.9,0.35462870672174107,1.445371293278259,0.545371293278259,20,-1413.9,-1945.8734138705422,-881.926586129458,531.9734138705421,20,-4978.6,-4988.397640228528,-4968.802359771473,9.797640228527156,20,-3393.45,-3577.6127988111284,-3209.287201188871,184.16279881112877,20,-0.5897568993312333,-0.5982324728004784,-0.5812813258619882,0.00847557346924508,20,-12.876764304250106,-22.732215393694357,-3.021313214805854,9.855451089444252,20,1.25
global_whole_skeleton,er_expected_degree_2,150,,,n_inverse_half,quadratic_minus_complete,complete,self_masking_gaussian_preserving,20,0.05817378027290535,0.04986046108782095,0.06648709945798977,0.008313319185084407,20,-0.0024723051065257628,-0.004848529369479011,-9.608084357251492e-05,0.002376224262953248,20,0.028840656748909687,0.024019105962781787,0.03366220753503758,0.0048215507861279,20,0.25,0.04207914368655463,0.45792085631344537,0.20792085631344537,20,-9.3,-10.553057427271803,-8.046942572728199,1.253057427271802,20,0.4,0.015861880439343445,0.7841381195606566,0.3841381195606566,20,-2594.0,-3454.7697916233924,-1733.2302083766076,860.7697916233925,20,-6285.65,-6289.719516320192,-6281.580483679807,4.069516320192584,20,-4311.3,-4547.04516709026,-4075.5548329097405,235.74516709025983,20,-0.5831103101267092,-0.5904326908313228,-0.5757879294220957,0.007322380704613535,20,-26.10359613729984,-42.001951179322596,-10.20524109527708,15.898355042022759,20,1.0
global_whole_skeleton,er_expected_degree_2,150,,,n_inverse_half,quadratic_minus_complete,complete,self_masking_gaussian_preserving,20,0.043784251988939565,0.033790469423815334,0.0537780345540638,0.009993782565124235,20,-0.0021736750387874202,-0.003896715416188577,-0.00045063466138626357,0.0017230403774011567,20,0.021517651168797038,0.0159804692452423,0.027054833092351776,0.005537181923554739,20,0.15,-0.021455930469841594,0.32145593046984156,0.1714559304698416,20,-6.95,-8.472041263250453,-5.427958736749546,1.5220412632504539,20,0.35,0.07520864142152628,0.6247913585784737,0.2747913585784737,20,-2326.45,-3107.7329031980066,-1545.167096801993,781.2829031980069,20,-8257.45,-8262.810918505724,-8252.089081494278,5.360918505722334,20,-5620.85,-5931.564867567065,-5310.135132432935,310.71486756706497,20,-0.5840431995398274,-0.5916982480946213,-0.5763881509850335,0.007655048554793929,20,-31.71995394979981,-49.587006658714316,-13.852901240885306,17.867052708914503,20,1.25
global_whole_skeleton,random_regular_d2,20,,,n_inverse_half,quadratic_minus_complete,complete,self_masking_gaussian_preserving,20,0.012036340852130312,0.0020089956372126416,0.022063686067047984,0.01002734521491767,20,0.0,-0.00759219621191097,0.00759219621191097,0.00759219621191097,20,0.006031648069517126,0.0009407549678384095,0.011122541171195842,0.005090893101678717,20,0.15,-0.021455930469841594,0.32145593046984156,0.1714559304698416,20,-0.25,-0.45792085631344537,-0.04207914368655463,0.20792085631344537,20,0.0,-0.15184392423821927,0.15184392423821927,0.15184392423821927,20,-22.8,-39.96749851765499,-5.632501482345013,17.167498517654987,20,-721.4,-739.8984293051248,-702.9015706948752,18.498429305124812,20,-551.45,-571.5784714903692,-531.3215285096309,20.1284714903692,20,-0.577388727835842,-0.5813120013487665,-0.5734654543229176,0.003923273512924484,20,0.07325137300007323,-0.12931086035821812,0.2758136063583646,0.20256223335829135,20,1.0
global_whole_skeleton,random_regular_d2,20,,,n_inverse_half,quadratic_minus_complete,complete,self_masking_gaussian_preserving,20,0.009893483709273176,0.00038193733041452967,0.019405030088131825,0.009511546378858647,20,-0.0075000000000000015,-0.01607279652349208,0.001072796523492077,0.008572796523492078,20,0.0009579177775583536,-0.00616279064920387,0.008078626204320576,0.0071207084267622235,20,0.0,-0.21473973702164245,0.21473973702164245,0.21473973702164245,20,-0.2,-0.3920690597803283,-0.007930940219671723,0.1920690597803283,20,0.15,-0.021455930469841594,0.32145593046984156,0.1714559304698416,20,-21.1,-36.770778521294226,-5.429221478705777,15.670778521294224,20,-573.6,-587.954994051264,-559.2450059487361,14.354994051263903,20,-446.725,-464.6666102451805,-428.78338975481955,17.941610245180456,20,-0.5778354573162394,-0.5824181838352311,-0.5732527307972477,0.004582726518991767,20,-0.016203291449926393,-0.26748537559229746,0.2350787926924447,0.2512820841423711,20,1.25
global_whole_skeleton,random_regular_d2,50,,,n_inverse_half,quadratic_minus_complete,complete,self_masking_gaussian_preserving,20,0.012489525724819811,0.003311630666903301,0.02166742078273632,0.00917789505791651,20,-0.0010000000000000009,-0.003093024054408312,0.00109302405440831,0.002093024054408311,20,0.005863765109542668,0.0008732262366122606,0.010854303982473076,0.004990538872930408,20,0.4,0.08148949743615502,0.718510502563845,0.318510502563845,20,-0.65,-1.1367302456657464,-0.16326975433425361,0.4867302456657464,20,0.05,-0.05465120272041542,0.15465120272041544,0.10465120272041542,20,-31.55,-52.10535773006562,-10.994642269934385,20.555357730065616,20,-1839.65,-1884.4105588378957,-1794.8894411621045,44.76055883789566,20,-1287.175,-1289.5605388480153,-1284.7894611519846,2.3855388480153956,20,-0.5538557807588691,-0.5554936815800382,-0.5522178799377,0.001637900821169078,20,-0.031626452499802046,-0.8532384521723833,0.7899855471727792,0.8216119996725813,20,1.0
global_whole_skeleton,random_regular_d2,50,,,n_inverse_half,quadratic_minus_complete,complete,self_masking_gaussian_preserving,20,0.012489525724819811,0.003311630666903301,0.02166742078273632,0.00917789505791651,20,-0.0010000000000000009,-0.003093024054408312,0.00109302405440831,0.002093024054408311,20,0.005863765109542668,0.0008732262366122606,0.010854303982473076,0.004990538872930408,20,0.4,0.08148949743615502,0.718510502563845,0.318510502563845,20,-0.65,-1.1367302456657464,-0.16326975433425361,0.4867302456657464,20,0.05,-0.05465120272041542,0.15465120272041544,0.10465120272041542,20,-31.55,-52.10535773006562,-10.994642269934385,20.555357730065616,20,-1839.65,-1884.4105588378957,-1794.8894411621045,44.76055883789566,20,-1287.175,-1289.5605388480153,-1284.7894611519846,2.3855388480153956,20,-0.5538557807588692,-0.5554936815800383,-0.5522178799377001,0.0016379008211690777,20,-0.059368123550063864,-0.9865121424737593,0.8677758953736316,0.9271440189236955,20,1.25
global_whole_skeleton,random_regular_d2,75,,,n_inverse_half,quadratic_minus_complete,complete,self_masking_gaussian_preserving,20,0.02382213056763357,0.01581948806646792,0.03182477306879922,0.008002642501165648,20,-0.001333333333333331,-0.004124032072544403,0.0014573654058777415,0.0027906987392110724,20,0.011433300976933236,0.007625560226421496,0.015241041727444976,0.0038077407505117404,20,0.65,0.42097224312031256,0.8790277568796875,0.22902775687968743,20,-1.85,-2.4811120133084716,-1.2188879866915285,0.6311120133084716,20,0.1,-0.10930240544083084,0.3093024054408309,0.20930240544083084,20,-97.95,-141.69382719292813,-54.20617280707187,43.74382719292813,20,-2692.55,-2766.915625842163,-2618.1843741578373,74.36562584216284,20,-1922.75,-1925.2674742685977,-1920.2325257314023,2.5174742685976086,20,-0.5436221641195924,-0.544650391074262,-0.5425939371649228,0.0010282269546696187,20,-0.7730759541998735,-2.686720858435213,1.140568950035466,1.9136449042353396,20,1.0
global_whole_skeleton,random_regular_d2,75,,,n_inverse_half,quadratic_minus_complete,complete,self_masking_gaussian_preserving,20,0.018800902628350973,0.01194916720529264,0.025652638051409306,0.006851735423058333,20,-0.001333333333333331,-0.004124032072544403,0.0014573654058777415,0.0027906987392110724,20,0.00884452678732458,0.005518809557602448,0.012170244017046713,0.003325717229722133,20,0.65,0.4209722431203126,0.8790277568796874,0.2290277568796874,20,-1.45,-1.98631222451812,-0.9136877754818798,0.5363122245181201,20,0.1,-0.10930240544083084,0.3093024054408309,0.20930240544083084,20,-96.6,-140.9031549374782,-52.29684506252178,44.30315493747821,20,-3044.1,-3118.508620319569,-2969.6913796804306,74.40862031956915,20,-2127.55,-2130.376398349444,-2124.7236016505562,2.8263983494440965,20,-0.5430321597290961,-0.5443273851406977,-0.5417369343174946,0.0012952254116015908,20,0.014677656400135585,-1.5113369503906937,1.540692263190965,1.5260146067908293,20,1.25
global_whole_skeleton,random_regular_d2,100,,,n_inverse_half,quadratic_minus_complete,complete,self_masking_gaussian_preserving,20,0.018032552826956004,0.012071899488100116,0.02399320616581189,0.005960653338855887,20,0.0,0.0,0.0,0.0,20,0.009122908107331813,0.00610753634476946,0.012138279869894165,0.003015371762562353,20,0.6,0.32001363798318483,0.8799863620168151,0.27998636201681515,20,-1.85,-2.4625730944256454,-1.2374269055743548,0.6125730944256452,20,0.0,0.0,0.0,0.0,20,-130.65,-194.72566671808246,-66.57433328191755,64.07566671808246,20,-3632.05,-3733.082304933841,-3531.0176950661594,101.03230493384063,20,-2560.775,-2563.4360349881717,-2558.1139650118284,2.6610349881714757,20,-0.5388835257200629,-0.5396668106773665,-0.5381002407627593,0.0007832849573036047,20,-0.2656285098001495,-3.663570272444492,3.1323132528441926,3.3979417626443422,20,1.0
global_whole_skeleton,random_regular_d2,100,,,n_inverse_half,quadratic_minus_complete,complete,self_masking_gaussian_preserving,20,0.017443272875057324,0.010600829127156479,0.02428571662295817,0.0068424437479008456,20,0.0,0.0,0.0,0.0,20,0.0088505268383746,0.005341612887097362,0.012359440789651838,0.0035089139512772378,20,0.65,0.42097224312031256,0.8790277568796875,0.22902775687968743,20,-1.8,-2.5218577751982747,-1.0781422248017254,0.7218577751982747,20,0.0,0.0,0.0,0.0,20,-99.1,-158.686872043909,-39.513127956090976,59.58687204390902,20,-4321.95,-4443.579113565944,-4200.320886434056,121.62911356594441,20,-3044.4,-3047.322354571628,-3041.4776454283724,2.92235457162785,20,-0.5382747931248804,-0.5391063151690625,-0.5374432710806982,0.000831522044182088,20,-2.7950446965496876,-5.844737122066192,0.254647728966817,3.0496924255165045,20,1.25
global_whole_skeleton,random_regular_d2,150,,,n_inverse_half,quadratic_minus_complete,complete,self_masking_gaussian_preserving,20,0.021580146107014454,0.0146871672654014,0.02847312494862751,0.0068929788416130545,20,-0.000666666666666682,-0.0016270119655683456,0.0002936786322349815,0.0009603452989016635,20,0.010640924141026487,0.007086329967389413,0.01419551831466356,0.003554594173637074,20,0.65,0.42097224312031256,0.8790277568796875,0.22902775687968743,20,-3.35,-4.437302167061385,-2.262697832938615,1.0873021670613847,20,0.1,-0.04405179483524621,0.24405179483524622,0.14405179483524622,20,-257.0,-341.4562131044322,-172.5437868955678,84.45621310443221,20,-5629.9,-5726.142807005957,-5533.657192994042,96.2428070059573,20,-3834.85,-3837.4101579091794,-3832.2898420908205,2.5601579091795976,20,-0.5329363243054515,-0.5335808894688818,-0.5322917591420211,0.0006445651634303369,20,0.7383420513500593,-5.545534504355861,7.02221860705598,6.283876555705921,20,1.0
global_whole_skeleton,random_regular_d2,150,,,n_inverse_half,quadratic_minus_complete,complete,self_masking_gaussian_preserving,20,0.015674793849673095,0.011611684772687052,0.01973790292665914,0.004063109076986043,20,0.0,0.0,0.0,0.0,20,0.007917696625946352,0.005846946025223602,0.009988447226669101,0.00207075060072275,20,1.0,1.0,1.0,0.0,20,-2.4,-3.0333912262640523,-1.7666087737359475,0.6333912262640525,20,0.0,0.0,0.0,0.0,20,-202.6,-274.3662000260111,-130.8337999739889,71.7662000260111,20,-7178.25,-7373.072434099717,-6983.427565900283,194.82243409971625,20,-5044.7,-5047.801112446128,-5041.5988875538715,3.101112446128759,20,-0.5317518164288043,-0.532296059266843,-0.5312075735907656,0.0005442428380387,20,-1.5519567791500777,-7.462132997185644,4.358219438885489,5.910176218035566,20,1.25
global_whole_skeleton,scale_free_m2,20,,,n_inverse_half,quadratic_minus_complete,complete,self_masking_gaussian_preserving,20,0.04486221423823236,0.030883284390716893,0.05884114408574783,0.01397892984751547,20,-0.1608108108108108,-0.19165148155500852,-0.1299701400666131,0.03084067074419772,20,-0.10266137819797479,-0.12841791683828044,-0.07690483955766915,0.02575653864030564,20,0.0,0.0,0.0,0.0,20,-1.5,-1.8871275663555922,-1.1128724336444078,0.38712756635559226,20,5.95,4.808895182464685,7.0911048175353155,1.1411048175353156,20,-1174.85,-1364.7426674990238,-984.9573325009761,189.8926674990238,20,-836.3,-844.1901878585684,-828.4098121414315,7.890187858568414,20,-657.575,-660.5401147104311,-654.609885289569,2.965114710431111,20,-0.6578328092781733,-0.6639915519806637,-0.6516740665756829,0.006158742702490345,20,-8.230670201099986,-9.586152551846284,-6.875187850353688,1.3554823507462979,20,1.0
global_whole_skeleton,scale_free_m2,20,,,n_inverse_half,quadratic_minus_complete,complete,self_masking_gaussian_preserving,20,0.03563762737542782,0.014033114488015114,0.057242140262840524,0.021604512887412705,20,-0.1621621621621622,-0.19499328091637178,-0.12933104340795262,0.03283111875420958,20,-0.10710910444990188,-0.13500331274314936,-0.07921489615665439,0.02789420829324748,20,0.0,0.0,0.0,0.0,20,-1.3,-1.9279072163224926,-0.6720927836775074,0.6279072163224927,20,6.0,4.785248606094246,7.214751393905754,1.2147513939057542,20,-1115.25,-1324.3731479181529,-906.1268520818472,209.12314791815277,20,-663.75,-670.6130682212159,-656.8869317787841,6.86306822121599,20,-521.5,-524.2854152779959,-518.7145847220041,2.785415277995884,20,-0.6515853238658958,-0.6572531749177916,-0.6459174728140001,0.005667851051895715,20,-7.498660041249968,-8.896079706423297,-6.101240376076638,1.3974196651733297,20,1.25
global_whole_skeleton,scale_free_m2,50,,,n_inverse_half,quadratic_minus_complete,complete,self_masking_gaussian_preserving,20,0.04446855367435089,0.03166336041953578,0.057273746929165995,0.012805193254815104,20,-0.14175257731958762,-0.15634317537585074,-0.1271619792633245,0.014590598056263128,20,-0.08279650688904923,-0.09439782948457558,-0.07119518429352288,0.011601322595526348,20,0.0,0.0,0.0,0.0,20,-3.9,-4.859144116068944,-2.9408558839310555,0.9591441160689446,20,13.75,12.334711988542477,15.165288011457523,1.4152880114575241,20,-11238.85,-12729.630451310002,-9748.069548689999,1490.7804513100014,20,-2114.55,-2120.532872210518,-2108.5671277894826,5.982872210517552,20,-1645.7,-1649.4842357456241,-1641.915764254376,3.7842357456241222,20,-0.6662220445158044,-0.6713003530007963,-0.6611437360308124,0.005078308484991944,20,-83.78257882474989,-96.40064343430882,-71.16451421519096,12.618064609558933,20,1.0
global_whole_skeleton,scale_free_m2,50,,,n_inverse_half,quadratic_minus_complete,complete,self_masking_gaussian_preserving,20,0.04446855367435089,0.03166336041953578,0.057273746929165995,0.012805193254815104,20,-0.14175257731958762,-0.15634317537585074,-0.1271619792633245,0.01459059805626313,20,-0.08279650688904924,-0.09439782948457559,-0.0711951842935229,0.01160132259552635,20,0.0,0.0,0.0,0.0,20,-3.9,-4.859144116068944,-2.9408558839310555,0.9591441160689446,20,13.75,12.334711988542477,15.165288011457523,1.4152880114575241,20,-11238.85,-12729.630451310002,-9748.069548689999,1490.7804513100014,20,-2114.55,-2120.532872210518,-2108.5671277894826,5.982872210517553,20,-1645.7,-1649.4842357456241,-1641.915764254376,3.7842357456241222,20,-0.6662220445158044,-0.6713003530007963,-0.6611437360308124,0.005078308484991944,20,-86.41788943025001,-102.23954727444197,-70.59623158605805,15.821657844191959,20,1.25
global_whole_skeleton,scale_free_m2,75,,,n_inverse_half,quadratic_minus_complete,complete,self_masking_gaussian_preserving,20,0.05011455163204067,0.03852309335051301,0.06170600991356833,0.011591458281527663,20,-0.12551020408163266,-0.14533844093868917,-0.10568196722457615,0.01982823685705651,20,-0.06509224042702257,-0.07968015759221825,-0.05050432326182688,0.014587917165195686,20,0.0,0.0,0.0,0.0,20,-6.6,-8.090856818888113,-5.109143181111886,1.4908568188881133,20,18.45,15.535249182012693,21.364750817987307,2.9147508179873065,20,-30113.15,-34783.07372294609,-25443.226277053916,4669.923722946086,20,-3174.9,-3180.615668326288,-3169.184331673712,5.715668326287938,20,-2479.125,-2486.5085327976626,-2471.7414672023374,7.383532797662734,20,-0.6766076280228916,-0.6820872270888678,-0.6711280289569155,0.005479599065976122,20,-240.2528765325494,-283.91152495269375,-196.59422811240506,43.65864842014434,20,1.0
global_whole_skeleton,scale_free_m2,75,,,n_inverse_half,quadratic_minus_complete,complete,self_masking_gaussian_preserving,20,0.04996614600919147,0.04047568124012838,0.05945661077825456,0.00949046476906309,20,-0.1261904761904762,-0.1448544901071909,-0.10752646227376148,0.018664013916714708,20,-0.06500601326721508,-0.07897299155557574,-0.05103903497885443,0.013966978288360654,20,0.0,0.0,0.0,0.0,20,-6.65,-7.931935079891968,-5.368064920108033,1.2819350798919675,20,18.55,15.806389954242938,21.293610045757063,2.7436100457570616,20,-32392.35,-37675.474691083764,-27109.225308916233,5283.124691083766,20,-3512.55,-3518.6925981785353,-3506.407401821465,6.14259817853491,20,-2761.3,-2798.1987296997763,-2724.401270300224,36.89872969977593,20,-0.6797558150563163,-0.6853800335903448,-0.6741315965222878,0.00562421853402848,20,-258.9936235409001,-310.399197069292,-207.58805001250823,51.40557352839186,20,1.25
global_whole_skeleton,small_world_k2,20,,,n_inverse_half,quadratic_minus_complete,complete,self_masking_gaussian_preserving,20,0.02077922077922076,0.004509730924626032,0.037048710633815485,0.016269489854594726,20,-0.0025000000000000022,-0.007732560136020779,0.0027325601360207747,0.005232560136020777,20,0.009519342446171714,0.0002627908197884287,0.018775894072554998,0.009256551626383286,20,0.25,-0.007463900029069048,0.507463900029069,0.25746390002906905,20,-0.45,-0.8052953150143412,-0.09470468498565882,0.3552953150143412,20,0.05,-0.05465120272041542,0.15465120272041544,0.10465120272041542,20,-38.45,-52.248991537404734,-24.65100846259527,13.798991537404733,20,-766.25,-786.3977348197185,-746.1022651802815,20.14773481971844,20,-586.625,-611.224521212616,-562.025478787384,24.599521212615986,20,-0.5860752278458405,-0.5915213775957858,-0.5806290780958953,0.0054461497499452656,20,0.017123860850040418,-0.2915384959743351,0.32578621767441596,0.30866235682437554,20,1.0
global_whole_skeleton,small_world_k2,20,,,n_inverse_half,quadratic_minus_complete,complete,self_masking_gaussian_preserving,20,0.014188311688311677,-0.0002473135874580083,0.028623936964081362,0.014435625275769685,20,-0.0025000000000000022,-0.007732560136020779,0.0027325601360207747,0.005232560136020777,20,0.005975386402215682,-0.002186638137164439,0.014137410941595803,0.00816202453938012,20,0.15,-0.1247913585784737,0.4247913585784737,0.2747913585784737,20,-0.3,-0.6074605129850896,0.007460512985089707,0.3074605129850897,20,0.05,-0.05465120272041542,0.15465120272041544,0.10465120272041542,20,-43.45,-61.59993862690047,-25.300061373099535,18.149938626900468,20,-611.25,-626.7431967163103,-595.7568032836897,15.493196716310301,20,-465.225,-483.3443572371419,-447.10564276285817,18.119357237141877,20,-0.5863765371246555,-0.5919387414653646,-0.5808143327839465,0.005562204340709064,20,-0.2201672323500929,-0.4300622937367287,-0.010272170963457061,0.20989506138663583,20,1.25
global_whole_skeleton,small_world_k2,50,,,n_inverse_half,quadratic_minus_complete,complete,self_masking_gaussian_preserving,20,0.014481772389652498,0.006337056612602067,0.02262648816670293,0.008144715777050431,20,-0.0010000000000000009,-0.003093024054408312,0.00109302405440831,0.002093024054408311,20,0.006862733674852378,0.002371123893344253,0.011354343456360504,0.004491609781508125,20,0.45,0.16694239770849517,0.7330576022915049,0.28305760229150484,20,-0.75,-1.1761109555720068,-0.3238890444279931,0.4261109555720069,20,0.05,-0.05465120272041542,0.15465120272041544,0.10465120272041542,20,-72.85,-103.24507094113919,-42.4549290588608,30.3950709411392,20,-1920.2,-1942.362243663239,-1898.037756336761,22.162243663238957,20,-1290.9,-1293.7035668729561,-1288.096433127044,2.8035668729560137,20,-0.5603432835741022,-0.5627411244724115,-0.5579454426757929,0.0023978408983093484,20,-0.386583443350003,-1.1318808342152056,0.3587139475151995,0.7452973908652025,20,1.0
global_whole_skeleton,small_world_k2,50,,,n_inverse_half,quadratic_minus_complete,complete,self_masking_gaussian_preserving,20,0.014481772389652498,0.006337056612602065,0.02262648816670293,0.008144715777050433,20,-0.0010000000000000009,-0.003093024054408312,0.00109302405440831,0.002093024054408311,20,0.006862733674852378,0.002371123893344253,0.011354343456360504,0.004491609781508125,20,0.45,0.16694239770849517,0.7330576022915049,0.28305760229150484,20,-0.75,-1.1761109555720068,-0.3238890444279931,0.4261109555720069,20,0.05,-0.05465120272041542,0.15465120272041544,0.10465120272041542,20,-72.85,-103.24507094113919,-42.4549290588608,30.395070941139192,20,-1920.2,-1942.362243663239,-1898.037756336761,22.162243663238957,20,-1290.9,-1293.7035668729561,-1288.096433127044,2.8035668729560137,20,-0.5603432835741022,-0.5627411244724115,-0.5579454426757929,0.0023978408983093484,20,-0.6435010563498735,-1.7441812365871228,0.4571791238873757,1.1006801802372492,20,1.25
global_whole_skeleton,small_world_k2,75,,,n_inverse_half,quadratic_minus_complete,complete,self_masking_gaussian_preserving,20,0.019927471235182743,0.013207432815393074,0.026647509654972413,0.00672003841978967,20,-0.0006666666666666598,-0.0020620160362721848,0.0007286827029388649,0.0013953493696055247,20,0.009799944338807931,0.006192635957315234,0.013407252720300628,0.003607308381492697,20,0.55,0.31111712307711625,0.7888828769228838,0.23888287692288376,20,-1.55,-2.08631222451812,-1.01368777548188,0.53631222451812,20,0.05,-0.05465120272041542,0.15465120272041544,0.10465120272041542,20,-144.8,-197.24896638597832,-92.3510336140217,52.448966385978316,20,-2899.25,-2933.440813117199,-2865.059186882801,34.19081311719915,20,-1926.125,-1929.0574704304265,-1923.1925295695735,2.932470430426478,20,-0.5504303366309143,-0.5523021162615311,-0.5485585570002975,0.0018717796306167889,20,-0.5003701124500133,-2.5204166124944107,1.519676387594384,2.0200465000443972,20,1.0
global_whole_skeleton,small_world_k2,75,,,n_inverse_half,quadratic_minus_complete,complete,self_masking_gaussian_preserving,20,0.023036731755919006,0.015414589279284598,0.030658874232553413,0.0076221424766344074,20,-0.0013333333333333196,-0.0032540239311365828,0.0005873572644699435,0.0019206905978032631,20,0.011076384606664958,0.0068648828400584205,0.015287886373271494,0.004211501766606537,20,0.35,0.07520864142152628,0.6247913585784737,0.2747913585784737,20,-1.8,-2.3997354469412064,-1.2002645530587939,0.5997354469412062,20,0.1,-0.04405179483524621,0.24405179483524622,0.14405179483524622,20,-142.95,-184.90551629982795,-100.99448370017203,41.95551629982797,20,-3207.6,-3245.6511906397322,-3169.5488093602676,38.05119063973223,20,-2131.225,-2134.432174996297,-2128.017825003703,3.207174996297114,20,-0.5501101987438338,-0.5517288280019218,-0.5484915694857458,0.0016186292580879563,20,-1.3053989182500572,-3.199517066599743,0.5887192300996289,1.894118148349686,20,1.25
global_whole_skeleton,small_world_k2,100,,,n_inverse_half,quadratic_minus_complete,complete,self_masking_gaussian_preserving,20,0.025563738979128198,0.01803783339721985,0.033089644561036545,0.007525905581908346,20,0.0,0.0,0.0,0.0,20,0.013011196914972845,0.009149706840415796,0.016872686989529893,0.003861490074557049,20,0.9,0.7559482051647538,1.0440517948352461,0.14405179483524622,20,-2.65,-3.4430120721797954,-1.8569879278202044,0.7930120721797955,20,0.0,0.0,0.0,0.0,20,-210.1,-278.9087406663026,-141.29125933369738,68.80874066630261,20,-3912.5,-3981.2987880081414,-3843.7012119918586,68.79878800814153,20,-2562.375,-2565.1091131433395,-2559.6408868566605,2.7341131433396506,20,-0.5452158726398174,-0.5467570727038968,-0.543674672575738,0.001541200064079434,20,-1.0834861402003302,-5.024909376497998,2.8579370960973374,3.9414232362976676,20,1.0
global_whole_skeleton,small_world_k2,100,,,n_inverse_half,quadratic_minus_complete,complete,self_masking_gaussian_preserving,20,0.030281067895337403,0.0230049702473457,0.03755716554332911,0.007276097647991703,20,0.0,0.0,0.0,0.0,20,0.015438433720626666,0.011677725366156893,0.01919914207509644,0.0037607083544697723,20,0.9,0.7559482051647538,1.0440517948352461,0.14405179483524622,20,-3.15,-3.928338980968338,-2.371661019031662,0.7783389809683381,20,0.0,0.0,0.0,0.0,20,-193.25,-237.32840423190976,-149.17159576809024,44.07840423190977,20,-4649.2,-4730.953197491432,-4567.446802508568,81.75319749143178,20,-3046.25,-3049.3688128447016,-3043.1311871552984,3.1188128447016803,20,-0.5446707506586065,-0.546190379533036,-0.543151121784177,0.001519628874429482,20,-2.592350263499953,-6.3209383309367695,1.1362378039368632,3.7285880674368164,20,1.25
target_restriction_of_global,er_expected_degree_2,20,,,n_inverse_half,quadratic_minus_complete,complete,self_masking_gaussian_preserving,20,0.02250000000000001,0.0007261424798388968,0.04427385752016112,0.021773857520161113,20,-0.03075,-0.04695948214214458,-0.014540517857855421,0.016209482142144578,20,-0.005547619047619046,-0.022721721594620103,0.01162648349938201,0.017174102547001056,20,-0.014999999999999996,-0.07237008291418849,0.04237008291418849,0.05737008291418849,20,-0.05499999999999999,-0.10643677914095248,-0.0035632208590475126,0.05143677914095248,20,0.1,0.049639067660667474,0.15036093233933254,0.05036093233933253,20,-146.85,-223.29738784979716,-70.40261215020283,76.44738784979717,20,-821.75,-834.2795392155741,-809.2204607844259,12.529539215574077,20,-640.85,-653.0706297674311,-628.6293702325689,12.220629767431108,20,-0.6201892327016116,-0.6294366900463464,-0.6109417753568769,0.009247457344734799,20,-0.6751461625149101,-1.2870070157384585,-0.06328530929136178,0.6118608532235483,20,1.0
target_restriction_of_global,er_expected_degree_2,20,,,n_inverse_half,quadratic_minus_complete,complete,self_masking_gaussian_preserving,20,0.011250000000000005,-0.005454509150575713,0.02795450915057572,0.016704509150575718,20,-0.03816666666666668,-0.05399719987757259,-0.022336133455760777,0.015830533210905905,20,-0.017438311688311687,-0.03291122625179023,-0.001965397124833148,0.015472914563478539,20,-0.059999999999999984,-0.11346976331235903,-0.006530236687640946,0.05346976331235904,20,-0.030000000000000006,-0.07046006661255524,0.01046006661255524,0.040460066612555246,20,0.13000000000000003,0.07941067223796222,0.18058932776203784,0.05058932776203782,20,-169.95,-260.8471359517483,-79.05286404825166,90.89713595174833,20,-652.6,-662.9314141859927,-642.2685858140073,10.331414185992669,20,-508.725,-518.3684266978582,-499.08157330214186,9.643426697858187,20,-0.6170150548149689,-0.6260581744062946,-0.6079719352236431,0.009043119591325798,20,-1.535691076095055,-2.275794551813635,-0.7955876003764752,0.7401034757185798,20,1.25
target_restriction_of_global,er_expected_degree_2,50,,,n_inverse_half,quadratic_minus_complete,complete,self_masking_gaussian_preserving,20,0.02904761904761906,0.01299355223421977,0.045101685861018356,0.01605406681339929,20,-0.01626785714285715,-0.027198366374373843,-0.005337347911340457,0.010930509231516693,20,0.00865379065379066,-0.005327111367174472,0.02263469267475579,0.013980902020965132,20,0.01499999999999999,-0.03367302456657464,0.06367302456657462,0.04867302456657463,20,-0.07500000000000001,-0.11481381282048064,-0.03518618717951938,0.03981381282048063,20,0.075,0.0272837867057105,0.1227162132942895,0.047716213294289496,20,-678.9,-972.581219638773,-385.218780361227,293.681219638773,20,-2101.0,-2108.440352287673,-2093.559647712327,7.440352287672744,20,-1542.725,-1609.060094459003,-1476.3899055409968,66.33509445900317,20,-0.6105996480111194,-0.6218086904717874,-0.5993906055504514,0.011209042460667996,20,-4.700496543490084,-7.159051000166274,-2.241942086813895,2.458554456676189,20,1.0
target_restriction_of_global,er_expected_degree_2,50,,,n_inverse_half,quadratic_minus_complete,complete,self_masking_gaussian_preserving,20,0.02904761904761906,0.01299355223421977,0.045101685861018356,0.01605406681339929,20,-0.01626785714285715,-0.027198366374373843,-0.005337347911340457,0.010930509231516693,20,0.00865379065379066,-0.005327111367174472,0.02263469267475579,0.013980902020965132,20,0.01499999999999999,-0.033673024566574644,0.06367302456657463,0.04867302456657464,20,-0.07500000000000001,-0.11481381282048064,-0.035186187179519386,0.039813812820480625,20,0.075,0.0272837867057105,0.1227162132942895,0.047716213294289496,20,-678.9,-972.5812196387728,-385.21878036122706,293.6812196387729,20,-2101.0,-2108.440352287673,-2093.559647712327,7.440352287672744,20,-1542.725,-1609.060094459003,-1476.3899055409968,66.33509445900317,20,-0.6105996480111194,-0.6218086904717874,-0.5993906055504514,0.011209042460667996,20,-5.1790723904850715,-8.463048460881582,-1.8950963200885602,3.2839760703965113,20,1.25
target_restriction_of_global,er_expected_degree_2,75,,,n_inverse_half,quadratic_minus_complete,complete,self_masking_gaussian_preserving,20,0.035880952380952395,0.017628429199905624,0.05413347556199917,0.01825252318104677,20,-0.00508730158730158,-0.009480816194705232,-0.0006937869798979267,0.004393514607403653,20,0.01952127937422058,0.007716585322482209,0.031325973425958956,0.011804694051738372,20,0.06499999999999999,0.021320121635962204,0.10867987836403778,0.043679878364037784,20,-0.095,-0.1392045804024115,-0.050795419597588515,0.044204580402411486,20,0.034999999999999996,0.003604639183875366,0.06639536081612463,0.03139536081612463,20,-1180.05,-1629.9024182423168,-730.197581757683,449.85241824231696,20,-3144.35,-3151.341872745857,-3137.358127254143,6.991872745856923,20,-2257.175,-2366.4269745447127,-2147.9230254552876,109.25197454471255,20,-0.5983681789441755,-0.6076285033111618,-0.5891078545771892,0.009260324366986358,20,-9.530840086965032,-13.832687755296318,-5.228992418633746,4.301847668331286,20,1.0
target_restriction_of_global,er_expected_degree_2,75,,,n_inverse_half,quadratic_minus_complete,complete,self_masking_gaussian_preserving,20,0.026714285714285725,0.010860135631263583,0.04256843579730787,0.015854150083022142,20,-0.004531746031746014,-0.008564779386040458,-0.0004987126774515698,0.004033033354294445,20,0.014192649670590873,0.003612388264494216,0.02477291107668753,0.010580261406096657,20,0.039999999999999994,-0.004008550255117635,0.08400855025511762,0.04400855025511763,20,-0.07,-0.11321553845057386,-0.026784461549426146,0.04321553845057386,20,0.03,0.003265118343820473,0.05673488165617953,0.026734881656179526,20,-1100.65,-1538.5727812077098,-662.7272187922903,437.9227812077098,20,-3479.5,-3487.2477609071016,-3471.7522390928984,7.7477609071014575,20,-2479.125,-2604.1734701670766,-2354.0765298329234,125.04847016707679,20,-0.5994354476919821,-0.6086789007746825,-0.5901919946092817,0.009243453082700314,20,-7.697406854490208,-11.677721367584171,-3.7170923413962456,3.980314513093963,20,1.25
target_restriction_of_global,er_expected_degree_2,100,,,n_inverse_half,quadratic_minus_complete,complete,self_masking_gaussian_preserving,20,0.029880952380952387,0.014241874793284353,0.045520029968620423,0.015639077587668034,20,-0.006595238095238093,-0.013066590644148765,-0.00012388554632742233,0.006471352548910671,20,0.015893162393162418,0.006110678157412907,0.02567564662891193,0.009782484235749511,20,0.039999999999999994,-0.001306013149135976,0.08130601314913596,0.04130601314913597,20,-0.07499999999999998,-0.11481381282048062,-0.03518618717951936,0.039813812820480625,20,0.035,0.003604639183875373,0.06639536081612463,0.03139536081612463,20,-1465.75,-1948.5732781892186,-982.9267218107814,482.8232781892187,20,-4187.95,-4196.634987985848,-4179.265012014152,8.684987985847872,20,-2852.2,-3005.7797971775253,-2698.6202028224743,153.5797971775257,20,-0.5889106377287571,-0.5973877077059804,-0.5804335677515338,0.008477069977223356,20,-12.587871165590006,-20.032484619652728,-5.143257711527285,7.44461345406272,20,1.0
target_restriction_of_global,er_expected_degree_2,100,,,n_inverse_half,quadratic_minus_complete,complete,self_masking_gaussian_preserving,20,0.04404761904761906,0.02287631046101937,0.06521892763421874,0.02117130858659969,20,-0.0040059523809523765,-0.009771847268668865,0.0017599425067641112,0.005765894887716488,20,0.026706349206349227,0.011862624865010806,0.041550073547687645,0.01484372434133842,20,0.07999999999999999,0.024002727596636964,0.135997272403363,0.055997272403363024,20,-0.10500000000000001,-0.15414444500769647,-0.05585555499230354,0.04914444500769647,20,0.02,-0.0044840970944328255,0.04448409709443282,0.024484097094432826,20,-1413.9,-1945.8734138705422,-881.926586129458,531.9734138705421,20,-4978.6,-4988.397640228528,-4968.802359771473,9.797640228527156,20,-3393.45,-3577.6127988111284,-3209.287201188871,184.16279881112877,20,-0.5897568993312334,-0.5982324728004785,-0.5812813258619883,0.008475573469245084,20,-12.876763135685007,-22.732216339167657,-3.021309932202355,9.855453203482652,20,1.25
target_restriction_of_global,er_expected_degree_2,150,,,n_inverse_half,quadratic_minus_complete,complete,self_masking_gaussian_preserving,20,0.0391666666666667,0.021766158267451784,0.05656717506588161,0.017400508399214913,20,-0.003928571428571437,-0.009816957683824453,0.0019598148266815807,0.005888386255253017,20,0.02302097902097905,0.009703616164497436,0.03633834187746066,0.013317362856481612,20,0.08,0.03813951891183383,0.12186048108816618,0.041860481088166174,20,-0.085,-0.12303682725117719,-0.04696317274882282,0.038036827251177185,20,0.015,-0.007902775687968752,0.03790277568796875,0.02290277568796875,20,-2594.0,-3454.7697916233924,-1733.2302083766076,860.7697916233925,20,-6285.65,-6289.719516320192,-6281.580483679807,4.069516320192584,20,-4311.3,-4547.04516709026,-4075.5548329097405,235.74516709025983,20,-0.5831103101267092,-0.5904326908313228,-0.5757879294220957,0.007322380704613532,20,-26.1035959076148,-42.00195117578973,-10.20524063943987,15.89835526817493,20,1.0
target_restriction_of_global,er_expected_degree_2,150,,,n_inverse_half,quadratic_minus_complete,complete,self_masking_gaussian_preserving,20,0.030416666666666665,0.012155238275789137,0.048678095057544196,0.018261428390877528,20,-0.003214285714285714,-0.008580039413480683,0.0021514679849092555,0.005365753699194969,20,0.018098901098901145,0.0057926945011112455,0.030405107696691046,0.0123062065977899,20,0.059999999999999984,0.015991449744882355,0.10400855025511761,0.04400855025511763,20,-0.07,-0.11580555137593751,-0.02419444862406251,0.045805551375937496,20,0.01,-0.0044051794835246235,0.024405179483524622,0.014405179483524624,20,-2326.45,-3107.7329031980066,-1545.167096801993,781.2829031980069,20,-8257.45,-8262.810918505724,-8252.089081494278,5.360918505722334,20,-5620.85,-5931.564867567065,-5310.135132432935,310.71486756706497,20,-0.5840431995398274,-0.5916982480946213,-0.5763881509850335,0.0076550485547939315,20,-31.719953658404982,-49.58700751332479,-13.852899803485172,17.86705385491981,20,1.25
target_restriction_of_global,random_regular_d2,20,,,n_inverse_half,quadratic_minus_complete,complete,self_masking_gaussian_preserving,20,0.0033333333333333435,-0.0014683931611748774,0.008135059827841564,0.004801726494508221,20,-0.0025000000000000022,-0.007732560136020779,0.0027325601360207747,0.005232560136020777,20,0.00033333333333331885,-0.0022425491536274544,0.002909215820294092,0.002575882486960773,20,0.004999999999999999,-0.0054651202720415425,0.015465120272041541,0.010465120272041542,20,-0.01,-0.024405179483524622,0.004405179483524622,0.014405179483524622,20,0.005,-0.005465120272041545,0.015465120272041544,0.010465120272041545,20,-22.8,-39.96749851765499,-5.632501482345013,17.167498517654987,20,-721.4,-739.8984293051248,-702.9015706948752,18.498429305124812,20,-551.45,-571.5784714903692,-531.3215285096309,20.1284714903692,20,-0.577388727835842,-0.5813120013487665,-0.5734654543229176,0.003923273512924482,20,0.0732499486699044,-0.1293120597649442,0.275811957104753,0.2025620084348486,20,1.0
target_restriction_of_global,random_regular_d2,20,,,n_inverse_half,quadratic_minus_complete,complete,self_masking_gaussian_preserving,20,0.0016666666666666607,-0.006296095897429468,0.00962942923076279,0.00796276256409613,20,-0.0025000000000000022,-0.007732560136020779,0.0027325601360207747,0.005232560136020777,20,-0.0006666666666666655,-0.006646910246801983,0.005313576913468653,0.005980243580135318,20,0.0,-0.026300139160123505,0.026300139160123505,0.026300139160123505,20,-0.005,-0.028888287692288378,0.018888287692288376,0.023888287692288377,20,0.005,-0.005465120272041545,0.015465120272041544,0.010465120272041545,20,-21.1,-36.770778521294226,-5.429221478705777,15.670778521294224,20,-573.6,-587.954994051264,-559.2450059487361,14.354994051263903,20,-446.725,-464.6666102451805,-428.78338975481955,17.941610245180456,20,-0.5778354573162394,-0.5824181838352311,-0.5732527307972477,0.0045827265189917685,20,-0.016204034254823207,-0.2674865105355396,0.23507844202589323,0.2512824762807164,20,1.25
target_restriction_of_global,random_regular_d2,50,,,n_inverse_half,quadratic_minus_complete,complete,self_masking_gaussian_preserving,20,0.008333333333333349,-0.00024879666763562985,0.016915463334302328,0.008582130000968979,20,-0.0025000000000000022,-0.007732560136020779,0.0027325601360207747,0.005232560136020777,20,0.0033333333333333158,-0.003187907036461976,0.009854573703128608,0.006521240369795292,20,0.019999999999999997,-0.008810358967049237,0.04881035896704923,0.028810358967049234,20,-0.025,-0.05074639000290691,0.0007463900029069138,0.025746390002906915,20,0.005,-0.005465120272041545,0.015465120272041544,0.010465120272041545,20,-31.55,-52.10535773006562,-10.994642269934385,20.555357730065616,20,-1839.65,-1884.4105588378957,-1794.8894411621045,44.76055883789566,20,-1287.175,-1289.5605388480153,-1284.7894611519846,2.3855388480153956,20,-0.5538557807588691,-0.5554936815800382,-0.5522178799377,0.0016379008211690692,20,-0.03162577164990941,-0.8532383574252856,0.7899868141254668,0.8216125857753762,20,1.0
target_restriction_of_global,random_regular_d2,50,,,n_inverse_half,quadratic_minus_complete,complete,self_masking_gaussian_preserving,20,0.008333333333333349,-0.00024879666763562985,0.016915463334302328,0.008582130000968979,20,-0.0025000000000000022,-0.007732560136020779,0.0027325601360207747,0.005232560136020777,20,0.0033333333333333158,-0.003187907036461976,0.009854573703128608,0.006521240369795292,20,0.019999999999999997,-0.00881035896704924,0.04881035896704923,0.028810358967049237,20,-0.025,-0.05074639000290691,0.0007463900029069138,0.025746390002906915,20,0.005,-0.005465120272041545,0.015465120272041544,0.010465120272041545,20,-31.55,-52.10535773006562,-10.994642269934385,20.555357730065616,20,-1839.65,-1884.4105588378957,-1794.8894411621045,44.76055883789566,20,-1287.175,-1289.5605388480153,-1284.7894611519846,2.3855388480153956,20,-0.5538557807588692,-0.5554936815800383,-0.5522178799377001,0.0016379008211690692,20,-0.05936828951506414,-0.9865129752327795,0.8677763962026512,0.9271446857177154,20,1.25
target_restriction_of_global,random_regular_d2,75,,,n_inverse_half,quadratic_minus_complete,complete,self_masking_gaussian_preserving,20,0.008333333333333354,-0.0002487966676356333,0.01691546333430234,0.008582130000968987,20,0.0,0.0,0.0,0.0,20,0.004999999999999988,-0.00014927800058138659,0.010149278000581363,0.0051492780005813745,20,0.024999999999999994,-0.0007463900029069069,0.0507463900029069,0.0257463900029069,20,-0.025,-0.05074639000290691,0.0007463900029069104,0.025746390002906912,20,0.0,0.0,0.0,0.0,20,-97.95,-141.69382719292813,-54.20617280707187,43.74382719292813,20,-2692.55,-2766.915625842163,-2618.1843741578373,74.36562584216284,20,-1922.75,-1925.2674742685977,-1920.2325257314023,2.5174742685976086,20,-0.5436221641195924,-0.544650391074262,-0.5425939371649228,0.0010282269546696284,20,-0.7730757150148694,-2.6867217723670587,1.1405703423373197,1.9136460573521892,20,1.0
target_restriction_of_global,random_regular_d2,75,,,n_inverse_half,quadratic_minus_complete,complete,self_masking_gaussian_preserving,20,0.005000000000000016,-0.000715197682328055,0.010715197682328086,0.005715197682328071,20,0.0,0.0,0.0,0.0,20,0.002999999999999986,-0.00042911860939682904,0.006429118609396801,0.0034291186093968152,20,0.014999999999999996,-0.002145593046984154,0.032145593046984146,0.01714559304698415,20,-0.015000000000000003,-0.03214559304698416,0.002145593046984154,0.017145593046984157,20,0.0,0.0,0.0,0.0,20,-96.6,-140.9031549374782,-52.29684506252178,44.30315493747821,20,-3044.1,-3118.508620319569,-2969.6913796804306,74.40862031956915,20,-2127.55,-2130.376398349444,-2124.7236016505562,2.8263983494440965,20,-0.5430321597290961,-0.5443273851406977,-0.5417369343174946,0.0012952254116015954,20,0.014677670295352474,-1.5113384216660142,1.540693762256719,1.5260160919613666,20,1.25
target_restriction_of_global,random_regular_d2,100,,,n_inverse_half,quadratic_minus_complete,complete,self_masking_gaussian_preserving,20,0.00833333333333336,-0.0002487966676356368,0.016915463334302355,0.008582130000968996,20,0.0,0.0,0.0,0.0,20,0.004999999999999977,-0.00014927800058138051,0.010149278000581335,0.005149278000581357,20,0.024999999999999994,-0.0007463900029069104,0.0507463900029069,0.025746390002906905,20,-0.025,-0.05074639000290691,0.0007463900029069138,0.025746390002906915,20,0.0,0.0,0.0,0.0,20,-130.65,-194.72566671808246,-66.57433328191755,64.07566671808246,20,-3632.05,-3733.082304933841,-3531.0176950661594,101.03230493384063,20,-2560.775,-2563.4360349881717,-2558.1139650118284,2.6610349881714757,20,-0.5388835257200629,-0.5396668106773665,-0.5381002407627593,0.0007832849573036026,20,-0.2656291892851909,-3.663573207003635,3.1323148284332536,3.3979440177184443,20,1.0
target_restriction_of_global,random_regular_d2,100,,,n_inverse_half,quadratic_minus_complete,complete,self_masking_gaussian_preserving,20,0.015000000000000041,0.005564746590283191,0.02443525340971689,0.00943525340971685,20,0.0,0.0,0.0,0.0,20,0.00899999999999997,0.0033388479541698853,0.014661152045830055,0.0056611520458300845,20,0.04499999999999999,0.016694239770849512,0.07330576022915047,0.02830576022915048,20,-0.045,-0.07330576022915049,-0.016694239770849512,0.028305760229150486,20,0.0,0.0,0.0,0.0,20,-99.1,-158.686872043909,-39.513127956090976,59.58687204390902,20,-4321.95,-4443.579113565944,-4200.320886434056,121.62911356594441,20,-3044.4,-3047.322354571628,-3041.4776454283724,2.92235457162785,20,-0.5382747931248804,-0.5391063151690625,-0.5374432710806982,0.0008315220441820894,20,-2.7950429796849052,-5.8447368149792025,0.25465085560939205,3.0496938352942973,20,1.25
target_restriction_of_global,random_regular_d2,150,,,n_inverse_half,quadratic_minus_complete,complete,self_masking_gaussian_preserving,20,0.01000000000000002,0.0010883727812735014,0.018911627218726537,0.008911627218726518,20,0.0,0.0,0.0,0.0,20,0.005999999999999983,0.0006530236687640875,0.011346976331235877,0.005346976331235895,20,0.029999999999999992,0.00326511834382048,0.0567348816561795,0.026734881656179512,20,-0.030000000000000006,-0.05673488165617953,-0.00326511834382048,0.026734881656179526,20,0.0,0.0,0.0,0.0,20,-257.0,-341.4562131044322,-172.5437868955678,84.45621310443221,20,-5629.9,-5726.142807005957,-5533.657192994042,96.2428070059573,20,-3834.85,-3837.4101579091794,-3832.2898420908205,2.5601579091795976,20,-0.5329363243054515,-0.5335808894688818,-0.5322917591420211,0.000644565163430338,20,0.7383423440200503,-5.545535722703017,7.022220410743117,6.283878066723067,20,1.0
target_restriction_of_global,random_regular_d2,150,,,n_inverse_half,quadratic_minus_complete,complete,self_masking_gaussian_preserving,20,0.01000000000000002,0.0010883727812735014,0.018911627218726537,0.008911627218726518,20,0.0,0.0,0.0,0.0,20,0.005999999999999983,0.0006530236687640875,0.011346976331235877,0.005346976331235895,20,0.029999999999999992,0.00326511834382048,0.0567348816561795,0.026734881656179512,20,-0.030000000000000006,-0.05673488165617953,-0.00326511834382048,0.026734881656179526,20,0.0,0.0,0.0,0.0,20,-202.6,-274.3662000260111,-130.8337999739889,71.7662000260111,20,-7178.25,-7373.072434099717,-6983.427565900283,194.82243409971625,20,-5044.7,-5047.801112446128,-5041.5988875538715,3.101112446128759,20,-0.5317518164288043,-0.532296059266843,-0.5312075735907656,0.0005442428380386987,20,-1.5519543740799364,-7.4621313756528185,4.358222627492946,5.910177001572882,20,1.25
target_restriction_of_global,scale_free_m2,20,,,n_inverse_half,quadratic_minus_complete,complete,self_masking_gaussian_preserving,20,-0.029595238095238112,-0.055065193553854044,-0.004125282636622176,0.025469955458615936,20,-0.16015251415251414,-0.19743731564750508,-0.12286771265752319,0.03728480149499095,20,-0.12158565862242332,-0.15316361621179247,-0.09000770103305417,0.03157795758936916,20,-0.16999999999999998,-0.23636118044203142,-0.10363881955796854,0.06636118044203144,20,-0.13500000000000004,-0.19032414156857966,-0.07967585843142042,0.05532414156857963,20,0.5700000000000001,0.4282880426613828,0.7117119573386173,0.14171195733861724,20,-1174.85,-1364.7426674990238,-984.9573325009761,189.8926674990238,20,-836.3,-844.1901878585684,-828.4098121414315,7.890187858568414,20,-657.575,-660.5401147104311,-654.609885289569,2.965114710431111,20,-0.6578328092781733,-0.6639915519806637,-0.6516740665756829,0.006158742702490345,20,-8.230673552695034,-9.586155107758769,-6.8751919976313,1.355481555063734,20,1.0
target_restriction_of_global,scale_free_m2,20,,,n_inverse_half,quadratic_minus_complete,complete,self_masking_gaussian_preserving,20,-0.03444047619047619,-0.07885011553594248,0.009969163154990107,0.044409639345466295,20,-0.16027385114885115,-0.20711463070264774,-0.11343307159505454,0.046840779553796605,20,-0.12463039248333367,-0.16791942167859245,-0.0813413632880749,0.043289029195258774,20,-0.16999999999999998,-0.23807622230221412,-0.10192377769778585,0.06807622230221413,20,-0.12,-0.22253681905343226,-0.01746318094656775,0.10253681905343225,20,0.595,0.44431833381658825,0.7456816661834117,0.15068166618341175,20,-1115.25,-1324.3731479181529,-906.1268520818472,209.12314791815277,20,-663.75,-670.6130682212159,-656.8869317787841,6.86306822121599,20,-521.5,-524.2854152779959,-518.7145847220041,2.785415277995884,20,-0.6515853238658958,-0.6572531749177916,-0.6459174728140001,0.005667851051895715,20,-7.498661632810036,-8.896082083342893,-6.101241182277177,1.3974204505328585,20,1.25
target_restriction_of_global,scale_free_m2,50,,,n_inverse_half,quadratic_minus_complete,complete,self_masking_gaussian_preserving,20,0.0003663558663559108,-0.0244529969925245,0.02518570872523632,0.02481935285888041,20,-0.147003573932947,-0.1800234941227301,-0.11398365374316388,0.03301992018978312,20,-0.10516669913262797,-0.1314739053819102,-0.07885949288334572,0.026307206249282244,20,-0.14,-0.20858237218793663,-0.07141762781206339,0.06858237218793663,20,-0.22499999999999995,-0.30937249700014313,-0.1406275029998568,0.08437249700014315,20,0.7000000000000001,0.5676255358109912,0.832374464189009,0.13237446418900883,20,-11238.85,-12729.630451310002,-9748.069548689999,1490.7804513100014,20,-2114.55,-2120.532872210518,-2108.5671277894826,5.982872210517552,20,-1645.7,-1649.4842357456241,-1641.915764254376,3.7842357456241222,20,-0.6662220445158044,-0.6713003530007963,-0.6611437360308124,0.005078308484991944,20,-83.78257754084987,-96.4006421702751,-71.16451291142464,12.61806462942523,20,1.0
target_restriction_of_global,scale_free_m2,50,,,n_inverse_half,quadratic_minus_complete,complete,self_masking_gaussian_preserving,20,0.0003663558663559108,-0.0244529969925245,0.02518570872523632,0.02481935285888041,20,-0.147003573932947,-0.1800234941227301,-0.11398365374316388,0.03301992018978312,20,-0.10516669913262797,-0.1314739053819102,-0.07885949288334572,0.026307206249282244,20,-0.14,-0.20858237218793663,-0.07141762781206339,0.06858237218793663,20,-0.225,-0.30937249700014313,-0.14062750299985685,0.08437249700014315,20,0.7000000000000001,0.5676255358109912,0.832374464189009,0.13237446418900883,20,-11238.85,-12729.630451310002,-9748.069548689999,1490.7804513100014,20,-2114.55,-2120.532872210518,-2108.5671277894826,5.982872210517553,20,-1645.7,-1649.4842357456241,-1641.915764254376,3.7842357456241222,20,-0.6662220445158044,-0.6713003530007963,-0.6611437360308124,0.005078308484991944,20,-86.41789073351995,-102.23954953107446,-70.59623193596545,15.821658797554502,20,1.25
target_restriction_of_global,scale_free_m2,75,,,n_inverse_half,quadratic_minus_complete,complete,self_masking_gaussian_preserving,20,0.025413684762949453,-0.009986856320375076,0.06081422584627398,0.03540054108332453,20,-0.1291830128649014,-0.1622983195963757,-0.09606770613342708,0.03311530673147431,20,-0.08428080909254768,-0.11506419419935933,-0.05349742398573602,0.03078338510681165,20,-0.13500000000000004,-0.18598655797108687,-0.0840134420289132,0.05098655797108684,20,-0.325,-0.4244258896334683,-0.22557411036653174,0.09942588963346827,20,0.75,0.5861070087307199,0.9138929912692801,0.16389299126928009,20,-30113.15,-34783.07372294609,-25443.226277053916,4669.923722946086,20,-3174.9,-3180.615668326288,-3169.184331673712,5.715668326287938,20,-2479.125,-2486.5085327976626,-2471.7414672023374,7.383532797662734,20,-0.6766076280228916,-0.6820872270888678,-0.6711280289569155,0.005479599065976122,20,-240.25287787728456,-283.9115275739323,-196.59422818063683,43.658649696647736,20,1.0
target_restriction_of_global,scale_free_m2,75,,,n_inverse_half,quadratic_minus_complete,complete,self_masking_gaussian_preserving,20,0.012598617155118702,-0.017844377613048232,0.043041611923285636,0.030442994768166934,20,-0.13080273135304096,-0.16420107779506504,-0.09740438491101688,0.033398346442024086,20,-0.09053782169419314,-0.1212889765058471,-0.05978666688253918,0.030751154811653955,20,-0.15,-0.19920305498082935,-0.10079694501917064,0.049203054980829365,20,-0.30500000000000005,-0.39285322566968606,-0.21714677433031404,0.08785322566968602,20,0.7700000000000001,0.6022141814170108,0.9377858185829895,0.1677858185829893,20,-32392.35,-37675.474691083764,-27109.225308916233,5283.124691083766,20,-3512.55,-3518.6925981785353,-3506.407401821465,6.14259817853491,20,-2761.3,-2798.1987296997763,-2724.401270300224,36.89872969977593,20,-0.6797558150563163,-0.6853800335903448,-0.6741315965222878,0.00562421853402848,20,-258.9936267852753,-310.39920120105097,-207.58805236949962,51.40557441577566,20,1.25
target_restriction_of_global,small_world_k2,20,,,n_inverse_half,quadratic_minus_complete,complete,self_masking_gaussian_preserving,20,0.018333333333333333,0.0019518516641011847,0.034714815002565486,0.01638148166923215,20,-0.0016666666666666718,-0.00515504009068053,0.0018217067573471865,0.0034883734240138582,20,0.009999999999999998,-0.0002985560011627541,0.020298556001162753,0.010298556001162753,20,0.05,-0.0014927800058138208,0.10149278000581383,0.051492780005813824,20,-0.05500000000000001,-0.10414444500769648,-0.005855554992303537,0.04914444500769647,20,0.005,-0.005465120272041545,0.015465120272041544,0.010465120272041545,20,-38.45,-52.248991537404734,-24.65100846259527,13.798991537404733,20,-766.25,-786.3977348197185,-746.1022651802815,20.14773481971844,20,-586.625,-611.224521212616,-562.025478787384,24.599521212615986,20,-0.5860752278458407,-0.5915213775957859,-0.5806290780958954,0.00544614974994526,20,0.017123675870052434,-0.29153933094202683,0.3257866826821317,0.30866300681207925,20,1.0
target_restriction_of_global,small_world_k2,20,,,n_inverse_half,quadratic_minus_complete,complete,self_masking_gaussian_preserving,20,0.008333333333333337,-0.008165021268486799,0.024831687935153474,0.016498354601820135,20,-0.0016666666666666718,-0.00515504009068053,0.0018217067573471865,0.0034883734240138582,20,0.0040000000000000036,-0.006539519243435741,0.014539519243435748,0.010539519243435744,20,0.02,-0.027047119183792313,0.06704711918379232,0.04704711918379231,20,-0.025,-0.07023572965992159,0.020235729659921584,0.045235729659921585,20,0.005,-0.005465120272041545,0.015465120272041544,0.010465120272041545,20,-43.45,-61.59993862690047,-25.300061373099535,18.149938626900468,20,-611.25,-626.7431967163103,-595.7568032836897,15.493196716310301,20,-465.225,-483.3443572371419,-447.10564276285817,18.119357237141877,20,-0.5863765371246555,-0.5919387414653646,-0.5808143327839465,0.0055622043407090645,20,-0.22016593394503614,-0.43006098235422446,-0.010270885535847818,0.20989504840918832,20,1.25
target_restriction_of_global,small_world_k2,50,,,n_inverse_half,quadratic_minus_complete,complete,self_masking_gaussian_preserving,20,0.006666666666666677,-0.0014946990314776056,0.014828032364810959,0.008161365698144282,20,-0.0025000000000000022,-0.007732560136020779,0.0027325601360207747,0.005232560136020777,20,0.0023333333333333205,-0.003929397690505957,0.0085960643571726,0.006262731023839278,20,0.014999999999999996,-0.012479135857847368,0.042479135857847364,0.027479135857847364,20,-0.02,-0.04448409709443282,0.0044840970944328255,0.024484097094432826,20,0.005,-0.005465120272041545,0.015465120272041544,0.010465120272041545,20,-72.85,-103.24507094113919,-42.4549290588608,30.3950709411392,20,-1920.2,-1942.362243663239,-1898.037756336761,22.162243663238957,20,-1290.9,-1293.7035668729561,-1288.096433127044,2.8035668729560137,20,-0.5603432835741022,-0.5627411244724115,-0.5579454426757929,0.0023978408983093497,20,-0.3865843878400449,-1.1318824364392213,0.35871366075913136,0.7452980485991763,20,1.0
target_restriction_of_global,small_world_k2,50,,,n_inverse_half,quadratic_minus_complete,complete,self_masking_gaussian_preserving,20,0.006666666666666677,-0.0014946990314776056,0.014828032364810959,0.008161365698144282,20,-0.0025000000000000022,-0.007732560136020779,0.0027325601360207747,0.005232560136020777,20,0.0023333333333333205,-0.003929397690505957,0.008596064357172598,0.0062627310238392775,20,0.014999999999999996,-0.012479135857847372,0.042479135857847364,0.027479135857847368,20,-0.02,-0.04448409709443282,0.0044840970944328255,0.024484097094432826,20,0.005,-0.005465120272041545,0.015465120272041544,0.010465120272041545,20,-72.85,-103.24507094113919,-42.4549290588608,30.395070941139192,20,-1920.2,-1942.362243663239,-1898.037756336761,22.162243663238957,20,-1290.9,-1293.7035668729561,-1288.096433127044,2.8035668729560137,20,-0.5603432835741022,-0.5627411244724115,-0.5579454426757929,0.0023978408983093497,20,-0.6435013261548523,-1.7441825009972278,0.45717984868752315,1.1006811748423755,20,1.25
target_restriction_of_global,small_world_k2,75,,,n_inverse_half,quadratic_minus_complete,complete,self_masking_gaussian_preserving,20,0.007083333333333347,6.893276045713201e-06,0.01415977339062098,0.007076440057287634,20,0.0,0.0,0.0,0.0,20,0.004380952380952374,-8.663787810384276e-05,0.008848542640008592,0.004467590259056217,20,0.019999999999999997,0.0007930940219671688,0.03920690597803282,0.019206905978032828,20,-0.02,-0.039206905978032836,-0.0007930940219671688,0.01920690597803283,20,0.0,0.0,0.0,0.0,20,-144.8,-197.24896638597832,-92.3510336140217,52.448966385978316,20,-2899.25,-2933.440813117199,-2865.059186882801,34.19081311719915,20,-1926.125,-1929.0574704304265,-1923.1925295695735,2.932470430426478,20,-0.5504303366309143,-0.5523021162615311,-0.5485585570002975,0.0018717796306167813,20,-0.5003687436900824,-2.5204163559524337,1.519678868572269,2.0200476122623514,20,1.0
target_restriction_of_global,small_world_k2,75,,,n_inverse_half,quadratic_minus_complete,complete,self_masking_gaussian_preserving,20,0.018750000000000024,0.0063600697491875986,0.03113993025081245,0.012389930250812425,20,0.0,0.0,0.0,0.0,20,0.01171428571428571,0.003878301696533958,0.01955026973203746,0.007835984017751752,20,0.04999999999999999,0.017789039446753627,0.08221096055324635,0.03221096055324636,20,-0.05,-0.08221096055324638,-0.017789039446753627,0.032210960553246376,20,0.0,0.0,0.0,0.0,20,-142.95,-184.90551629982795,-100.99448370017203,41.95551629982797,20,-3207.6,-3245.6511906397322,-3169.5488093602676,38.05119063973223,20,-2131.225,-2134.432174996297,-2128.017825003703,3.207174996297114,20,-0.5501101987438339,-0.5517288280019219,-0.548491569485746,0.0016186292580879567,20,-1.305399343380188,-3.199518932969437,0.5887202462090608,1.8941195895892489,20,1.25
target_restriction_of_global,small_world_k2,100,,,n_inverse_half,quadratic_minus_complete,complete,self_masking_gaussian_preserving,20,0.011666666666666681,-0.00023046602886328017,0.023563799362196644,0.011897132695529961,20,0.0,0.0,0.0,0.0,20,0.007333333333333336,-0.0001672032261716928,0.014833869892838365,0.007500536559505029,20,0.029999999999999992,-0.0007460512985089686,0.06074605129850895,0.03074605129850896,20,-0.03,-0.06074605129850898,0.0007460512985089755,0.030746051298508974,20,0.0,0.0,0.0,0.0,20,-210.1,-278.9087406663026,-141.29125933369738,68.80874066630261,20,-3912.5,-3981.2987880081414,-3843.7012119918586,68.79878800814153,20,-2562.375,-2565.1091131433395,-2559.6408868566605,2.7341131433396506,20,-0.5452158726398175,-0.546757072703897,-0.5436746725757381,0.001541200064079436,20,-1.0834883302552871,-5.024911497659803,2.857934837149228,3.941423167404515,20,1.0
target_restriction_of_global,small_world_k2,100,,,n_inverse_half,quadratic_minus_complete,complete,self_masking_gaussian_preserving,20,0.010833333333333344,-0.0005619886274838698,0.022228655294150558,0.011395321960817214,20,0.0,0.0,0.0,0.0,20,0.006666666666666659,-0.00041938313111690526,0.013752716464450223,0.0070860497977835646,20,0.029999999999999992,-0.0007460512985089686,0.06074605129850895,0.03074605129850896,20,-0.030000000000000006,-0.06074605129850898,0.0007460512985089617,0.030746051298508967,20,0.0,0.0,0.0,0.0,20,-193.25,-237.32840423190976,-149.17159576809024,44.07840423190977,20,-4649.2,-4730.953197491432,-4567.446802508568,81.75319749143178,20,-3046.25,-3049.3688128447016,-3043.1311871552984,3.1188128447016803,20,-0.5446707506586065,-0.546190379533036,-0.543151121784177,0.0015196288744294875,20,-2.592351837730137,-6.3209419110473775,1.1362382355871032,3.7285900733172403,20,1.25
global_whole_skeleton,er_expected_degree_2,20,,,n_inverse_half,logistic_minus_complete,complete,self_masking_logistic_population,20,0.032726099140909334,0.003325713444870801,0.06212648483694787,0.029400385696038533,20,-0.033348767793990916,-0.052997631446385085,-0.013699904141596744,0.019648863652394172,20,-0.0017026375979108666,-0.022575852190589718,0.019170576994767985,0.02087321459267885,20,0.05,-0.1888828769228838,0.2888828769228838,0.2388828769228838,20,-0.7,-1.2701734300418384,-0.12982656995816144,0.5701734300418385,20,0.75,0.272837867057105,1.227162132942895,0.477162132942895,20,-141.95,-213.44567181954628,-70.4543281804537,71.49567181954629,20,-826.25,-840.4007417481224,-812.0992582518776,14.150741748122362,20,-640.875,-651.544906006315,-630.205093993685,10.669906006315005,20,-0.6220530763475265,-0.6319494592372131,-0.6121566934578399,0.009896382889686686,20,-0.690217447149928,-1.3265293345810092,-0.05390555971884692,0.6363118874310811,20,1.0
global_whole_skeleton,er_expected_degree_2,20,,,n_inverse_half,logistic_minus_complete,complete,self_masking_logistic_population,20,0.012770735017588557,-0.008730263041730246,0.03427173307690736,0.021500998059318804,20,-0.05603471561809663,-0.07750933704333007,-0.03456009419286318,0.02147462142523344,20,-0.024825707229591064,-0.04176511456420462,-0.007886299894977505,0.01693940733461356,20,-0.15,-0.3790277568796874,0.07902775687968744,0.22902775687968743,20,-0.3,-0.7321553845057387,0.13215538450573866,0.43215538450573865,20,1.2,0.7056319997436544,1.6943680002563455,0.4943680002563455,20,-171.45,-258.9262653823507,-83.97373461764924,87.47626538235075,20,-658.2,-668.5461328960758,-647.8538671039242,10.34613289607576,20,-505.25,-517.4192035115688,-493.08079648843125,12.16920351156873,20,-0.6188800562840923,-0.6280089190200705,-0.609751193548114,0.009128862735978217,20,-1.1970221753000714,-1.7302818530054456,-0.6637624975946973,0.5332596777053741,20,1.25
global_whole_skeleton,er_expected_degree_2,50,,,n_inverse_half,logistic_minus_complete,complete,self_masking_logistic_population,20,0.03556844314527742,0.020161773894610754,0.050975112395944086,0.015406669250666664,20,-0.02815176088882699,-0.042885750982289174,-0.013417770795364803,0.014733990093462187,20,0.0031564899491065613,-0.010368954136928454,0.016681934035141576,0.013525444086035015,20,0.1,-0.04405179483524621,0.24405179483524622,0.14405179483524622,20,-1.8,-2.537655220914395,-1.0623447790856049,0.7376552209143952,20,1.55,0.6714677433031397,2.4285322566968603,0.8785322566968603,20,-688.0,-980.1832619629963,-395.81673803700374,292.18326196299626,20,-2123.0,-2133.7090342995893,-2112.2909657004107,10.709034299589332,20,-1541.625,-1607.9989856549219,-1475.2510143450781,66.37398565492175,20,-0.6126673748730923,-0.6245576256868209,-0.6007771240593637,0.011890250813728636,20,-4.465592579050155,-7.130033362533764,-1.8011517955665464,2.664440783483609,20,1.0
global_whole_skeleton,er_expected_degree_2,50,,,n_inverse_half,logistic_minus_complete,complete,self_masking_logistic_population,20,0.03556844314527742,0.020161773894610754,0.050975112395944086,0.015406669250666664,20,-0.02815176088882699,-0.042885750982289174,-0.013417770795364803,0.014733990093462187,20,0.0031564899491065613,-0.010368954136928454,0.016681934035141576,0.013525444086035015,20,0.1,-0.04405179483524621,0.24405179483524622,0.14405179483524622,20,-1.8,-2.537655220914395,-1.0623447790856049,0.7376552209143952,20,1.55,0.6714677433031396,2.4285322566968603,0.8785322566968604,20,-688.0,-980.1832619629963,-395.81673803700374,292.18326196299626,20,-2123.0,-2133.7090342995893,-2112.2909657004107,10.709034299589332,20,-1541.625,-1607.9989856549219,-1475.2510143450781,66.37398565492175,20,-0.6126673748730924,-0.624557625686821,-0.6007771240593638,0.011890250813728636,20,-5.802653618099954,-8.33323569895042,-3.2720715372494884,2.5305820808504653,20,1.25
global_whole_skeleton,er_expected_degree_2,75,,,n_inverse_half,logistic_minus_complete,complete,self_masking_logistic_population,20,0.047260891619462744,0.03470213930155028,0.05981964393737521,0.012558752317912463,20,-0.013048055242550432,-0.019370595806207418,-0.0067255146788934485,0.006322540563656984,20,0.01765181776930021,0.010218717842767603,0.02508491769583282,0.007433099926532608,20,0.2,0.007930940219671695,0.39206905978032836,0.19206905978032832,20,-3.65,-4.601602372085966,-2.6983976279140336,0.9516023720859664,20,1.0,0.4963906766066748,1.5036093233933252,0.5036093233933252,20,-1106.05,-1490.6122522490869,-721.4877477509131,384.5622522490869,20,-3190.35,-3197.90303335544,-3182.7969666445597,7.553033355440102,20,-2229.3,-2336.3338225307243,-2122.266177469276,107.03382253072428,20,-0.6004762687609935,-0.6096993606247211,-0.5912531768972659,0.009223091863727556,20,-8.568026245550072,-11.88481483168331,-5.2512376594168355,3.316788586133237,20,1.0
global_whole_skeleton,er_expected_degree_2,75,,,n_inverse_half,logistic_minus_complete,complete,self_masking_logistic_population,20,0.04395563028334663,0.030136008444013165,0.0577752521226801,0.013819621839333468,20,-0.011525704267375092,-0.017863339209957963,-0.005188069324792222,0.00633763494258287,20,0.016760349127473696,0.008173653862443312,0.025347044392504077,0.008586695265030383,20,0.1,-0.04405179483524621,0.24405179483524622,0.14405179483524622,20,-3.4,-4.456379828791805,-2.3436201712081943,1.0563798287918056,20,0.9,0.37619348018191034,1.4238065198180898,0.5238065198180897,20,-1040.65,-1411.1090424542988,-670.1909575457014,370.45904245429875,20,-3529.55,-3538.318214224458,-3520.781785775542,8.768214224458124,20,-2471.65,-2591.740620448883,-2351.559379551117,120.09062044888277,20,-0.6010974892781501,-0.6106220044208877,-0.5915729741354125,0.009524515142737501,20,-5.780844831799844,-9.039445414688135,-2.522244248911553,3.2586005828882914,20,1.25
global_whole_skeleton,er_expected_degree_2,100,,,n_inverse_half,logistic_minus_complete,complete,self_masking_logistic_population,20,0.05184706397704839,0.037251672362358906,0.06644245559173788,0.01459539161468949,20,-0.008522117224358777,-0.013393029653091281,-0.003651204795626273,0.004870912428732504,20,0.0226994450182915,0.01381329352433734,0.031585596512245656,0.008886151493954159,20,0.1,-0.04405179483524621,0.24405179483524622,0.14405179483524622,20,-5.3,-6.717119573386172,-3.882880426613828,1.4171195733861721,20,0.9,0.37619348018191034,1.4238065198180898,0.5238065198180897,20,-1348.45,-1814.5340158441054,-882.3659841558948,466.08401584410524,20,-4249.1,-4256.695080698523,-4241.5049193014775,7.595080698523126,20,-2841.625,-2986.1731758924043,-2697.0768241075957,144.54817589240415,20,-0.5903714066689448,-0.5987981119737059,-0.5819447013641837,0.008426705304761119,20,-10.185621335399787,-15.598077206521825,-4.773165464277748,5.412455871122039,20,1.0
global_whole_skeleton,er_expected_degree_2,100,,,n_inverse_half,logistic_minus_complete,complete,self_masking_logistic_population,20,0.051152422988791954,0.03778744446217548,0.06451740151540843,0.013364978526616474,20,-0.009140256712331329,-0.014734109428056825,-0.0035464039966058326,0.005593852715725496,20,0.022038839495894358,0.013668670548394162,0.03040900844339455,0.008370168947500195,20,0.1,-0.04405179483524621,0.24405179483524622,0.14405179483524622,20,-5.25,-6.546243832302597,-3.953756167697403,1.2962438323025973,20,0.95,0.37229422988540384,1.5277057701145962,0.5777057701145961,20,-1351.85,-1839.2458004376774,-864.4541995623224,487.39580043767756,20,-5052.9,-5062.182247778272,-5043.617752221728,9.282247778271984,20,-3379.425,-3553.226096856702,-3205.6239031432983,173.80109685670203,20,-0.5904706628230291,-0.599214684461206,-0.5817266411848522,0.008744021638176908,20,-12.8981621498001,-17.707711291617166,-8.088613007983033,4.809549141817067,20,1.25
global_whole_skeleton,er_expected_degree_2,150,,,n_inverse_half,logistic_minus_complete,complete,self_masking_logistic_population,20,0.05619218554554328,0.047636771260679084,0.06474759983040748,0.008555414284864199,20,-0.0035150968830329086,-0.006937957377384065,-9.223638868175203e-05,0.0034228604943511566,20,0.027335029874796822,0.021896061757089115,0.03277399799250453,0.005438968117707707,20,0.15,-0.021455930469841594,0.32145593046984156,0.1714559304698416,20,-9.0,-10.30621082612134,-7.69378917387866,1.3062108261213399,20,0.55,0.013687775481880049,1.08631222451812,0.53631222451812,20,-2505.45,-3373.3186676093273,-1637.581332390672,867.8686676093278,20,-6375.3,-6387.308253006472,-6363.291746993528,12.00825300647155,20,-4244.25,-4461.625854171858,-4026.874145828142,217.37585417185804,20,-0.5841042359077375,-0.59159822368454,-0.5766102481309351,0.007493987776802417,20,-22.42682286990016,-30.01762964201219,-14.836016097788134,7.5908067721120265,20,1.0
global_whole_skeleton,er_expected_degree_2,150,,,n_inverse_half,logistic_minus_complete,complete,self_masking_logistic_population,20,0.04751787010660559,0.03924116106726537,0.05579457914594581,0.00827670903934022,20,-0.003502570641113639,-0.005946116575553146,-0.0010590247066741315,0.0024435459344395076,20,0.022733495925470408,0.01797524004414757,0.027491751806793245,0.004758255881322835,20,0.2,0.007930940219671695,0.39206905978032836,0.19206905978032832,20,-7.5,-8.756732090372587,-6.243267909627413,1.2567320903725872,20,0.55,0.1636176269558846,0.9363823730441154,0.38638237304411543,20,-2211.35,-3006.2465371284616,-1416.4534628715382,794.8965371284615,20,-8384.1,-8397.649805150098,-8370.550194849902,13.54980515009812,20,-5641.425,-5936.431302555762,-5346.418697444238,295.0063025557623,20,-0.5852564582999342,-0.5931756753251946,-0.5773372412746739,0.007919217025260319,20,-26.15065989569962,-37.42095344215853,-14.880366349240711,11.270293546458907,20,1.25
global_whole_skeleton,random_regular_d2,20,,,n_inverse_half,logistic_minus_complete,complete,self_masking_logistic_population,20,0.014536340852130314,0.0016443558029777903,0.027428325901282836,0.012891985049152524,20,-0.0025000000000000022,-0.007732560136020779,0.0027325601360207747,0.005232560136020777,20,0.005967545505414573,-0.00022672847581927443,0.01216181948664842,0.006194273981233848,20,0.1,-0.04405179483524621,0.24405179483524622,0.14405179483524622,20,-0.3,-0.5673488165617953,-0.03265118343820478,0.2673488165617952,20,0.05,-0.05465120272041542,0.15465120272041544,0.10465120272041542,20,-24.45,-38.066493313962226,-10.833506686037776,13.616493313962224,20,-727.6,-745.87459134018,-709.32540865982,18.274591340180013,20,-545.425,-560.354291812599,-530.495708187401,14.929291812598995,20,-0.578250243861253,-0.5822746553579761,-0.57422583236453,0.0040244114967231005,20,-0.08745213700008211,-0.27264610295126757,0.09774182895110334,0.18519396595118545,20,1.0
global_whole_skeleton,random_regular_d2,20,,,n_inverse_half,logistic_minus_complete,complete,self_masking_logistic_population,20,0.00727443609022555,-0.006313031262296933,0.020861903442748034,0.013587467352522482,20,-0.0025000000000000022,-0.007732560136020779,0.0027325601360207747,0.005232560136020777,20,0.0023731114841512744,-0.004987511424163646,0.009733734392466196,0.0073606229083149205,20,0.1,-0.10930240544083086,0.3093024054408309,0.20930240544083087,20,-0.15,-0.4247913585784737,0.1247913585784737,0.2747913585784737,20,0.05,-0.05465120272041542,0.15465120272041544,0.10465120272041542,20,-29.35,-42.12771359120139,-16.57228640879861,12.777713591201392,20,-583.65,-597.577717889868,-569.7222821101319,13.927717889868083,20,-434.9,-446.08364261779997,-423.7163573822,11.183642617799977,20,-0.576590912024036,-0.5803495713715491,-0.5728322526765229,0.0037586593475130874,20,-0.1305211258499753,-0.3371633873842482,0.07612113568429765,0.20664226153427295,20,1.25
global_whole_skeleton,random_regular_d2,50,,,n_inverse_half,logistic_minus_complete,complete,self_masking_logistic_population,20,0.010528741411094328,0.003297735555109498,0.017759747267079157,0.00723100585598483,20,-0.0010000000000000009,-0.003093024054408312,0.00109302405440831,0.002093024054408311,20,0.004873666099641666,0.0008343208239180531,0.008913011375365279,0.004039345275723613,20,0.3,0.03265118343820472,0.5673488165617953,0.26734881656179527,20,-0.55,-0.9363823730441154,-0.1636176269558846,0.38638237304411543,20,0.05,-0.05465120272041542,0.15465120272041544,0.10465120272041542,20,-28.1,-55.953697507767764,-0.246302492232239,27.853697507767762,20,-1829.75,-1874.0387042140326,-1785.4612957859674,44.288704214032485,20,-1292.15,-1295.2923805713465,-1289.0076194286537,3.142380571346473,20,-0.5559988797827311,-0.5582061559620611,-0.5537916036034011,0.002207276179330011,20,0.0762819644501859,-0.6157581598824651,0.7683220887828368,0.6920401243326509,20,1.0
global_whole_skeleton,random_regular_d2,50,,,n_inverse_half,logistic_minus_complete,complete,self_masking_logistic_population,20,0.010528741411094328,0.003297735555109498,0.017759747267079157,0.00723100585598483,20,-0.0010000000000000009,-0.003093024054408312,0.00109302405440831,0.002093024054408311,20,0.004873666099641666,0.0008343208239180531,0.008913011375365279,0.004039345275723613,20,0.3,0.03265118343820472,0.5673488165617953,0.26734881656179527,20,-0.55,-0.9363823730441154,-0.1636176269558846,0.38638237304411543,20,0.05,-0.05465120272041542,0.15465120272041544,0.10465120272041542,20,-28.1,-55.95369750776776,-0.24630249223224254,27.85369750776776,20,-1829.75,-1874.0387042140326,-1785.4612957859674,44.288704214032485,20,-1292.15,-1295.2923805713465,-1289.0076194286537,3.142380571346473,20,-0.5559988797827311,-0.5582061559620611,-0.5537916036034011,0.002207276179330011,20,-0.20635627475005558,-0.8332724563880362,0.420559906887925,0.6269161816379806,20,1.25
global_whole_skeleton,random_regular_d2,75,,,n_inverse_half,logistic_minus_complete,complete,self_masking_logistic_population,20,0.021830665418273686,0.013384739493032595,0.030276591343514778,0.00844592592524109,20,-0.001333333333333331,-0.004124032072544403,0.0014573654058777415,0.0027906987392110724,20,0.010440013587583803,0.006184253548830563,0.014695773626337042,0.004255760038753239,20,0.55,0.2669423977084952,0.8330576022915048,0.28305760229150484,20,-1.7,-2.3636118044203145,-1.0363881955796854,0.6636118044203144,20,0.1,-0.10930240544083084,0.3093024054408309,0.20930240544083084,20,-80.65,-113.93163715889283,-47.368362841107185,33.28163715889282,20,-2794.8,-2864.624533291882,-2724.9754667081183,69.82453329188166,20,-1924.925,-1927.4295906198267,-1922.4204093801732,2.504590619826759,20,-0.5448192762760243,-0.5464987178119526,-0.5431398347400961,0.001679441535928245,20,-1.8505115745998524,-2.8731462311231812,-0.8278769180765235,1.0226346565233289,20,1.0
global_whole_skeleton,random_regular_d2,75,,,n_inverse_half,logistic_minus_complete,complete,self_masking_logistic_population,20,0.015493648005306887,0.00859736580434355,0.022389930206270225,0.006896282200963337,20,-0.001333333333333331,-0.004124032072544403,0.0014573654058777415,0.0027906987392110724,20,0.007188987742346003,0.003618217367100963,0.010759758117591044,0.0035707703752450404,20,0.45,0.21111712307711622,0.6888828769228839,0.2388828769228838,20,-1.2,-1.7389924622233432,-0.6610075377766567,0.5389924622233433,20,0.1,-0.10930240544083084,0.3093024054408309,0.20930240544083084,20,-74.35,-100.88720749984378,-47.812792500156206,26.537207499843785,20,-3112.25,-3187.062975240361,-3037.437024759639,74.81297524036124,20,-2129.7,-2132.2683626639473,-2127.1316373360523,2.568362663947317,20,-0.5442585138922967,-0.5459498131116366,-0.5425672146729569,0.0016912992193398768,20,-0.27592888030006896,-1.4629165972009877,0.9110588366008496,1.1869877169009186,20,1.25
global_whole_skeleton,random_regular_d2,100,,,n_inverse_half,logistic_minus_complete,complete,self_masking_logistic_population,20,0.017042453817055003,0.011154203887817316,0.02293070374629269,0.005888249929237687,20,0.0,0.0,0.0,0.0,20,0.008625395669520869,0.0056474587407090064,0.011603332598332732,0.002977936928811862,20,0.5,0.21592602961866209,0.784073970381338,0.2840739703813379,20,-1.75,-2.354998483537757,-1.145001516462243,0.604998483537757,20,0.0,0.0,0.0,0.0,20,-97.15,-138.4432495727603,-55.85675042723972,41.29324957276029,20,-3799.7,-3879.8816583004773,-3719.5183416995224,80.18165830047768,20,-2562.0,-2563.8965300058735,-2560.1034699941265,1.896530005873275,20,-0.540034009386668,-0.5407969828513517,-0.5392710359219843,0.0007629734646837131,20,-1.0985365490501648,-2.9895317779351442,0.7924586798348143,1.8909952288849792,20,1.0
global_whole_skeleton,random_regular_d2,100,,,n_inverse_half,logistic_minus_complete,complete,self_masking_logistic_population,20,0.017938322380007827,0.010402541030205128,0.025474103729810526,0.007535781349802699,20,0.0,0.0,0.0,0.0,20,0.009099283057280073,0.005238749853210958,0.012959816261349188,0.0038605332040691147,20,0.7,0.4799572487244118,0.9200427512755881,0.22004275127558814,20,-1.85,-2.6430120721797956,-1.0569879278202046,0.7930120721797956,20,0.0,0.0,0.0,0.0,20,-87.4,-139.232496814753,-35.567503185247006,51.832496814753,20,-4490.4,-4597.810918901205,-4382.9890810987945,107.41091890120524,20,-3045.175,-3047.247648708065,-3043.1023512919355,2.0726487080648437,20,-0.5388926376763192,-0.5396050162125263,-0.5381802591401121,0.000712378536207114,20,-0.660422529099742,-2.239353573372423,0.918508515172939,1.578931044272681,20,1.25
global_whole_skeleton,random_regular_d2,150,,,n_inverse_half,logistic_minus_complete,complete,self_masking_logistic_population,20,0.022242397762643595,0.015263703120675478,0.02922109240461171,0.006978694641968116,20,-0.000333333333333341,-0.0010310080181361266,0.00036434135146944465,0.0006976746848027857,20,0.01114037413491531,0.007531811881630306,0.014748936388200313,0.0036085622532850033,20,0.8,0.6079309402196718,0.9920690597803283,0.1920690597803283,20,-3.45,-4.549951769529036,-2.3500482304709642,1.099951769529036,20,0.05,-0.05465120272041542,0.15465120272041544,0.10465120272041542,20,-233.4,-318.9040943923398,-147.8959056076602,85.50409439233978,20,-5699.05,-5811.0171063848375,-5587.082893615163,111.967106384837,20,-3835.25,-3836.96035179086,-3833.53964820914,1.7103517908599608,20,-0.5335140095263086,-0.5342935453796468,-0.5327344736729703,0.0007795358533382674,20,-0.9359204873498814,-2.718774161770724,0.8469331870709613,1.7828536744208427,20,1.0
global_whole_skeleton,random_regular_d2,150,,,n_inverse_half,logistic_minus_complete,complete,self_masking_logistic_population,20,0.015012542194043955,0.010979055264354038,0.01904602912373387,0.004033486929689916,20,0.0,0.0,0.0,0.0,20,0.007585470712325087,0.005531252362040837,0.009639689062609338,0.0020542183502842504,20,0.9,0.7559482051647538,1.0440517948352461,0.14405179483524622,20,-2.3,-2.9279072163224926,-1.6720927836775072,0.6279072163224926,20,0.0,0.0,0.0,0.0,20,-189.8,-240.98144931437088,-138.61855068562915,51.18144931437086,20,-7342.2,-7538.242479266244,-7146.1575207337555,196.04247926624427,20,-5046.05,-5048.258141682604,-5043.841858317396,2.208141682603706,20,-0.5322581267801453,-0.5329585210795623,-0.5315577324807282,0.0007003942994170609,20,-1.4488076990996201,-2.9979473027336865,0.10033190453444618,1.5491396036340663,20,1.25
global_whole_skeleton,scale_free_m2,20,,,n_inverse_half,logistic_minus_complete,complete,self_masking_logistic_population,20,0.038310214918397534,0.016430668814826983,0.06018976102196809,0.02187954610357055,20,-0.16216216216216217,-0.1899960973004399,-0.13432822702388444,0.027833935138277734,20,-0.10450979543187429,-0.12816819639459798,-0.08085139446915061,0.023658400962723675,20,0.0,0.0,0.0,0.0,20,-1.35,-1.9434553215585386,-0.7565446784414617,0.5934553215585384,20,6.0,4.970144399883724,7.029855600116276,1.0298556001162762,20,-1157.05,-1338.8970610892334,-975.2029389107665,181.84706108923342,20,-845.6,-850.2860520960876,-840.9139479039125,4.686052096087528,20,-663.575,-667.0519233244247,-660.0980766755754,3.4769233244246047,20,-0.6609593369922433,-0.6666497151557875,-0.6552689588286991,0.0056903781635442435,20,-7.80343202679984,-9.138965544921557,-6.467898508678123,1.3355335181217172,20,1.0
global_whole_skeleton,scale_free_m2,20,,,n_inverse_half,logistic_minus_complete,complete,self_masking_logistic_population,20,0.034595028882701426,0.012851731087581725,0.05633832667782113,0.0217432977951197,20,-0.1783783783783784,-0.2132976340724252,-0.14345912268433159,0.03491925569404679,20,-0.12022010261710192,-0.15043411363459283,-0.09000609159961101,0.030214011017490914,20,0.0,0.0,0.0,0.0,20,-1.3,-1.9279072163224926,-0.6720927836775075,0.6279072163224926,20,6.6,5.307987539320268,7.892012460679731,1.2920124606797312,20,-1089.05,-1285.7022142014566,-892.3977857985433,196.65221420145662,20,-671.7,-677.5279193595973,-665.8720806404028,5.827919359597234,20,-525.525,-528.7150552839355,-522.3349447160645,3.1900552839355467,20,-0.6545714285938707,-0.6607766562593904,-0.6483662009283511,0.006205227665519723,20,-7.175525838550016,-8.47964437316414,-5.871407303935891,1.3041185346141246,20,1.25
global_whole_skeleton,scale_free_m2,50,,,n_inverse_half,logistic_minus_complete,complete,self_masking_logistic_population,20,0.04336810635488549,0.0336208516237385,0.053115361086032487,0.00974725473114699,20,-0.13556701030927834,-0.15384101702469172,-0.11729300359386498,0.018274006715413366,20,-0.0784260927999046,-0.0930429701420927,-0.0638092154577165,0.0146168773421881,20,0.0,0.0,0.0,0.0,20,-3.85,-4.628338980968338,-3.071661019031662,0.7783389809683381,20,13.15,11.377421348604903,14.922578651395098,1.7725786513950965,20,-10901.55,-12435.001556481608,-9368.098443518391,1533.451556481609,20,-2143.35,-2149.060371345249,-2137.6396286547506,5.71037134524936,20,-1661.6,-1666.4194601357713,-1656.7805398642286,4.819460135771406,20,-0.6720567287705409,-0.6762131190937474,-0.6679003384473344,0.004156390323206504,20,-81.98140581199992,-92.93835415376235,-71.0244574702375,10.956948341762429,20,1.0
global_whole_skeleton,scale_free_m2,50,,,n_inverse_half,logistic_minus_complete,complete,self_masking_logistic_population,20,0.04336810635488549,0.0336208516237385,0.053115361086032487,0.00974725473114699,20,-0.13556701030927834,-0.15384101702469172,-0.11729300359386496,0.01827400671541337,20,-0.0784260927999046,-0.0930429701420927,-0.0638092154577165,0.014616877342188101,20,0.0,0.0,0.0,0.0,20,-3.85,-4.628338980968338,-3.071661019031662,0.7783389809683381,20,13.15,11.377421348604903,14.922578651395098,1.7725786513950965,20,-10901.55,-12435.001556481608,-9368.098443518391,1533.451556481609,20,-2143.35,-2149.060371345249,-2137.6396286547506,5.71037134524936,20,-1661.6,-1666.4194601357713,-1656.7805398642286,4.819460135771406,20,-0.6720567287705408,-0.6762131190937473,-0.6679003384473343,0.004156390323206504,20,-81.88099084420006,-95.54639376592141,-68.2155879224787,13.665402921721352,20,1.25
global_whole_skeleton,scale_free_m2,75,,,n_inverse_half,logistic_minus_complete,complete,self_masking_logistic_population,20,0.047064525785743695,0.032492319500305226,0.061636732071182164,0.01457220628543847,20,-0.12517006802721087,-0.14301354536999455,-0.10732659068442718,0.01784347734278368,20,-0.06568648050879836,-0.0788471781752286,-0.05252578284236812,0.013160697666430236,20,0.0,0.0,0.0,0.0,20,-6.3,-8.077936093248942,-4.5220639067510575,1.7779360932489419,20,18.4,15.777008830610798,21.0229911693892,2.6229911693892003,20,-29753.35,-34355.00477393407,-25151.695226065927,4601.654773934072,20,-3210.95,-3216.302309867308,-3205.5976901326917,5.352309867308126,20,-2503.175,-2527.2901475768326,-2479.0598524231677,24.11514757683239,20,-0.6778334139880171,-0.6831378095949063,-0.6725290183811279,0.005304395606889241,20,-237.43182068619984,-278.61292714114245,-196.25071423125723,41.181106454942594,20,1.0
global_whole_skeleton,scale_free_m2,75,,,n_inverse_half,logistic_minus_complete,complete,self_masking_logistic_population,20,0.04790563560329741,0.036241024496181655,0.05957024671041316,0.011664611107115752,20,-0.12040816326530608,-0.13631360962384295,-0.10450271690676921,0.015905446358536867,20,-0.061192063768322424,-0.07307433920708732,-0.04930978832955753,0.011882275438764895,20,0.0,0.0,0.0,0.0,20,-6.45,-7.96444809409533,-4.935551905904671,1.514448094095329,20,17.7,15.36189938529508,20.038100614704916,2.3381006147049184,20,-32188.9,-37295.94646028102,-27081.853539718984,5107.046460281019,20,-3549.3,-3555.8979635989535,-3542.702036401047,6.597963598953393,20,-2773.15,-2798.4834989783367,-2747.8165010216635,25.333498978336433,20,-0.679899733781974,-0.6849207613127892,-0.6748787062511588,0.0050210275308152546,20,-252.33651575364988,-301.26597876771234,-203.40705273958739,48.92946301406249,20,1.25
global_whole_skeleton,small_world_k2,20,,,n_inverse_half,logistic_minus_complete,complete,self_masking_logistic_population,20,0.02077922077922076,0.004509730924626032,0.037048710633815485,0.016269489854594726,20,-0.0025000000000000022,-0.007732560136020779,0.0027325601360207747,0.005232560136020777,20,0.009519342446171714,0.0002627908197884287,0.018775894072554998,0.009256551626383286,20,0.25,-0.007463900029069048,0.507463900029069,0.25746390002906905,20,-0.45,-0.8052953150143412,-0.09470468498565882,0.3552953150143412,20,0.05,-0.05465120272041542,0.15465120272041544,0.10465120272041542,20,-37.45,-54.07359862217128,-20.826401377828724,16.62359862217128,20,-775.05,-792.688405533431,-757.4115944665689,17.638405533431087,20,-590.125,-612.3764662283955,-567.8735337716045,22.25146622839555,20,-0.5879584240779592,-0.5932795728764501,-0.5826372752794683,0.005321148798490856,20,-0.18681839439998385,-0.4053349651967564,0.03169817639678865,0.2185165707967725,20,1.0
global_whole_skeleton,small_world_k2,20,,,n_inverse_half,logistic_minus_complete,complete,self_masking_logistic_population,20,0.014188311688311677,0.0016941214852536513,0.026682501891369705,0.012494190203058026,20,-0.0050000000000000044,-0.012202589741762322,0.0022025897417623126,0.007202589741762317,20,0.004693335120164404,-0.0032838644695827937,0.012670534709911602,0.007977199589747198,20,0.1,-0.15858088531710932,0.3585808853171093,0.2585808853171093,20,-0.3,-0.5673488165617953,-0.03265118343820478,0.2673488165617952,20,0.1,-0.04405179483524621,0.24405179483524622,0.14405179483524622,20,-42.2,-61.17781788854363,-23.222182111456377,18.977817888543626,20,-615.55,-630.4774818764794,-600.6225181235205,14.92748187647946,20,-472.475,-489.273062252942,-455.67693774705805,16.79806225294196,20,-0.5879906111878634,-0.5933940548423704,-0.5825871675333565,0.005403443654506965,20,-0.18374187320021065,-0.41490810418757296,0.04742435778715162,0.23116623098736228,20,1.25
global_whole_skeleton,small_world_k2,50,,,n_inverse_half,logistic_minus_complete,complete,self_masking_logistic_population,20,0.014481772389652498,0.005809927140750321,0.023153617638554676,0.008671845248902178,20,-0.0020000000000000018,-0.004881035896704928,0.0008810358967049248,0.0028810358967049266,20,0.006357683169801875,0.0018207303318018564,0.010894636007801894,0.004536952838000019,20,0.4,0.08148949743615502,0.718510502563845,0.318510502563845,20,-0.75,-1.202357296599216,-0.29764270340078414,0.45235729659921586,20,0.1,-0.04405179483524621,0.24405179483524622,0.14405179483524622,20,-77.75,-108.26038136390649,-47.23961863609351,30.510381363906486,20,-1946.7,-1962.4655386604531,-1930.934461339547,15.765538660453121,20,-1295.95,-1298.8568297467002,-1293.0431702532999,2.9068297467002684,20,-0.5623977177889683,-0.5649173484589419,-0.5598780871189947,0.002519630669973633,20,-0.8392337837499102,-1.3799800262319963,-0.29848754126782406,0.5407462424820861,20,1.0
global_whole_skeleton,small_world_k2,50,,,n_inverse_half,logistic_minus_complete,complete,self_masking_logistic_population,20,0.014481772389652498,0.005809927140750321,0.023153617638554676,0.008671845248902178,20,-0.0020000000000000018,-0.004881035896704929,0.0008810358967049252,0.002881035896704927,20,0.006357683169801875,0.0018207303318018564,0.010894636007801894,0.004536952838000019,20,0.4,0.08148949743615502,0.718510502563845,0.318510502563845,20,-0.75,-1.202357296599216,-0.29764270340078414,0.45235729659921586,20,0.1,-0.04405179483524621,0.24405179483524622,0.14405179483524622,20,-77.75,-108.26038136390649,-47.23961863609351,30.510381363906486,20,-1946.7,-1962.4655386604531,-1930.934461339547,15.765538660453121,20,-1295.95,-1298.8568297467002,-1293.0431702532999,2.906829746700269,20,-0.5623977177889683,-0.5649173484589419,-0.5598780871189947,0.0025196306699736336,20,-0.9941711115998949,-1.6912489629182914,-0.2970932602814984,0.6970778513183965,20,1.25
global_whole_skeleton,small_world_k2,75,,,n_inverse_half,logistic_minus_complete,complete,self_masking_logistic_population,20,0.020567822112375726,0.013329764342421713,0.02780587988232974,0.007238057769954012,20,-0.0006666666666666598,-0.0020620160362721848,0.0007286827029388649,0.0013953493696055247,20,0.010131129428515639,0.0061324277084897905,0.014129831148541487,0.003998701720025848,20,0.7,0.4799572487244118,0.9200427512755881,0.22004275127558814,20,-1.6,-2.176207179340985,-1.0237928206590152,0.5762071793409849,20,0.05,-0.05465120272041542,0.15465120272041544,0.10465120272041542,20,-136.5,-189.46861520779288,-83.53138479220712,52.96861520779287,20,-2947.05,-2981.952796664485,-2912.1472033355153,34.90279666448508,20,-1927.45,-1929.501157952947,-1925.398842047053,2.051157952947097,20,-0.5511577280189798,-0.5527993589531291,-0.5495160970848304,0.0016416309341493616,20,-0.9326176316499298,-1.88460053260018,0.019365269300320342,0.9519829009502502,20,1.0
global_whole_skeleton,small_world_k2,75,,,n_inverse_half,logistic_minus_complete,complete,self_masking_logistic_population,20,0.026326205440129515,0.018493736960732934,0.034158673919526095,0.007832468479396578,20,-0.0013333333333333196,-0.0032540239311365828,0.0005873572644699435,0.0019206905978032631,20,0.012732013745737814,0.008360782614426583,0.017103244877049045,0.00437123113131123,20,0.6,0.32001363798318483,0.8799863620168151,0.27998636201681515,20,-2.05,-2.6663254915057646,-1.433674508494235,0.6163254915057649,20,0.1,-0.04405179483524621,0.24405179483524622,0.14405179483524622,20,-125.9,-165.2928619781574,-86.50713802184262,39.39286197815738,20,-3256.05,-3295.9634326484124,-3216.136567351588,39.91343264841238,20,-2132.675,-2134.760125887334,-2130.589874112666,2.0851258873341445,20,-0.5509938322177973,-0.5526774202892263,-0.5493102441463683,0.0016835880714290196,20,-0.6355562941000019,-2.0469883788080274,0.7758757906080234,1.4114320847080253,20,1.25
global_whole_skeleton,small_world_k2,100,,,n_inverse_half,logistic_minus_complete,complete,self_masking_logistic_population,20,0.024078590464276694,0.016512317939928002,0.031644862988625386,0.007566272524348691,20,0.0,0.0,0.0,0.0,20,0.01226492825825643,0.008385164996710376,0.016144691519802485,0.003879763261546054,20,0.75,0.5420791436865546,0.9579208563134454,0.20792085631344537,20,-2.5,-3.2962762564096124,-1.7037237435903876,0.7962762564096125,20,0.0,0.0,0.0,0.0,20,-235.7,-298.7989797730476,-172.60102022695233,63.09897977304765,20,-3999.6,-4058.996677426685,-3940.203322573315,59.39667742668519,20,-2564.075,-2566.6093326390896,-2561.54066736091,2.5343326390899423,20,-0.5454465086477863,-0.5469360200696056,-0.543956997225967,0.0014895114218193082,20,-3.3429912442998555,-4.462197838860042,-2.2237846497396694,1.1192065945601863,20,1.0
global_whole_skeleton,small_world_k2,100,,,n_inverse_half,logistic_minus_complete,complete,self_masking_logistic_population,20,0.028795919380485903,0.021554754085154275,0.03603708467581753,0.007241165295331626,20,0.0,0.0,0.0,0.0,20,0.01469216506391025,0.010950423321943362,0.01843390680587714,0.0037417417419668897,20,0.75,0.5420791436865546,0.9579208563134454,0.20792085631344537,20,-3.0,-3.7742551327111844,-2.2257448672888156,0.7742551327111845,20,0.0,0.0,0.0,0.0,20,-204.75,-249.8205086532434,-159.6794913467566,45.07050865324339,20,-4739.95,-4809.960337308184,-4669.939662691816,70.01033730818365,20,-3048.0,-3050.9599830041175,-3045.0400169958825,2.9599830041173534,20,-0.5450048732984959,-0.5466688530687472,-0.5433408935282446,0.0016639797702513144,20,-1.1896561242996548,-3.032398468905411,0.6530862203061012,1.842742344605756,20,1.25
target_restriction_of_global,er_expected_degree_2,20,,,n_inverse_half,logistic_minus_complete,complete,self_masking_logistic_population,20,0.019166666666666676,-0.0066449395543493675,0.04497827288768272,0.025811606221016043,20,-0.030416666666666658,-0.04965168718423424,-0.011181646149099073,0.019235020517567585,20,-0.006519841269841254,-0.028001008800527923,0.014961326260845417,0.02148116753068667,20,1.1102230246251566e-17,-0.0607375696952877,0.06073756969528773,0.060737569695287714,20,-0.06,-0.11126840952671613,-0.008731590473283868,0.05126840952671613,20,0.1,0.03739314617575362,0.1626068538242464,0.06260685382424638,20,-141.95,-213.44567181954628,-70.4543281804537,71.49567181954629,20,-826.25,-840.4007417481224,-812.0992582518776,14.150741748122362,20,-640.875,-651.544906006315,-630.205093993685,10.669906006315005,20,-0.6220530763475265,-0.6319494592372131,-0.6121566934578399,0.009896382889686686,20,-0.690217625999985,-1.3265305484875904,-0.05390470351237964,0.6363129224876054,20,1.0
target_restriction_of_global,er_expected_degree_2,20,,,n_inverse_half,logistic_minus_complete,complete,self_masking_logistic_population,20,-0.0008333333333333248,-0.025722796979047634,0.024056130312380984,0.02488946364571431,20,-0.04475,-0.06432071742429493,-0.025179282575705068,0.01957071742429493,20,-0.029287518037518046,-0.0489244933739693,-0.009650542701066796,0.01963697533645125,20,-0.06999999999999999,-0.13279072163224925,-0.007209278367750732,0.06279072163224926,20,-0.015000000000000008,-0.0681995758161625,0.03819957581616248,0.053199575816162484,20,0.14,0.07666087737359477,0.20333912262640524,0.06333912262640524,20,-171.45,-258.9262653823507,-83.97373461764924,87.47626538235075,20,-658.2,-668.5461328960758,-647.8538671039242,10.34613289607576,20,-505.25,-517.4192035115688,-493.08079648843125,12.16920351156873,20,-0.6188800562840923,-0.6280089190200705,-0.609751193548114,0.009128862735978223,20,-1.1970236452051313,-1.7302833691142394,-0.6637639212960231,0.5332597239091081,20,1.25
target_restriction_of_global,er_expected_degree_2,50,,,n_inverse_half,logistic_minus_complete,complete,self_masking_logistic_population,20,0.027083333333333348,0.010112562204702844,0.04405410446196385,0.016970771128630505,20,-0.02372619047619049,-0.039636002078644594,-0.007816378873736388,0.015909811602454103,20,0.0033921911421911422,-0.012940542746913029,0.019724925031295314,0.01633273388910417,20,-0.010000000000000014,-0.06661152045830099,0.046611520458300956,0.05661152045830097,20,-0.065,-0.1086798783640378,-0.02132012163596221,0.04367987836403779,20,0.09000000000000001,0.029452532710592526,0.1505474672894075,0.060547467289407485,20,-688.0,-980.1832619629963,-395.81673803700374,292.18326196299626,20,-2123.0,-2133.7090342995893,-2112.2909657004107,10.709034299589332,20,-1541.625,-1607.9989856549219,-1475.2510143450781,66.37398565492175,20,-0.6126673748730923,-0.6245576256868209,-0.6007771240593637,0.011890250813728631,20,-4.465592859945076,-7.1300340682354815,-1.801151651654671,2.664441208290405,20,1.0
target_restriction_of_global,er_expected_degree_2,50,,,n_inverse_half,logistic_minus_complete,complete,self_masking_logistic_population,20,0.027083333333333348,0.010112562204702844,0.04405410446196385,0.016970771128630505,20,-0.02372619047619049,-0.039636002078644594,-0.007816378873736388,0.015909811602454103,20,0.0033921911421911422,-0.012940542746913029,0.019724925031295314,0.01633273388910417,20,-0.010000000000000014,-0.06661152045830097,0.04661152045830095,0.056611520458300965,20,-0.06500000000000002,-0.10867987836403781,-0.021320121635962225,0.04367987836403779,20,0.09,0.029452532710592512,0.1505474672894075,0.060547467289407485,20,-688.0,-980.1832619629963,-395.81673803700374,292.18326196299626,20,-2123.0,-2133.7090342995893,-2112.2909657004107,10.709034299589332,20,-1541.625,-1607.9989856549219,-1475.2510143450781,66.37398565492175,20,-0.6126673748730924,-0.624557625686821,-0.6007771240593638,0.011890250813728631,20,-5.802654508820059,-8.333236100196157,-3.2720729174439622,2.530581591376097,20,1.25
target_restriction_of_global,er_expected_degree_2,75,,,n_inverse_half,logistic_minus_complete,complete,self_masking_logistic_population,20,0.0396309523809524,0.022983755073584574,0.05627814968832022,0.016647197307367825,20,-0.0033531746031745966,-0.0067577317691384685,5.138256278927524e-05,0.003404557165963872,20,0.022118501596442797,0.01102968685458557,0.03320731633830003,0.011088814741857227,20,0.075,0.027283786705710508,0.12271621329428949,0.04771621329428949,20,-0.10500000000000002,-0.14651480645833054,-0.06348519354166951,0.04151480645833051,20,0.02,0.0007930940219671688,0.039206905978032836,0.01920690597803283,20,-1106.05,-1490.6122522490869,-721.4877477509131,384.5622522490869,20,-3190.35,-3197.90303335544,-3182.7969666445597,7.553033355440102,20,-2229.3,-2336.3338225307243,-2122.266177469276,107.03382253072428,20,-0.6004762687609935,-0.6096993606247211,-0.5912531768972659,0.009223091863727552,20,-8.568026523915016,-11.884814630260516,-5.251238417569516,3.3167881063455003,20,1.0
target_restriction_of_global,er_expected_degree_2,75,,,n_inverse_half,logistic_minus_complete,complete,self_masking_logistic_population,20,0.028797619047619055,0.009120067470732372,0.04847517062450574,0.019677551576886682,20,-0.006269841269841264,-0.012929262756071525,0.00038958021638899835,0.006659421486230262,20,0.013949670427611627,-0.0002760058684683625,0.028175346723691617,0.01422567629607999,20,0.04499999999999999,-0.010739337948672885,0.10073933794867287,0.055739337948672876,20,-0.08,-0.1270471191837923,-0.03295288081620769,0.04704711918379231,20,0.03,0.00326511834382048,0.056734881656179514,0.02673488165617952,20,-1040.65,-1411.1090424542988,-670.1909575457014,370.45904245429875,20,-3529.55,-3538.318214224458,-3520.781785775542,8.768214224458124,20,-2471.65,-2591.740620448883,-2351.559379551117,120.09062044888277,20,-0.6010974892781501,-0.6106220044208877,-0.5915729741354125,0.009524515142737501,20,-5.7808442064951935,-9.039445428040636,-2.5222429849497514,3.258601221545442,20,1.25
target_restriction_of_global,er_expected_degree_2,100,,,n_inverse_half,logistic_minus_complete,complete,self_masking_logistic_population,20,0.029880952380952387,0.013058099570765758,0.046703805191139015,0.01682285281018663,20,-0.00367857142857142,-0.0073394360342257416,-1.7706822917098325e-05,0.0036608646056543216,20,0.01760744810744814,0.006934149883313961,0.028280746331582316,0.010673298224134178,20,0.049999999999999996,0.008415828737310928,0.09158417126268906,0.04158417126268907,20,-0.075,-0.11481381282048063,-0.035186187179519365,0.03981381282048063,20,0.025,-0.0007463900029069104,0.05074639000290691,0.025746390002906912,20,-1348.45,-1814.5340158441054,-882.3659841558948,466.08401584410524,20,-4249.1,-4256.695080698523,-4241.5049193014775,7.595080698523126,20,-2841.625,-2986.1731758924043,-2697.0768241075957,144.54817589240415,20,-0.5903714066689448,-0.5987981119737059,-0.5819447013641837,0.008426705304761115,20,-10.185620307064836,-15.598077693677528,-4.773162920452143,5.412457386612693,20,1.0
target_restriction_of_global,er_expected_degree_2,100,,,n_inverse_half,logistic_minus_complete,complete,self_masking_logistic_population,20,0.039880952380952385,0.018545518197466495,0.06121638656443827,0.02133543418348589,20,-0.00367857142857142,-0.0073394360342257416,-1.7706822917098325e-05,0.0036608646056543216,20,0.024274114774114803,0.009451141007459536,0.03909708854077007,0.014822973766655267,20,0.06999999999999999,0.015041728284305264,0.12495827171569472,0.05495827171569473,20,-0.095,-0.1464367791409525,-0.04356322085904753,0.051436779140952474,20,0.025,-0.0007463900029069104,0.05074639000290691,0.025746390002906912,20,-1351.85,-1839.2458004376774,-864.4541995623224,487.39580043767756,20,-5052.9,-5062.182247778272,-5043.617752221728,9.282247778271984,20,-3379.425,-3553.226096856702,-3205.6239031432983,173.80109685670203,20,-0.5904706628230292,-0.5992146844612061,-0.5817266411848523,0.008744021638176907,20,-12.898162305354878,-17.707711565552522,-8.088613045157237,4.809549260197642,20,1.25
target_restriction_of_global,er_expected_degree_2,150,,,n_inverse_half,logistic_minus_complete,complete,self_masking_logistic_population,20,0.0316666666666667,0.012872679451169166,0.050460653882164225,0.01879398721549753,20,-0.005892857142857149,-0.012200224977840755,0.0004145106921264576,0.006307367834983607,20,0.017517316017316053,0.00291293533792783,0.032121696696704276,0.014604380679388223,20,0.059999999999999984,0.013445534383500483,0.10655446561649948,0.0465544656164995,20,-0.065,-0.1086798783640378,-0.02132012163596221,0.04367987836403779,20,0.025,-0.0007463900029069104,0.05074639000290691,0.025746390002906912,20,-2505.45,-3373.3186676093273,-1637.581332390672,867.8686676093278,20,-6375.3,-6387.308253006472,-6363.291746993528,12.00825300647155,20,-4244.25,-4461.625854171858,-4026.874145828142,217.37585417185804,20,-0.5841042359077375,-0.59159822368454,-0.5766102481309351,0.0074939877768024155,20,-22.42682400634505,-30.017631086771594,-14.836016925918509,7.590807080426542,20,1.0
target_restriction_of_global,er_expected_degree_2,150,,,n_inverse_half,logistic_minus_complete,complete,self_masking_logistic_population,20,0.029583333333333333,0.01109534390417951,0.048071322762487156,0.018487989429153823,20,-0.0051785714285714265,-0.011056335022620333,0.0006991921654774793,0.005877763594048906,20,0.016511904761904818,0.0027447789488223764,0.030279030574987258,0.013767125813082442,20,0.05500000000000001,0.0035632208590475334,0.10643677914095248,0.051436779140952474,20,-0.07,-0.11580555137593751,-0.02419444862406251,0.045805551375937496,20,0.02,0.0007930940219671688,0.039206905978032836,0.01920690597803283,20,-2211.35,-3006.2465371284616,-1416.4534628715382,794.8965371284615,20,-8384.1,-8397.649805150098,-8370.550194849902,13.54980515009812,20,-5641.425,-5936.431302555762,-5346.418697444238,295.0063025557623,20,-0.5852564582999343,-0.5931756753251947,-0.577337241274674,0.00791921702526032,20,-26.150660066694947,-37.42095398265232,-14.880366150737576,11.270293915957371,20,1.25
target_restriction_of_global,random_regular_d2,20,,,n_inverse_half,logistic_minus_complete,complete,self_masking_logistic_population,20,0.0033333333333333435,-0.0014683931611748774,0.008135059827841564,0.004801726494508221,20,-0.0025000000000000022,-0.007732560136020779,0.0027325601360207747,0.005232560136020777,20,0.00033333333333331885,-0.0022425491536274544,0.002909215820294092,0.002575882486960773,20,0.004999999999999999,-0.0054651202720415425,0.015465120272041541,0.010465120272041542,20,-0.01,-0.024405179483524622,0.004405179483524622,0.014405179483524622,20,0.005,-0.005465120272041545,0.015465120272041544,0.010465120272041545,20,-24.45,-38.066493313962226,-10.833506686037776,13.616493313962224,20,-727.6,-745.87459134018,-709.32540865982,18.274591340180013,20,-545.425,-560.354291812599,-530.495708187401,14.929291812598995,20,-0.578250243861253,-0.5822746553579761,-0.57422583236453,0.004024411496723097,20,-0.08745155214510754,-0.27264570014344025,0.09774259585322519,0.18519414799833273,20,1.0
target_restriction_of_global,random_regular_d2,20,,,n_inverse_half,logistic_minus_complete,complete,self_masking_logistic_population,20,0.0,-0.010122928282547948,0.010122928282547948,0.010122928282547948,20,-0.0025000000000000022,-0.007732560136020779,0.0027325601360207747,0.005232560136020777,20,-0.0016666666666666607,-0.00867089916354063,0.005337565830207308,0.007004232496873969,20,-0.0050000000000000044,-0.03712136104573992,0.02712136104573991,0.03212136104573991,20,0.0,-0.030368784847643857,0.030368784847643857,0.030368784847643857,20,0.005,-0.005465120272041545,0.015465120272041544,0.010465120272041545,20,-29.35,-42.12771359120139,-16.57228640879861,12.777713591201392,20,-583.65,-597.577717889868,-569.7222821101319,13.927717889868083,20,-434.9,-446.08364261779997,-423.7163573822,11.183642617799977,20,-0.5765909120240359,-0.580349571371549,-0.5728322526765228,0.003758659347513078,20,-0.13052122716996672,-0.3371634049253409,0.07612095058540747,0.2066421777553742,20,1.25
target_restriction_of_global,random_regular_d2,50,,,n_inverse_half,logistic_minus_complete,complete,self_masking_logistic_population,20,0.006666666666666677,-0.0014946990314776056,0.014828032364810959,0.008161365698144282,20,-0.0025000000000000022,-0.007732560136020779,0.0027325601360207747,0.005232560136020777,20,0.0023333333333333205,-0.003929397690505957,0.0085960643571726,0.006262731023839278,20,0.014999999999999996,-0.012479135857847368,0.042479135857847364,0.027479135857847364,20,-0.02,-0.04448409709443282,0.0044840970944328255,0.024484097094432826,20,0.005,-0.005465120272041545,0.015465120272041544,0.010465120272041545,20,-28.1,-55.953697507767764,-0.246302492232239,27.853697507767762,20,-1829.75,-1874.0387042140326,-1785.4612957859674,44.288704214032485,20,-1292.15,-1295.2923805713465,-1289.0076194286537,3.142380571346473,20,-0.5559988797827311,-0.5582061559620611,-0.5537916036034011,0.002207276179330022,20,0.076282803800069,-0.6157574381942775,0.7683230457944156,0.6920402419943465,20,1.0
target_restriction_of_global,random_regular_d2,50,,,n_inverse_half,logistic_minus_complete,complete,self_masking_logistic_population,20,0.006666666666666677,-0.0014946990314776056,0.014828032364810959,0.008161365698144282,20,-0.0025000000000000022,-0.007732560136020779,0.0027325601360207747,0.005232560136020777,20,0.0023333333333333205,-0.003929397690505957,0.0085960643571726,0.006262731023839278,20,0.014999999999999996,-0.012479135857847368,0.042479135857847364,0.027479135857847364,20,-0.02,-0.04448409709443282,0.0044840970944328255,0.024484097094432826,20,0.005,-0.005465120272041545,0.015465120272041544,0.010465120272041545,20,-28.1,-55.95369750776776,-0.24630249223224254,27.85369750776776,20,-1829.75,-1874.0387042140326,-1785.4612957859674,44.288704214032485,20,-1292.15,-1295.2923805713465,-1289.0076194286537,3.142380571346473,20,-0.5559988797827311,-0.5582061559620611,-0.5537916036034011,0.002207276179330022,20,-0.20635591981498122,-0.8332726305993294,0.42056079096936694,0.6269167107843482,20,1.25
target_restriction_of_global,random_regular_d2,75,,,n_inverse_half,logistic_minus_complete,complete,self_masking_logistic_population,20,0.00500000000000001,-0.00546512027204156,0.015465120272041579,0.01046512027204157,20,0.0,0.0,0.0,0.0,20,0.002999999999999997,-0.003279072163224916,0.00927907216322491,0.006279072163224913,20,0.014999999999999996,-0.016395360816124627,0.04639536081612462,0.03139536081612462,20,-0.015000000000000003,-0.04639536081612464,0.016395360816124627,0.03139536081612463,20,0.0,0.0,0.0,0.0,20,-80.65,-113.93163715889283,-47.368362841107185,33.28163715889282,20,-2794.8,-2864.624533291882,-2724.9754667081183,69.82453329188166,20,-1924.925,-1927.4295906198267,-1922.4204093801732,2.504590619826759,20,-0.5448192762760243,-0.5464987178119526,-0.5431398347400961,0.0016794415359282383,20,-1.8505135244648578,-2.873148394512943,-0.8278786544167731,1.0226348700480847,20,1.0
target_restriction_of_global,random_regular_d2,75,,,n_inverse_half,logistic_minus_complete,complete,self_masking_logistic_population,20,0.0,-0.007157991234054771,0.007157991234054771,0.007157991234054771,20,0.0,0.0,0.0,0.0,20,0.0,-0.004294794740432829,0.004294794740432829,0.004294794740432829,20,0.0,-0.02147397370216424,0.02147397370216424,0.02147397370216424,20,0.0,-0.021473973702164247,0.021473973702164247,0.021473973702164247,20,0.0,0.0,0.0,0.0,20,-74.35,-100.88720749984378,-47.812792500156206,26.537207499843785,20,-3112.25,-3187.062975240361,-3037.437024759639,74.81297524036124,20,-2129.7,-2132.2683626639473,-2127.1316373360523,2.568362663947317,20,-0.5442585138922967,-0.5459498131116366,-0.5425672146729569,0.0016912992193398768,20,-0.2759299352148208,-1.462918180578047,0.9110583101484053,1.1869882453632261,20,1.25
target_restriction_of_global,random_regular_d2,100,,,n_inverse_half,logistic_minus_complete,complete,self_masking_logistic_population,20,0.006666666666666687,-0.0014946990314776143,0.014828032364810988,0.008161365698144301,20,0.0,0.0,0.0,0.0,20,0.003999999999999981,-0.0008968194188865618,0.008896819418886523,0.004896819418886543,20,0.019999999999999997,-0.0044840970944328255,0.04448409709443282,0.024484097094432822,20,-0.02,-0.04448409709443282,0.0044840970944328255,0.024484097094432826,20,0.0,0.0,0.0,0.0,20,-97.15,-138.4432495727603,-55.85675042723972,41.29324957276029,20,-3799.7,-3879.8816583004773,-3719.5183416995224,80.18165830047768,20,-2562.0,-2563.8965300058735,-2560.1034699941265,1.896530005873275,20,-0.5400340093866681,-0.5407969828513518,-0.5392710359219844,0.0007629734646837073,20,-1.0985384007600558,-2.989533618665564,0.792456817145452,1.8909952179055078,20,1.0
target_restriction_of_global,random_regular_d2,100,,,n_inverse_half,logistic_minus_complete,complete,self_masking_logistic_population,20,0.011666666666666697,0.001201546394625129,0.022131786938708264,0.010465120272041568,20,0.0,0.0,0.0,0.0,20,0.0069999999999999785,0.000720927836775069,0.013279072163224888,0.006279072163224909,20,0.03499999999999999,0.003604639183875366,0.06639536081612461,0.03139536081612462,20,-0.034999999999999996,-0.06639536081612463,-0.003604639183875366,0.03139536081612463,20,0.0,0.0,0.0,0.0,20,-87.4,-139.232496814753,-35.567503185247006,51.832496814753,20,-4490.4,-4597.810918901205,-4382.9890810987945,107.41091890120524,20,-3045.175,-3047.247648708065,-3043.1023512919355,2.0726487080648437,20,-0.5388926376763191,-0.5396050162125262,-0.538180259140112,0.0007123785362071157,20,-0.660419525464858,-2.23935098146326,0.9185119305335437,1.5789314559984018,20,1.25
target_restriction_of_global,random_regular_d2,150,,,n_inverse_half,logistic_minus_complete,complete,self_masking_logistic_population,20,0.01000000000000002,0.0010883727812735014,0.018911627218726537,0.008911627218726518,20,0.0,0.0,0.0,0.0,20,0.005999999999999983,0.0006530236687640875,0.011346976331235877,0.005346976331235895,20,0.029999999999999992,0.00326511834382048,0.0567348816561795,0.026734881656179512,20,-0.030000000000000006,-0.05673488165617953,-0.00326511834382048,0.026734881656179526,20,0.0,0.0,0.0,0.0,20,-233.4,-318.9040943923398,-147.8959056076602,85.50409439233978,20,-5699.05,-5811.0171063848375,-5587.082893615163,111.967106384837,20,-3835.25,-3836.96035179086,-3833.53964820914,1.7103517908599608,20,-0.5335140095263086,-0.5342935453796468,-0.5327344736729703,0.0007795358533382646,20,-0.9359198157049633,-2.718773829777507,0.8469341983675804,1.7828540140725437,20,1.0
target_restriction_of_global,random_regular_d2,150,,,n_inverse_half,logistic_minus_complete,complete,self_masking_logistic_population,20,0.01000000000000002,0.0010883727812735014,0.018911627218726537,0.008911627218726518,20,0.0,0.0,0.0,0.0,20,0.005999999999999983,0.0006530236687640875,0.011346976331235877,0.005346976331235895,20,0.029999999999999992,0.00326511834382048,0.0567348816561795,0.026734881656179512,20,-0.030000000000000006,-0.05673488165617953,-0.00326511834382048,0.026734881656179526,20,0.0,0.0,0.0,0.0,20,-189.8,-240.98144931437088,-138.61855068562915,51.18144931437086,20,-7342.2,-7538.242479266244,-7146.1575207337555,196.04247926624427,20,-5046.05,-5048.258141682604,-5043.841858317396,2.208141682603706,20,-0.5322581267801454,-0.5329585210795624,-0.5315577324807284,0.0007003942994170692,20,-1.4488048229348738,-2.997943921350982,0.10033427548123441,1.5491390984161082,20,1.25
target_restriction_of_global,scale_free_m2,20,,,n_inverse_half,logistic_minus_complete,complete,self_masking_logistic_population,20,-0.01617857142857144,-0.04272149433197854,0.010364351474835661,0.026542922903407103,20,-0.15607933732933732,-0.1900182331683631,-0.12214044149031153,0.03393889583902578,20,-0.1158135900047665,-0.1429612384679541,-0.08866594154157889,0.027147648463187613,20,-0.16,-0.22858237218793662,-0.09141762781206339,0.06858237218793661,20,-0.13000000000000003,-0.18900460301143784,-0.07099539698856223,0.0590046030114378,20,0.5850000000000001,0.44980347017463357,0.7201965298253665,0.1351965298253665,20,-1157.05,-1338.8970610892334,-975.2029389107665,181.84706108923342,20,-845.6,-850.2860520960876,-840.9139479039125,4.686052096087528,20,-663.575,-667.0519233244247,-660.0980766755754,3.4769233244246047,20,-0.6609593369922433,-0.6666497151557875,-0.6552689588286991,0.0056903781635442435,20,-7.803435165104895,-9.13896847640891,-6.46790185380088,1.3355333113040155,20,1.0
target_restriction_of_global,scale_free_m2,20,,,n_inverse_half,logistic_minus_complete,complete,self_masking_logistic_population,20,-0.023523809523809523,-0.06248845663802116,0.015440837590402115,0.03896464711421164,20,-0.1664715284715285,-0.2110013817984363,-0.12194167514462066,0.04452985332690783,20,-0.12757689287836346,-0.16853233966631162,-0.0866214460904153,0.04095544678794815,20,-0.16499999999999998,-0.23503775286618783,-0.09496224713381213,0.07003775286618785,20,-0.125,-0.2037175657456243,-0.0462824342543757,0.0787175657456243,20,0.635,0.47772971250525864,0.7922702874947414,0.15727028749474134,20,-1089.05,-1285.7022142014566,-892.3977857985433,196.65221420145662,20,-671.7,-677.5279193595973,-665.8720806404028,5.827919359597234,20,-525.525,-528.7150552839355,-522.3349447160645,3.1900552839355467,20,-0.6545714285938707,-0.6607766562593904,-0.6483662009283511,0.006205227665519723,20,-7.175525300760006,-8.479643737960956,-5.871406863559056,1.30411843720095,20,1.25
target_restriction_of_global,scale_free_m2,50,,,n_inverse_half,logistic_minus_complete,complete,self_masking_logistic_population,20,0.016330641580641625,0.0005882020244628618,0.03207308113682039,0.015742439556178763,20,-0.12003093588987553,-0.15288587192745068,-0.08717599985230036,0.032854936037575166,20,-0.08036619787949513,-0.10474566242973202,-0.055986733329258236,0.024379464550236894,20,-0.11000000000000001,-0.1724224444286067,-0.04757755557139331,0.062422444428606706,20,-0.22499999999999995,-0.3007319193626798,-0.1492680806373201,0.07573191936267984,20,0.615,0.48325844018040953,0.7467415598195905,0.13174155981959043,20,-10901.55,-12435.001556481608,-9368.098443518391,1533.451556481609,20,-2143.35,-2149.060371345249,-2137.6396286547506,5.71037134524936,20,-1661.6,-1666.4194601357713,-1656.7805398642286,4.819460135771406,20,-0.6720567287705409,-0.6762131190937474,-0.6679003384473344,0.004156390323206504,20,-81.9814052849699,-92.93835290229049,-71.0244576676493,10.956947617320592,20,1.0
target_restriction_of_global,scale_free_m2,50,,,n_inverse_half,logistic_minus_complete,complete,self_masking_logistic_population,20,0.016330641580641625,0.0005882020244628618,0.03207308113682039,0.015742439556178763,20,-0.12003093588987553,-0.15288587192745068,-0.08717599985230036,0.032854936037575166,20,-0.08036619787949513,-0.10474566242973202,-0.055986733329258236,0.024379464550236894,20,-0.11000000000000001,-0.1724224444286067,-0.04757755557139332,0.06242244442860669,20,-0.225,-0.30073191936267984,-0.14926808063732017,0.07573191936267984,20,0.6149999999999999,0.4832584401804094,0.7467415598195903,0.13174155981959043,20,-10901.55,-12435.001556481608,-9368.098443518391,1533.451556481609,20,-2143.35,-2149.060371345249,-2137.6396286547506,5.71037134524936,20,-1661.6,-1666.4194601357713,-1656.7805398642286,4.819460135771406,20,-0.6720567287705408,-0.6762131190937473,-0.6679003384473343,0.004156390323206504,20,-81.8809932503,-95.54639444489402,-68.21559205570597,13.66540119459403,20,1.25
target_restriction_of_global,scale_free_m2,75,,,n_inverse_half,logistic_minus_complete,complete,self_masking_logistic_population,20,-8.934284669576131e-06,-0.0313267935960563,0.03130892502671715,0.031317859311386725,20,-0.13942310172341127,-0.1704340918590743,-0.10841211158774824,0.03101099013566303,20,-0.09960043140728411,-0.12663592876216206,-0.07256493405240616,0.027035497354877955,20,-0.15499999999999997,-0.21847548257460392,-0.09152451742539602,0.06347548257460395,20,-0.2899999999999999,-0.38347963846386823,-0.19652036153613162,0.09347963846386831,20,0.79,0.618275329662301,0.961724670337699,0.17172467033769898,20,-29753.35,-34355.00477393407,-25151.695226065927,4601.654773934072,20,-3210.95,-3216.302309867308,-3205.5976901326917,5.352309867308126,20,-2503.175,-2527.2901475768326,-2479.0598524231677,24.11514757683239,20,-0.6778334139880171,-0.6831378095949063,-0.6725290183811279,0.005304395606889241,20,-237.4318240971848,-278.6129313271299,-196.2507168672397,41.181107229945106,20,1.0
target_restriction_of_global,scale_free_m2,75,,,n_inverse_half,logistic_minus_complete,complete,self_masking_logistic_population,20,0.0011402838217853596,-0.028953823508009388,0.03123439115158011,0.03009410732979475,20,-0.14046435700808768,-0.17258586581592458,-0.10834284820025078,0.0321215088078369,20,-0.10157532697553817,-0.12962459849904834,-0.07352605545202799,0.028049271523510177,20,-0.165,-0.22237008291418847,-0.10762991708581154,0.05737008291418847,20,-0.275,-0.3607279652349208,-0.18927203476507923,0.0857279652349208,20,0.8250000000000002,0.6559990083900783,0.9940009916099221,0.16900099160992188,20,-32188.9,-37295.94646028102,-27081.853539718984,5107.046460281019,20,-3549.3,-3555.8979635989535,-3542.702036401047,6.597963598953393,20,-2773.15,-2798.4834989783367,-2747.8165010216635,25.333498978336433,20,-0.679899733781974,-0.6849207613127892,-0.6748787062511588,0.0050210275308152546,20,-252.33651732504012,-301.26598133205107,-203.40705331802917,48.92946400701094,20,1.25
target_restriction_of_global,small_world_k2,20,,,n_inverse_half,logistic_minus_complete,complete,self_masking_logistic_population,20,0.018333333333333333,0.0019518516641011847,0.034714815002565486,0.01638148166923215,20,-0.0016666666666666718,-0.00515504009068053,0.0018217067573471865,0.0034883734240138582,20,0.009999999999999998,-0.0002985560011627541,0.020298556001162753,0.010298556001162753,20,0.05,-0.0014927800058138208,0.10149278000581383,0.051492780005813824,20,-0.05500000000000001,-0.10414444500769648,-0.005855554992303537,0.04914444500769647,20,0.005,-0.005465120272041545,0.015465120272041544,0.010465120272041545,20,-37.45,-54.07359862217128,-20.826401377828724,16.62359862217128,20,-775.05,-792.688405533431,-757.4115944665689,17.638405533431087,20,-590.125,-612.3764662283955,-567.8735337716045,22.25146622839555,20,-0.5879584240779592,-0.5932795728764501,-0.5826372752794683,0.005321148798490859,20,-0.18681848499001147,-0.40533566557796497,0.031698695597942056,0.21851718058795352,20,1.0
target_restriction_of_global,small_world_k2,20,,,n_inverse_half,logistic_minus_complete,complete,self_masking_logistic_population,20,0.010833333333333334,-0.001635499083700958,0.023302165750367625,0.012468832417034292,20,-0.0058333333333333405,-0.015054023594763283,0.0033873569280966033,0.009220690261429944,20,0.0030000000000000083,-0.007096320627302184,0.0130963206273022,0.010096320627302192,20,0.015000000000000003,-0.031243891998595414,0.06124389199859542,0.04624389199859542,20,-0.03,-0.06750268279752512,0.007502682797525126,0.037502682797525125,20,0.015000000000000003,-0.007902775687968745,0.03790277568796875,0.022902775687968748,20,-42.2,-61.17781788854363,-23.222182111456377,18.977817888543626,20,-615.55,-630.4774818764794,-600.6225181235205,14.92748187647946,20,-472.475,-489.273062252942,-455.67693774705805,16.79806225294196,20,-0.5879906111878634,-0.5933940548423704,-0.5825871675333565,0.0054034436545069685,20,-0.18374156313508822,-0.4149080191672885,0.04742489289711202,0.23116645603220023,20,1.25
target_restriction_of_global,small_world_k2,50,,,n_inverse_half,logistic_minus_complete,complete,self_masking_logistic_population,20,0.006666666666666677,-0.0014946990314776056,0.014828032364810959,0.008161365698144282,20,-0.00625,-0.015451134162508333,0.0029511341625083325,0.009201134162508333,20,-4.7619047619062996e-05,-0.00820959330214951,0.008114355206911382,0.008161974254530446,20,0.004999999999999999,-0.030529531501434108,0.0405295315014341,0.035529531501434106,20,-0.02,-0.04448409709443282,0.0044840970944328255,0.024484097094432826,20,0.015000000000000003,-0.007902775687968745,0.03790277568796875,0.022902775687968748,20,-77.75,-108.26038136390649,-47.23961863609351,30.510381363906486,20,-1946.7,-1962.4655386604531,-1930.934461339547,15.765538660453121,20,-1295.95,-1298.8568297467002,-1293.0431702532999,2.9068297467002684,20,-0.5623977177889683,-0.5649173484589419,-0.5598780871189947,0.0025196306699736253,20,-0.8392350355699907,-1.379982474728752,-0.29848759641122946,0.5407474391587612,20,1.0
target_restriction_of_global,small_world_k2,50,,,n_inverse_half,logistic_minus_complete,complete,self_masking_logistic_population,20,0.006666666666666677,-0.0014946990314776056,0.014828032364810959,0.008161365698144282,20,-0.00625,-0.015451134162508333,0.0029511341625083325,0.009201134162508333,20,-4.7619047619062996e-05,-0.00820959330214951,0.008114355206911382,0.008161974254530446,20,0.004999999999999999,-0.030529531501434108,0.0405295315014341,0.035529531501434106,20,-0.02,-0.04448409709443282,0.0044840970944328255,0.024484097094432826,20,0.015000000000000003,-0.007902775687968745,0.03790277568796875,0.022902775687968748,20,-77.75,-108.26038136390649,-47.23961863609351,30.510381363906486,20,-1946.7,-1962.4655386604531,-1930.934461339547,15.765538660453121,20,-1295.95,-1298.8568297467002,-1293.0431702532999,2.906829746700269,20,-0.5623977177889683,-0.5649173484589419,-0.5598780871189947,0.0025196306699736253,20,-0.994171623604948,-1.691249908882553,-0.2970933383273431,0.697078285277605,20,1.25
target_restriction_of_global,small_world_k2,75,,,n_inverse_half,logistic_minus_complete,complete,self_masking_logistic_population,20,0.0037500000000000033,-0.0038921194796823697,0.011392119479682376,0.007642119479682373,20,0.0,0.0,0.0,0.0,20,0.0023809523809523838,-0.0024229512737196117,0.007184856035624379,0.004803903654671995,20,0.009999999999999998,-0.010930240544083085,0.030930240544083082,0.020930240544083083,20,-0.010000000000000002,-0.030930240544083092,0.010930240544083088,0.02093024054408309,20,0.0,0.0,0.0,0.0,20,-136.5,-189.46861520779288,-83.53138479220712,52.96861520779287,20,-2947.05,-2981.952796664485,-2912.1472033355153,34.90279666448508,20,-1927.45,-1929.501157952947,-1925.398842047053,2.051157952947097,20,-0.5511577280189798,-0.5527993589531291,-0.5495160970848304,0.0016416309341493653,20,-0.9326164121400045,-1.8845998677686346,0.019367043488625724,0.9519834556286302,20,1.0
target_restriction_of_global,small_world_k2,75,,,n_inverse_half,logistic_minus_complete,complete,self_masking_logistic_population,20,0.018750000000000024,0.0063600697491875986,0.03113993025081245,0.012389930250812425,20,0.0,0.0,0.0,0.0,20,0.01171428571428571,0.003878301696533958,0.01955026973203746,0.007835984017751752,20,0.04999999999999999,0.017789039446753627,0.08221096055324635,0.03221096055324636,20,-0.05,-0.08221096055324638,-0.017789039446753627,0.032210960553246376,20,0.0,0.0,0.0,0.0,20,-125.9,-165.2928619781574,-86.50713802184262,39.39286197815738,20,-3256.05,-3295.9634326484124,-3216.136567351588,39.91343264841238,20,-2132.675,-2134.760125887334,-2130.589874112666,2.0851258873341445,20,-0.5509938322177973,-0.5526774202892263,-0.5493102441463683,0.0016835880714290172,20,-0.6355560714100015,-2.0469895720467903,0.7758774292267874,1.4114335006367889,20,1.25
target_restriction_of_global,small_world_k2,100,,,n_inverse_half,logistic_minus_complete,complete,self_masking_logistic_population,20,0.011666666666666681,-0.00023046602886328017,0.023563799362196644,0.011897132695529961,20,0.0,0.0,0.0,0.0,20,0.007333333333333336,-0.0001672032261716928,0.014833869892838365,0.007500536559505029,20,0.029999999999999992,-0.0007460512985089686,0.06074605129850895,0.03074605129850896,20,-0.03,-0.06074605129850898,0.0007460512985089755,0.030746051298508974,20,0.0,0.0,0.0,0.0,20,-235.7,-298.7989797730476,-172.60102022695233,63.09897977304765,20,-3999.6,-4058.996677426685,-3940.203322573315,59.39667742668519,20,-2564.075,-2566.6093326390896,-2561.54066736091,2.5343326390899423,20,-0.5454465086477863,-0.5469360200696056,-0.543956997225967,0.0014895114218193084,20,-3.3429920511298947,-4.462198923185826,-2.223785179073963,1.1192068720559318,20,1.0
target_restriction_of_global,small_world_k2,100,,,n_inverse_half,logistic_minus_complete,complete,self_masking_logistic_population,20,0.009166666666666674,-0.0030949848531492876,0.021428318186482637,0.012261651519815961,20,0.0,0.0,0.0,0.0,20,0.0056666666666666645,-0.001927216512538063,0.013260549845871392,0.0075938831792047275,20,0.024999999999999994,-0.008526230696918886,0.058526230696918875,0.03352623069691888,20,-0.025,-0.05852623069691889,0.008526230696918886,0.03352623069691889,20,0.0,0.0,0.0,0.0,20,-204.75,-249.8205086532434,-159.6794913467566,45.07050865324339,20,-4739.95,-4809.960337308184,-4669.939662691816,70.01033730818365,20,-3048.0,-3050.9599830041175,-3045.0400169958825,2.9599830041173534,20,-0.545004873298496,-0.5466688530687474,-0.5433408935282447,0.001663979770251311,20,-1.1896566430649271,-3.032400169712349,0.6530868835824948,1.842743526647422,20,1.25
