evaluation_scope,topology,p,gamma,missingness_mode,missing_rate_target,alpha_schedule,n_graph_cells,n_graph_seeds,precision_mean,precision_lo95,precision_hi95,precision_halfwidth95,recall_mean,recall_lo95,recall_hi95,recall_halfwidth95,f1_mean,f1_lo95,f1_hi95,f1_halfwidth95,exact_recovery_mean,exact_recovery_lo95,exact_recovery_hi95,exact_recovery_halfwidth95,fp_mean,fp_lo95,fp_hi95,fp_halfwidth95,fn_mean,fn_lo95,fn_hi95,fn_halfwidth95,trace_ci_tests_mean,trace_ci_tests_lo95,trace_ci_tests_hi95,trace_ci_tests_halfwidth95,trace_ci_n_eff_min_mean,trace_ci_n_eff_min_lo95,trace_ci_n_eff_min_hi95,trace_ci_n_eff_min_halfwidth95,trace_ci_n_eff_median_mean,trace_ci_n_eff_median_lo95,trace_ci_n_eff_median_hi95,trace_ci_n_eff_median_halfwidth95,trace_ci_effective_fraction_mean_mean,trace_ci_effective_fraction_mean_lo95,trace_ci_effective_fraction_mean_hi95,trace_ci_effective_fraction_mean_halfwidth95,runtime_seconds_mean,runtime_seconds_lo95,runtime_seconds_hi95,runtime_seconds_halfwidth95,oracle_separator_coverage_fraction_mean,oracle_separator_coverage_fraction_lo95,oracle_separator_coverage_fraction_hi95,oracle_separator_coverage_fraction_halfwidth95,oracle_pc_dependent_partial_corr_q05_mean,oracle_pc_dependent_partial_corr_q05_lo95,oracle_pc_dependent_partial_corr_q05_hi95,oracle_pc_dependent_partial_corr_q05_halfwidth95
global_whole_skeleton,er_expected_degree_2,20,1.0,complete,0.0,n_inverse_half,20,20,0.95570177200755,0.9313534718992476,0.9800500721158525,0.024348300108302467,0.9470653024194213,0.9174707218442691,0.9766598829945735,0.029594580575152185,0.9498631260422142,0.9288795032849466,0.9708467487994819,0.020983622757267617,0.25,0.04207914368655463,0.45792085631344537,0.20792085631344537,0.9,0.42223424615423244,1.3777657538457677,0.47776575384576764,1.2,0.510822596889539,1.889177403110461,0.6891774031104609,769.25,582.2554017729952,956.2445982270048,186.99459822700476,1000.0,1000.0,1000.0,0.0,1000.0,1000.0,1000.0,0.0,1.0,1.0,1.0,0.0,4.273309307599959,2.9637560048900746,5.582862610309844,1.3095533027098847,1.0,1.0,1.0,0.0,0.07533304298440661,0.056224751774100475,0.09444133419471276,0.019108291210306143
global_whole_skeleton,er_expected_degree_2,20,1.0,self_masking_gaussian_preserving,0.3,n_inverse_half,20,20,0.9914035087719298,0.9815006434703708,1.0013063740734889,0.009902865301559038,0.9129901324044631,0.8758849355211489,0.9500953292877774,0.03710519688331426,0.9488901740025618,0.9272047370338643,0.9705756109712593,0.021685436968697513,0.25,0.04207914368655463,0.45792085631344537,0.20792085631344537,0.15,-0.021455930469841594,0.32145593046984156,0.1714559304698416,1.95,1.0846894495449533,2.8153105504550466,0.8653105504550467,622.4,505.4955214956426,739.3044785043573,116.90447850435737,178.25,165.7204607844259,190.7795392155741,12.52953921557409,359.15,346.9293702325689,371.37062976743107,12.220629767431092,0.37981076729838836,0.37056330995365355,0.3890582246431232,0.00924745734473481,3.598164104500006,2.718241655192466,4.478086553807547,0.8799224493075404,1.0,1.0,1.0,0.0,0.07533304298440663,0.05622475177410049,0.09444133419471276,0.019108291210306137
global_whole_skeleton,er_expected_degree_2,20,1.0,self_masking_logistic_population,0.3,n_inverse_half,20,20,0.9884278711484594,0.9772376857950077,0.9996180565019112,0.011190185353451731,0.9137165346254305,0.8780941587590323,0.9493389104918286,0.03562237586639816,0.9481604884443036,0.9263846705953545,0.9699363062932527,0.02177581784894911,0.3,0.07995724872441184,0.5200427512755881,0.22004275127558812,0.2,0.007930940219671723,0.3920690597803283,0.1920690597803283,1.95,1.0456040243825706,2.8543959756174293,0.9043959756174293,627.3,504.10243542983574,750.4975645701642,123.19756457016422,173.75,159.59925825187764,187.90074174812236,14.150741748122357,359.125,348.455093993685,369.794906006315,10.669906006314989,0.3779469236524735,0.3680505407627868,0.3878433065421602,0.009896382889686695,3.5830918604500313,2.7684317741341657,4.397751946765897,0.8146600863158657,1.0,1.0,1.0,0.0,0.07533304298440663,0.05622475177410049,0.09444133419471276,0.019108291210306137
global_whole_skeleton,er_expected_degree_2,20,1.25,complete,0.0,n_inverse_half,20,20,0.9700817393054739,0.950617296212617,0.9895461823983308,0.019464443092856887,0.9470653024194213,0.9174707218442691,0.9766598829945735,0.029594580575152185,0.9575364315556996,0.9360913071626896,0.9789815559487095,0.02144512439300994,0.3,0.07995724872441184,0.5200427512755881,0.22004275127558812,0.6,0.2158618804393434,0.9841381195606566,0.3841381195606566,1.2,0.510822596889539,1.889177403110461,0.6891774031104609,767.25,577.594575577713,956.905424422287,189.65542442228696,796.0,796.0,796.0,0.0,796.0,796.0,796.0,0.0,1.0,1.0,1.0,0.0,4.698881203749875,3.437032344134245,5.960730063365505,1.2618488596156299,1.0,1.0,1.0,0.0,0.07533304298440663,0.05622475177410049,0.09444133419471276,0.019108291210306137
global_whole_skeleton,er_expected_degree_2,20,1.25,self_masking_gaussian_preserving,0.3,n_inverse_half,20,20,0.9861058897243108,0.9710849203731157,1.001126859075506,0.01502096935119518,0.8996710534570946,0.8654905690406951,0.9338515378734942,0.03418048441639954,0.9394613936321259,0.9180860754766,0.9608367117876517,0.021375318155525846,0.1,-0.04405179483524621,0.24405179483524622,0.14405179483524622,0.25,-0.007463900029069048,0.507463900029069,0.25746390002906905,2.25,1.4062750299985685,3.0937249700014315,0.8437249700014315,597.3,492.020890063262,702.5791099367378,105.27910993673791,143.4,133.06858581400735,153.73141418599266,10.331414185992656,287.275,277.6315733021418,296.91842669785814,9.64342669785816,0.3829849451850311,0.3739418255937053,0.39202806477635693,0.00904311959132581,3.163190405850048,2.5168720456917195,3.8095087660083764,0.6463183601583284,1.0,1.0,1.0,0.0,0.07533304298440663,0.05622475177410049,0.09444133419471276,0.019108291210306137
global_whole_skeleton,er_expected_degree_2,20,1.25,self_masking_logistic_population,0.3,n_inverse_half,20,20,0.9828524743230626,0.9650426813566735,1.0006622672894516,0.01780979296638907,0.8910305868013249,0.8507297133365166,0.9313314602661331,0.04030087346480826,0.9327107243261086,0.9067914508763629,0.9586299977758542,0.02591927344974565,0.15,-0.021455930469841594,0.32145593046984156,0.1714559304698416,0.3,-0.007460512985089707,0.6074605129850896,0.3074605129850897,2.4,1.4348649192710339,3.365135080728966,0.9651350807289661,595.8,487.000718335318,704.5992816646819,108.79928166468196,137.8,127.45386710392425,148.14613289607576,10.346132896075751,290.75,278.58079648843125,302.91920351156875,12.169203511568753,0.38111994371590774,0.3719910809799295,0.390248806451886,0.009128862735978238,3.501859028449803,2.691434999806853,4.312283057092753,0.8104240286429498,1.0,1.0,1.0,0.0,0.07533304298440664,0.0562247517741005,0.09444133419471279,0.019108291210306143
global_whole_skeleton,er_expected_degree_2,50,1.0,complete,0.0,n_inverse_half,20,20,0.9573517202400023,0.9431148969319192,0.9715885435480853,0.014236823308083069,0.9760563876676217,0.9643555125857836,0.9877572627494599,0.011700875081838147,0.9661821505264727,0.9573702055959435,0.9749940954570019,0.00881194493052917,0.0,0.0,0.0,0.0,2.15,1.4833550210206359,2.816644978979364,0.666644978979364,1.35,0.6496224713381213,2.050377528661879,0.7003775286618787,3998.15,3191.2970028567443,4805.002997143256,806.8529971432558,2500.0,2500.0,2500.0,0.0,2500.0,2500.0,2500.0,0.0,1.0,1.0,1.0,0.0,23.27542848195004,17.49588079434711,29.054976169552972,5.779547687602932,1.0,1.0,1.0,0.0,,,,
global_whole_skeleton,er_expected_degree_2,50,1.0,self_masking_gaussian_preserving,0.3,n_inverse_half,20,20,0.9907246400459382,0.9847367589683844,0.996712521123492,0.005987881077553769,0.9583952383523775,0.9420862372004095,0.9747042395043455,0.016309001151967983,0.9739201988819788,0.9651300652928861,0.9827103324710714,0.008790133589092641,0.1,-0.04405179483524621,0.24405179483524622,0.14405179483524622,0.45,0.16694239770849517,0.7330576022915049,0.28305760229150484,2.35,1.3282923419451087,3.3717076580548913,1.0217076580548912,3319.25,2793.7179835257994,3844.7820164742006,525.5320164742006,399.0,391.55964771232726,406.44035228767274,7.440352287672738,957.275,890.9399055409968,1023.6100944590031,66.33509445900313,0.3894003519888806,0.3781913095282126,0.40060939444954863,0.011209042460668006,18.574931425399928,14.516896947089075,22.632965903710783,4.058034478310854,1.0,1.0,1.0,0.0,,,,
global_whole_skeleton,er_expected_degree_2,50,1.0,self_masking_logistic_population,0.3,n_inverse_half,20,20,0.9929201633852797,0.9882190516290861,0.9976212751414733,0.004701111756193588,0.9479046267787947,0.9265752546897651,0.9692339988678244,0.02132937208902963,0.9693386404755792,0.9575917294567052,0.9810855514944531,0.011746911018873929,0.1,-0.04405179483524621,0.24405179483524622,0.14405179483524622,0.35,0.12097224312031257,0.5790277568796873,0.22902775687968738,2.9,1.61245663766704,4.18754336233296,1.28754336233296,3310.15,2784.552915371075,3835.747084628925,525.5970846289251,377.0,366.29096570041065,387.70903429958935,10.709034299589348,958.375,892.0010143450783,1024.7489856549219,66.3739856549218,0.3873326251269077,0.37544237431317906,0.3992228759406363,0.011890250813728631,18.809835902899884,15.072724751746433,22.546947054053334,3.7371111511534503,1.0,1.0,1.0,0.0,,,,
global_whole_skeleton,er_expected_degree_2,50,1.25,complete,0.0,n_inverse_half,20,20,0.9573517202400021,0.9431148969319191,0.9715885435480852,0.014236823308083069,0.9760563876676217,0.9643555125857836,0.9877572627494599,0.011700875081838147,0.9661821505264727,0.9573702055959435,0.9749940954570019,0.00881194493052917,0.0,0.0,0.0,0.0,2.15,1.4833550210206359,2.816644978979364,0.666644978979364,1.35,0.6496224713381215,2.050377528661879,0.7003775286618787,3998.15,3191.2970028567443,4805.002997143256,806.8529971432558,2500.0,2500.0,2500.0,0.0,2500.0,2500.0,2500.0,0.0,1.0,1.0,1.0,0.0,25.083655742600012,19.17154234158683,30.995769143613195,5.912113401013183,1.0,1.0,1.0,0.0,,,,
global_whole_skeleton,er_expected_degree_2,50,1.25,self_masking_gaussian_preserving,0.3,n_inverse_half,20,20,0.990724640045938,0.9847367589683842,0.9967125211234917,0.005987881077553769,0.9583952383523776,0.9420862372004096,0.9747042395043456,0.016309001151967983,0.9739201988819788,0.9651300652928861,0.9827103324710714,0.008790133589092641,0.1,-0.04405179483524621,0.24405179483524622,0.14405179483524622,0.45,0.16694239770849517,0.7330576022915049,0.28305760229150484,2.35,1.3282923419451087,3.3717076580548913,1.0217076580548912,3319.25,2793.7179835257994,3844.7820164742006,525.5320164742006,399.0,391.55964771232726,406.44035228767274,7.440352287672738,957.275,890.9399055409968,1023.6100944590031,66.33509445900313,0.38940035198888057,0.37819130952821256,0.4006093944495486,0.011209042460668006,19.904584790599927,16.10158735684888,23.707582224350972,3.8029974337510453,1.0,1.0,1.0,0.0,,,,
global_whole_skeleton,er_expected_degree_2,50,1.25,self_masking_logistic_population,0.3,n_inverse_half,20,20,0.9929201633852796,0.988219051629086,0.9976212751414731,0.004701111756193588,0.9479046267787947,0.9265752546897651,0.9692339988678244,0.02132937208902963,0.9693386404755794,0.9575917294567055,0.9810855514944533,0.011746911018873929,0.1,-0.04405179483524621,0.24405179483524622,0.14405179483524622,0.35,0.12097224312031252,0.5790277568796874,0.22902775687968746,2.9,1.61245663766704,4.18754336233296,1.28754336233296,3310.15,2784.552915371075,3835.747084628925,525.5970846289251,377.0,366.29096570041065,387.70903429958935,10.709034299589348,958.375,892.0010143450783,1024.7489856549219,66.3739856549218,0.3873326251269077,0.37544237431317906,0.3992228759406363,0.011890250813728631,19.28100212450006,15.639953655479134,22.922050593520986,3.6410484690209257,1.0,1.0,1.0,0.0,,,,
global_whole_skeleton,er_expected_degree_2,75,1.0,complete,0.0,n_inverse_half,20,20,0.9412672967270621,0.9298900839713077,0.9526445094828165,0.011377212755754429,0.9869141644762861,0.9792760394568194,0.9945522894957528,0.007638125019466702,0.9633421732714698,0.9562059132680983,0.9704784332748412,0.00713626000337142,0.0,0.0,0.0,0.0,4.5,3.634356445664835,5.365643554335165,0.8656435543351648,1.0,0.411911010202596,1.588088989797404,0.588088989797404,7726.3,6356.562062973836,9096.037937026163,1369.7379370261638,3750.0,3750.0,3750.0,0.0,3750.0,3750.0,3750.0,0.0,1.0,1.0,1.0,0.0,46.32093029839994,36.44090360726102,56.20095698953885,9.880026691138916,1.0,1.0,1.0,0.0,,,,
global_whole_skeleton,er_expected_degree_2,75,1.0,self_masking_gaussian_preserving,0.3,n_inverse_half,20,20,0.988317289387156,0.982236024246598,0.9943985545277141,0.0060812651405580676,0.9731118667873071,0.9630282115970586,0.9831955219775556,0.010083655190248453,0.9805730519952455,0.9733895055615155,0.9877565984289755,0.0071835464337299815,0.2,0.007930940219671695,0.39206905978032836,0.19206905978032834,0.85,0.4132012163596221,1.2867987836403778,0.43679878364037783,2.05,1.2397308845719417,2.860269115428058,0.8102691154280581,6546.25,5601.217051244824,7491.282948755176,945.0329487551762,605.65,598.6581272541431,612.6418727458569,6.991872745856881,1492.825,1383.5730254552875,1602.0769745447126,109.25197454471254,0.40163182105582457,0.3923714966888382,0.41089214542281094,0.009260324366986372,36.7900903498999,29.393108964703245,44.18707173509655,7.3969813851966535,1.0,1.0,1.0,0.0,,,,
global_whole_skeleton,er_expected_degree_2,75,1.0,self_masking_logistic_population,0.3,n_inverse_half,20,20,0.9885281883465249,0.9825778487464697,0.9944785279465801,0.005950339600055199,0.9738661092337357,0.9623012625138153,0.9854309559536562,0.011564846719920419,0.9809939910407701,0.9737087528627989,0.9882792292187413,0.0072852381779712205,0.2,0.007930940219671695,0.39206905978032836,0.19206905978032834,0.85,0.41320121635962204,1.286798783640378,0.436798783640378,2.0,1.0763694671903181,2.923630532809682,0.9236305328096819,6620.25,5608.352201353855,7632.147798646145,1011.897798646145,559.65,552.0969666445599,567.2030333554401,7.553033355440107,1520.7,1413.6661774692757,1627.7338225307244,107.03382253072436,0.39952373123900664,0.3903006393752791,0.4087468231027342,0.00922309186372755,37.752904052849864,30.48904920398254,45.01675890171719,7.263854848867325,1.0,1.0,1.0,0.0,,,,
global_whole_skeleton,er_expected_degree_2,75,1.25,complete,0.0,n_inverse_half,20,20,0.9437124024900827,0.9294670958208212,0.9579577091593442,0.014245306669261493,0.9855149472551512,0.9773331283804112,0.9936967661298912,0.00818181887474001,0.9639119872007015,0.9547115740161001,0.9731124003853029,0.009200413184601408,0.05,-0.05465120272041542,0.15465120272041544,0.10465120272041542,4.3,3.214554883255734,5.385445116744266,1.0854451167442658,1.1,0.47577555571393304,1.724224444286067,0.6242244442860669,7721.8,6338.632627159397,9104.967372840603,1383.167372840603,4151.0,4151.0,4151.0,0.0,4151.0,4151.0,4151.0,0.0,1.0,1.0,1.0,0.0,45.06632071214976,35.175203652705584,54.95743777159394,9.891117059444177,1.0,1.0,1.0,0.0,,,,
global_whole_skeleton,er_expected_degree_2,75,1.25,self_masking_gaussian_preserving,0.3,n_inverse_half,20,20,0.9877645213652138,0.9812012732956277,0.9943277694347998,0.006563248069586081,0.9743842739576014,0.9649358132562094,0.9838327346589935,0.009448460701392047,0.9809604528141588,0.9737878929656197,0.9881330126626978,0.00717255984853904,0.25,0.04207914368655463,0.45792085631344537,0.20792085631344537,0.9,0.42223424615423244,1.3777657538457677,0.47776575384576764,1.95,1.1987944821127048,2.701205517887295,0.7512055178872952,6621.15,5655.533650968375,7586.7663490316245,965.6163490316248,671.5,663.7522390928985,679.2477609071015,7.747760907101451,1671.875,1546.8265298329231,1796.9234701670769,125.04847016707686,0.40056455230801785,0.39132109922531755,0.40980800539071816,0.009243453082700304,37.368914272449885,28.611450325511058,46.12637821938871,8.757463946938827,1.0,1.0,1.0,0.0,,,,
global_whole_skeleton,er_expected_degree_2,75,1.25,self_masking_logistic_population,0.3,n_inverse_half,20,20,0.9876680327734293,0.9822064723955336,0.993129593151325,0.005461560377895691,0.9739892429877759,0.9627667593088196,0.9852117266667322,0.011222483678956285,0.9806723363281753,0.9732723234111303,0.9880723492452202,0.007400012917044951,0.15,-0.021455930469841594,0.32145593046984156,0.1714559304698416,0.9,0.5011386411751216,1.2988613588248783,0.39886135882487833,2.0,1.0889364545706846,2.9110635454293154,0.9110635454293154,6681.15,5649.066732181877,7713.233267818122,1032.0832678181223,621.45,612.6817857755419,630.2182142244582,8.76821422445812,1679.35,1559.259379551117,1799.4406204488828,120.09062044888287,0.39890251072184985,0.38937799557911235,0.40842702586458735,0.0095245151427375,39.28547588034992,31.607264934708297,46.963686825991545,7.678210945641624,1.0,1.0,1.0,0.0,,,,
global_whole_skeleton,er_expected_degree_2,100,1.0,complete,0.0,n_inverse_half,20,20,0.9360844923976936,0.9222445221994146,0.9499244625959727,0.013839970198279095,0.9941739244393067,0.9906821653937093,0.9976656834849041,0.003491759045597398,0.964032855196659,0.9561795695281206,0.9718861408651975,0.00785328566853849,0.0,0.0,0.0,0.0,6.45,5.130835425795748,7.769164574204252,1.319164574204252,0.55,0.2287863895426009,0.8712136104573992,0.32121361045739916,11502.95,9930.180747653223,13075.719252346778,1572.7692523467776,5000.0,5000.0,5000.0,0.0,5000.0,5000.0,5000.0,0.0,1.0,1.0,1.0,0.0,67.1135319347998,56.13783382439876,78.08923004520084,10.975698110401037,1.0,1.0,1.0,0.0,,,,
global_whole_skeleton,er_expected_degree_2,100,1.0,self_masking_gaussian_preserving,0.3,n_inverse_half,20,20,0.992071520060062,0.98698165712323,0.997161382996894,0.005089862936832001,0.9835539755691436,0.976874712687244,0.9902332384510432,0.0066792628818995725,0.9877182954490168,0.9834512301213094,0.9919853607767242,0.0042670653277073756,0.1,-0.04405179483524621,0.24405179483524622,0.14405179483524622,0.75,0.272837867057105,1.227162132942895,0.477162132942895,1.65,0.9496224713381213,2.3503775286618787,0.7003775286618787,10037.2,8914.365446976446,11160.034553023555,1122.8345530235547,812.05,803.3650120141521,820.7349879858479,8.684987985847897,2147.8,1994.2202028224744,2301.3797971775257,153.57979717752562,0.411089362271243,0.4026122922940196,0.41956643224846635,0.008477069977223362,54.52565967614989,44.718366318391524,64.33295303390827,9.807293357758372,1.0,1.0,1.0,0.0,,,,
global_whole_skeleton,er_expected_degree_2,100,1.0,self_masking_logistic_population,0.3,n_inverse_half,20,20,0.9879315563747421,0.9830582659281343,0.9928048468213498,0.004873290446607781,0.985651807214948,0.9794115200584013,0.9918920943714948,0.0062402871565467866,0.9867323002149504,0.9824464607974748,0.991018139632426,0.004285839417475623,0.1,-0.04405179483524621,0.24405179483524622,0.14405179483524622,1.15,0.6875610800140457,1.6124389199859541,0.4624389199859542,1.45,0.7973360235649993,2.1026639764350006,0.6526639764350006,10154.5,8992.306834373147,11316.693165626853,1162.1931656268534,750.9,743.3049193014768,758.4950806985231,7.595080698523134,2158.375,2013.826824107596,2302.9231758924043,144.54817589240417,0.40962859333105517,0.40120188802629403,0.4180552986358163,0.00842670530476114,56.9279105994,49.932993649797766,63.922827549002236,6.994916949602235,1.0,1.0,1.0,0.0,,,,
global_whole_skeleton,er_expected_degree_2,100,1.25,complete,0.0,n_inverse_half,20,20,0.9375475331102037,0.9234651644745641,0.9516299017458433,0.014082368635639608,0.9947002402287805,0.9915840907197432,0.9978163897378177,0.0031161495090372693,0.9650430455160521,0.9572336186308491,0.9728524724012552,0.00780942688520303,0.0,0.0,0.0,0.0,6.3,4.949527761614586,7.650472238385413,1.3504722383854135,0.5,0.21592602961866209,0.784073970381338,0.28407397038133797,11551.3,9911.894542354605,13190.705457645394,1639.4054576453946,5947.0,5947.0,5947.0,0.0,5947.0,5947.0,5947.0,0.0,1.0,1.0,1.0,0.0,69.87918054330005,55.165408628035095,84.59295245856501,14.713771915264957,1.0,1.0,1.0,0.0,,,,
global_whole_skeleton,er_expected_degree_2,100,1.25,self_masking_gaussian_preserving,0.3,n_inverse_half,20,20,0.9872820231980569,0.9815812361030947,0.9929828102930192,0.005700787094962245,0.9858414221064209,0.9796981834388376,0.9919846607740042,0.006143238667583262,0.986491896129482,0.9820744497544543,0.9909093425045096,0.004417446375027612,0.05,-0.05465120272041542,0.15465120272041544,0.10465120272041542,1.2,0.6610075377766567,1.7389924622233432,0.5389924622233433,1.4,0.7850789740298205,2.014921025970179,0.6149210259701793,10137.4,9009.012935293,11265.787064707,1128.3870647069998,968.4,958.6023597714728,978.1976402285271,9.797640228527143,2553.55,2369.3872011888716,2737.712798811129,184.1627988111286,0.41024310066876646,0.40176752719952136,0.41871867413801156,0.008475573469245101,57.00241623904994,49.948616653458785,64.0562158246411,7.0537995855911575,1.0,1.0,1.0,0.0,,,,
global_whole_skeleton,er_expected_degree_2,100,1.25,self_masking_logistic_population,0.3,n_inverse_half,20,20,0.9886999560989954,0.9827977567003409,0.99460215549765,0.005902199398654551,0.985559983516449,0.9793977400407655,0.9917222269921325,0.006162243475683504,0.9870818850119465,0.9819738176166194,0.9921899524072736,0.005108067395327098,0.1,-0.04405179483524621,0.24405179483524622,0.14405179483524622,1.05,0.51368777548188,1.58631222451812,0.53631222451812,1.45,0.8152451742539607,2.0847548257460393,0.6347548257460394,10199.45,8997.209618050529,11401.690381949473,1202.240381949472,894.1,884.817752221728,903.382247778272,9.282247778271994,2567.575,2393.773903143298,2741.3760968567017,173.80109685670186,0.40952933717697093,0.40078531553879404,0.4182733588151478,0.008744021638176891,56.98101839349995,46.627470714562364,67.33456607243754,10.353547678937588,1.0,1.0,1.0,0.0,,,,
global_whole_skeleton,er_expected_degree_2,150,1.0,complete,0.0,n_inverse_half,20,20,0.9365802884988812,0.9278903466499331,0.9452702303478293,0.008689941848948113,0.9959814063501824,0.9931434444013183,0.9988193682990465,0.0028379619488640984,0.9652559071323333,0.9607603682404231,0.9697514460242436,0.0044955388919102335,0.0,0.0,0.0,0.0,10.05,8.793497261228989,11.306502738771012,1.2565027387710117,0.65,0.1875610800140458,1.1124389199859541,0.46243891998595416,23865.05,21348.654071107645,26381.445928892354,2516.3959288923543,7500.0,7500.0,7500.0,0.0,7500.0,7500.0,7500.0,0.0,1.0,1.0,1.0,0.0,143.77146220465002,123.60881956035607,163.93410484894397,20.162642644293953,1.0,1.0,1.0,0.0,,,,
global_whole_skeleton,er_expected_degree_2,150,1.0,self_masking_gaussian_preserving,0.3,n_inverse_half,20,20,0.9947540687717863,0.991221968066723,0.9982861694768496,0.003532100705063268,0.9935091012436565,0.9894848043947505,0.9975333980925626,0.004024296848906039,0.9940965638812432,0.9915324328012185,0.996660694961268,0.002564131080024734,0.25,0.04207914368655463,0.45792085631344537,0.20792085631344537,0.75,0.272837867057105,1.227162132942895,0.477162132942895,1.05,0.3799053473844096,1.7200946526155905,0.6700946526155904,21271.05,19472.558937981725,23069.541062018274,1798.4910620182745,1214.35,1210.2804836798073,1218.4195163201925,4.069516320192633,3188.7,2952.95483290974,3424.4451670902595,235.74516709025966,0.4168896898732909,0.40956730916867734,0.42421207057790444,0.007322380704613551,117.66786606735018,101.78240733760227,133.55332479709807,15.885458729747903,1.0,1.0,1.0,0.0,,,,
global_whole_skeleton,er_expected_degree_2,150,1.0,self_masking_logistic_population,0.3,n_inverse_half,20,20,0.9927724740444244,0.989083330473549,0.9964616176152997,0.003689143570875353,0.9924663094671496,0.9875756485280001,0.9973569704062992,0.0048906609391495826,0.9925909370071302,0.9890696358304741,0.9961122381837862,0.0035213011766560554,0.15,-0.021455930469841594,0.32145593046984156,0.1714559304698416,1.05,0.5356322085904753,1.5643677914095249,0.5143677914095248,1.2,0.41686210861276096,1.9831378913872388,0.7831378913872389,21359.6,19536.161750532086,23183.03824946791,1823.438249467912,1124.7,1112.6917469935286,1136.7082530064715,12.008253006471477,3255.75,3038.374145828142,3473.125854171858,217.375854171858,0.41589576409226253,0.4084017763154601,0.42338975186906497,0.0074939877768024354,121.34463933474986,107.78507457471956,134.90420409478014,13.559564760030291,1.0,1.0,1.0,0.0,,,,
global_whole_skeleton,er_expected_degree_2,150,1.25,complete,0.0,n_inverse_half,20,20,0.9466635351024133,0.9372209958973994,0.9561060743074272,0.009442539205013922,0.9962790253978016,0.9934195383486208,0.9991385124469823,0.002859487049180709,0.9707145910519607,0.9657534487666124,0.975675733337309,0.0049611422853482745,0.0,0.0,0.0,0.0,8.35,6.9478054230419755,9.752194576958024,1.4021945769580242,0.6,0.1344553438350049,1.065544656164995,0.4655446561649951,23856.6,21242.41555170912,26470.784448290877,2614.184448290878,9871.0,9871.0,9871.0,0.0,9871.0,9871.0,9871.0,0.0,1.0,1.0,1.0,0.0,152.7177700497998,128.9193163862428,176.51622371335682,23.798453663557012,1.0,1.0,1.0,0.0,,,,
global_whole_skeleton,er_expected_degree_2,150,1.25,self_masking_gaussian_preserving,0.3,n_inverse_half,20,20,0.990447787091353,0.9860918185540144,0.9948037556286915,0.00435596853733855,0.994105350359014,0.9907257830316593,0.9974849176863688,0.003379567327354782,0.9922322422207577,0.9897985559277331,0.9946659285137822,0.0024336862930245395,0.15,-0.021455930469841594,0.32145593046984156,0.1714559304698416,1.4,0.7666087737359474,2.0333912262640523,0.6333912262640524,0.95,0.3926066205132712,1.5073933794867287,0.5573933794867287,21530.15,19612.574363555043,23447.72563644496,1917.575636444959,1613.55,1608.1890814942776,1618.9109185057223,5.3609185057223385,4250.15,3939.4351324329346,4560.864867567065,310.7148675670651,0.41595680046017264,0.4083017519053787,0.42361184901496657,0.007655048554793931,120.9978161,105.36322774748857,136.63240445251142,15.634588352511429,1.0,1.0,1.0,0.0,,,,
global_whole_skeleton,er_expected_degree_2,150,1.25,self_masking_logistic_population,0.3,n_inverse_half,20,20,0.9941814052090191,0.9910835573229989,0.9972792530950393,0.0030978478860201886,0.9927764547566879,0.9887624355852541,0.9967904739281216,0.004014019171433736,0.9934480869774311,0.9909950547975598,0.9959011191573025,0.0024530321798713617,0.2,0.007930940219671723,0.3920690597803283,0.1920690597803283,0.85,0.41320121635962204,1.286798783640378,0.436798783640378,1.15,0.5008783236785767,1.7991216763214233,0.6491216763214234,21645.25,19699.855225457846,23590.644774542154,1945.3947745421538,1486.9,1473.350194849902,1500.4498051500982,13.54980515009811,4229.575,3934.5686974442374,4524.581302555762,295.0063025557622,0.41474354170006567,0.40682432467480534,0.422662758725326,0.007919217025260328,126.56711015410019,111.1516316156431,141.98258869255727,15.415478538457087,1.0,1.0,1.0,0.0,,,,
global_whole_skeleton,random_regular_d2,20,1.0,complete,0.0,n_inverse_half,20,20,0.9854636591478698,0.9725716740987173,0.9983556441970224,0.012891985049152566,0.9875,0.9746268049985466,1.0003731950014536,0.012873195001453508,0.9862726704190118,0.9752172748923129,0.9973280659457107,0.011055395526698875,0.65,0.42097224312031256,0.8790277568796875,0.22902775687968746,0.3,0.03265118343820478,0.5673488165617953,0.2673488165617952,0.25,-0.007463900029069048,0.507463900029069,0.25746390002906905,380.1,358.5200453379887,401.67995466201137,21.579954662011346,1000.0,1000.0,1000.0,0.0,1000.0,1000.0,1000.0,0.0,1.0,1.0,1.0,0.0,1.7937947003499972,1.6334406464670728,1.9541487542329217,0.16035405388292445,1.0,1.0,1.0,0.0,0.15135499974110572,0.13450715034532254,0.1682028491368889,0.016847849395783182
global_whole_skeleton,random_regular_d2,20,1.0,self_masking_gaussian_preserving,0.3,n_inverse_half,20,20,0.9974999999999999,0.9922674398639791,1.0027325601360206,0.005232560136020747,0.9875,0.9746268049985466,1.0003731950014536,0.012873195001453508,0.992304318488529,0.9844138842821736,1.0001947526948842,0.007890434206355323,0.8,0.6079309402196718,0.9920690597803283,0.1920690597803283,0.05,-0.05465120272041542,0.15465120272041544,0.10465120272041542,0.25,-0.007463900029069048,0.507463900029069,0.25746390002906905,357.3,340.26631940084394,374.3336805991561,17.03368059915607,278.6,260.1015706948752,297.09842930512485,18.49842930512483,448.55,428.42152850963083,468.6784714903692,20.12847149036918,0.4226112721641579,0.4186879986512334,0.4265345456770824,0.0039232735129244856,1.8670460733500704,1.6858008186990892,2.048291328001052,0.1812452546509814,1.0,1.0,1.0,0.0,0.15135499974110572,0.13450715034532254,0.1682028491368889,0.016847849395783182
global_whole_skeleton,random_regular_d2,20,1.0,self_masking_logistic_population,0.3,n_inverse_half,20,20,1.0,1.0,1.0,0.0,0.985,0.9716325591719103,0.9983674408280897,0.013367440828089716,0.9922402159244263,0.9852854600919007,0.999194971756952,0.006954755832525694,0.75,0.5420791436865546,0.9579208563134454,0.20792085631344537,0.0,0.0,0.0,0.0,0.3,0.03265118343820478,0.5673488165617953,0.2673488165617952,355.65,339.3663585205434,371.9336414794566,16.283641479456605,272.4,254.12540865981995,290.67459134018,18.27459134018001,454.575,439.645708187401,469.504291812599,14.92929181259899,0.421749756138747,0.4177253446420239,0.4257741676354701,0.004024411496723113,1.706342563349915,1.539803443082458,1.8728816836173718,0.16653912026745687,1.0,1.0,1.0,0.0,0.15135499974110572,0.13450715034532254,0.1682028491368889,0.016847849395783182
global_whole_skeleton,random_regular_d2,20,1.25,complete,0.0,n_inverse_half,20,20,0.9877255639097744,0.9775059102179676,0.9979452176015812,0.010219653691806774,0.9875,0.9746268049985466,1.0003731950014536,0.012873195001453508,0.9874312070043778,0.9776156717258542,0.9972467422829014,0.009815535278523635,0.65,0.42097224312031256,0.8790277568796875,0.22902775687968746,0.25,0.04207914368655463,0.45792085631344537,0.20792085631344537,0.25,-0.007463900029069048,0.507463900029069,0.25746390002906905,380.35,357.8682391221859,402.83176087781413,22.48176087781411,796.0,796.0,796.0,0.0,796.0,796.0,796.0,0.0,1.0,1.0,1.0,0.0,1.9225786321500096,1.669833217073851,2.175324047226168,0.25274541507615855,1.0,1.0,1.0,0.0,0.15135499974110572,0.13450715034532254,0.1682028491368889,0.016847849395783182
global_whole_skeleton,random_regular_d2,20,1.25,self_masking_gaussian_preserving,0.3,n_inverse_half,20,20,0.9976190476190476,0.9926356570133136,1.0026024382247818,0.004983390605734106,0.9799999999999999,0.9640744748718076,0.9959255251281921,0.01592552512819223,0.9883891247819362,0.9800248462719648,0.9967534032919075,0.008364278509971346,0.65,0.42097224312031256,0.8790277568796875,0.22902775687968746,0.05,-0.05465120272041543,0.15465120272041544,0.10465120272041543,0.4,0.08148949743615497,0.7185105025638451,0.31851050256384505,359.25,340.133413783376,378.366586216624,19.116586216624,222.4,208.0450059487361,236.7549940512639,14.354994051263901,349.275,331.3333897548195,367.21661024518045,17.94161024518047,0.42216454268376047,0.4175818161647687,0.42674726920275224,0.004582726518991775,1.9063753407000832,1.740926085914638,2.0718245954855283,0.16544925478544514,1.0,1.0,1.0,0.0,0.15135499974110572,0.13450715034532254,0.1682028491368889,0.016847849395783182
global_whole_skeleton,random_regular_d2,20,1.25,self_masking_logistic_population,0.3,n_inverse_half,20,20,0.9949999999999999,0.9877974102582375,1.0022025897417621,0.0072025897417623,0.985,0.9716325591719103,0.9983674408280897,0.013367440828089716,0.989804318488529,0.9808172815046935,0.9987913554723645,0.008987036983835517,0.75,0.5420791436865546,0.9579208563134454,0.20792085631344537,0.1,-0.04405179483524621,0.24405179483524622,0.14405179483524622,0.3,0.03265118343820478,0.5673488165617953,0.2673488165617952,351.0,335.8604678005473,366.1395321994527,15.139532199452674,212.35,198.4222821101319,226.2777178898681,13.927717889868092,361.1,349.91635738220003,372.2836426178,11.18364261779999,0.42340908797596405,0.419650428628451,0.4271677473234771,0.0037586593475130714,1.7920575063000341,1.7039470044677798,1.8801680081322885,0.08811050183225433,1.0,1.0,1.0,0.0,0.15135499974110572,0.13450715034532254,0.1682028491368889,0.016847849395783182
global_whole_skeleton,random_regular_d2,50,1.0,complete,0.0,n_inverse_half,20,20,0.9865300821183174,0.977931622603778,0.9951285416328568,0.008598459514539414,1.0,1.0,1.0,0.0,0.9931361348804565,0.9887016924909259,0.9975705772699871,0.004434442389530613,0.5,0.25991367527458964,0.7400863247254104,0.24008632472541036,0.7,0.2419444862406251,1.1580555137593749,0.4580555137593749,0.0,0.0,0.0,0.0,1798.85,1763.3655092326019,1834.334490767398,35.48449076739803,2500.0,2500.0,2500.0,0.0,2500.0,2500.0,2500.0,0.0,1.0,1.0,1.0,0.0,7.95417009929987,7.333463117201965,8.574877081397776,0.6207069820979059,1.0,1.0,1.0,0.0,,,,
global_whole_skeleton,random_regular_d2,50,1.0,self_masking_gaussian_preserving,0.3,n_inverse_half,20,20,0.9990196078431373,0.9969676234760703,1.0010715922102043,0.0020519843670669946,0.999,0.9969069759455916,1.0010930240544083,0.00209302405440831,0.998999899989999,0.9975591579408897,1.0004406420391085,0.0014407420491094336,0.9,0.7559482051647538,1.0440517948352461,0.14405179483524616,0.05,-0.05465120272041542,0.15465120272041544,0.10465120272041542,0.05,-0.05465120272041542,0.15465120272041544,0.10465120272041542,1767.3,1738.4524116924918,1796.1475883075082,28.847588307508204,660.35,615.5894411621043,705.1105588378957,44.7605588378957,1212.825,1210.4394611519847,1215.2105388480154,2.385538848015358,0.4461442192411309,0.44450631841996185,0.44778212006229995,0.0016379008211690471,7.922543646800068,7.405546979377374,8.43954031422276,0.5169966674226933,1.0,1.0,1.0,0.0,,,,
global_whole_skeleton,random_regular_d2,50,1.0,self_masking_logistic_population,0.3,n_inverse_half,20,20,0.9970588235294118,0.993696942539807,1.0004207045190165,0.0033618809896047708,0.999,0.9969069759455916,1.0010930240544083,0.00209302405440831,0.998009800980098,0.9960984322157534,0.9999211697444425,0.001911368764344501,0.8,0.6079309402196718,0.9920690597803283,0.1920690597803283,0.15,-0.021455930469841594,0.32145593046984156,0.1714559304698416,0.05,-0.05465120272041542,0.15465120272041544,0.10465120272041542,1770.75,1738.0168467308722,1803.4831532691278,32.7331532691278,670.25,625.9612957859675,714.5387042140325,44.288704214032464,1207.85,1204.7076194286535,1210.9923805713463,3.1423805713463935,0.44400112021726884,0.4417938440379388,0.44620839639659887,0.002207276179330031,8.030452063750056,7.305625084714152,8.75527904278596,0.7248269790359037,1.0,1.0,1.0,0.0,,,,
global_whole_skeleton,random_regular_d2,50,1.25,complete,0.0,n_inverse_half,20,20,0.9865300821183174,0.977931622603778,0.9951285416328568,0.008598459514539414,1.0,1.0,1.0,0.0,0.9931361348804565,0.9887016924909259,0.9975705772699871,0.004434442389530613,0.5,0.25991367527458964,0.7400863247254104,0.24008632472541036,0.7,0.2419444862406251,1.1580555137593749,0.4580555137593749,0.0,0.0,0.0,0.0,1798.85,1763.3655092326019,1834.334490767398,35.48449076739803,2500.0,2500.0,2500.0,0.0,2500.0,2500.0,2500.0,0.0,1.0,1.0,1.0,0.0,8.201504264950007,7.466026893049486,8.936981636850527,0.7354773719005205,1.0,1.0,1.0,0.0,,,,
global_whole_skeleton,random_regular_d2,50,1.25,self_masking_gaussian_preserving,0.3,n_inverse_half,20,20,0.9990196078431373,0.9969676234760703,1.0010715922102043,0.0020519843670669946,0.999,0.9969069759455916,1.0010930240544083,0.00209302405440831,0.998999899989999,0.9975591579408897,1.0004406420391085,0.0014407420491094336,0.9,0.7559482051647538,1.0440517948352461,0.14405179483524616,0.05,-0.05465120272041542,0.15465120272041544,0.10465120272041542,0.05,-0.05465120272041542,0.15465120272041544,0.10465120272041542,1767.3,1738.452411692492,1796.147588307508,28.847588307507976,660.35,615.5894411621043,705.1105588378957,44.7605588378957,1212.825,1210.4394611519847,1215.2105388480154,2.385538848015358,0.4461442192411308,0.44450631841996174,0.44778212006229984,0.0016379008211690471,8.142136141399941,7.575127145469168,8.709145137330713,0.5670089959307725,1.0,1.0,1.0,0.0,,,,
global_whole_skeleton,random_regular_d2,50,1.25,self_masking_logistic_population,0.3,n_inverse_half,20,20,0.9970588235294118,0.993696942539807,1.0004207045190165,0.0033618809896047708,0.999,0.9969069759455916,1.0010930240544083,0.00209302405440831,0.9980098009800982,0.9960984322157537,0.9999211697444427,0.001911368764344501,0.8,0.6079309402196718,0.9920690597803283,0.1920690597803283,0.15,-0.021455930469841594,0.32145593046984156,0.1714559304698416,0.05,-0.05465120272041542,0.15465120272041544,0.10465120272041542,1770.75,1738.0168467308722,1803.4831532691278,32.7331532691278,670.25,625.9612957859675,714.5387042140325,44.288704214032464,1207.85,1204.7076194286535,1210.9923805713463,3.1423805713463935,0.44400112021726884,0.4417938440379388,0.44620839639659887,0.002207276179330031,7.995147990199951,7.258985643195354,8.731310337204548,0.7361623470045968,1.0,1.0,1.0,0.0,,,,
global_whole_skeleton,random_regular_d2,75,1.0,complete,0.0,n_inverse_half,20,20,0.9755199746955242,0.9678576431958231,0.9831823061952253,0.0076623314997010805,0.9986666666666666,0.9967459760688633,1.00058735726447,0.0019206905978033095,0.9868887565799792,0.982813639345771,0.9909638738141874,0.00407511723420817,0.15,-0.021455930469841594,0.32145593046984156,0.1714559304698416,1.9,1.2945253271059252,2.5054746728940747,0.6054746728940748,0.1,-0.04405179483524621,0.24405179483524622,0.14405179483524622,3720.15,3671.64203897094,3768.65796102906,48.50796102905997,3750.0,3750.0,3750.0,0.0,3750.0,3750.0,3750.0,0.0,1.0,1.0,1.0,0.0,17.62486739034987,16.39759689358876,18.85213788711098,1.2272704967611112,1.0,1.0,1.0,0.0,,,,
global_whole_skeleton,random_regular_d2,75,1.0,self_masking_gaussian_preserving,0.3,n_inverse_half,20,20,0.9993421052631579,0.9979651157536787,1.000719094772637,0.0013769895094791207,0.9973333333333333,0.9940687870540756,1.000597879612591,0.003264546279257652,0.9983220575569124,0.996589941665287,1.0000541734485378,0.0017321158916253632,0.8,0.6079309402196718,0.9920690597803283,0.1920690597803283,0.05,-0.05465120272041542,0.15465120272041544,0.10465120272041542,0.2,-0.04484097094432832,0.44484097094432834,0.24484097094432833,3622.2,3589.8623772969727,3654.537622703027,32.33762270302714,1057.45,983.0843741578371,1131.815625842163,74.3656258421629,1827.25,1824.7325257314023,1829.7674742685977,2.5174742685976526,0.45637783588040765,0.455349608925738,0.4574060628350773,0.001028226954669642,16.851791436149995,15.807428327880746,17.896154544419243,1.0443631082692484,1.0,1.0,1.0,0.0,,,,
global_whole_skeleton,random_regular_d2,75,1.0,self_masking_logistic_population,0.3,n_inverse_half,20,20,0.997350640113798,0.9948061249305088,0.9998951552970873,0.002544515183289242,0.9973333333333333,0.9940687870540756,1.000597879612591,0.003264546279257652,0.997328770167563,0.994965810903591,0.9996917294315351,0.0023629592639720087,0.7,0.4799572487244118,0.9200427512755881,0.22004275127558814,0.2,0.007930940219671695,0.39206905978032836,0.19206905978032834,0.2,-0.044840970944328234,0.4448409709443283,0.24484097094432827,3639.5,3593.170306087054,3685.829693912946,46.32969391294591,955.2,885.3754667081184,1025.0245332918817,69.82453329188161,1825.075,1822.5704093801733,1827.5795906198268,2.5045906198267858,0.4551807237239758,0.4535012821880475,0.456860165259904,0.00167944153592825,15.774355815750017,14.769007210047128,16.779704421452905,1.0053486057028884,1.0,1.0,1.0,0.0,,,,
global_whole_skeleton,random_regular_d2,75,1.25,complete,0.0,n_inverse_half,20,20,0.981199097371649,0.9743473619485907,0.9880508327947073,0.0068517354230582805,0.9986666666666666,0.9967459760688633,1.00058735726447,0.0019206905978033095,0.9898086565974025,0.985902092593877,0.993715220600928,0.0039065640035255145,0.2,0.007930940219671695,0.39206905978032836,0.19206905978032834,1.45,0.9136877754818798,1.98631222451812,0.53631222451812,0.1,-0.04405179483524621,0.24405179483524622,0.14405179483524622,3695.1,3652.3754529409034,3737.8245470590964,42.724547059096494,4151.0,4151.0,4151.0,0.0,4151.0,4151.0,4151.0,0.0,1.0,1.0,1.0,0.0,16.356785000450067,14.989786849990802,17.72378315090933,1.3669981504592643,1.0,1.0,1.0,0.0,,,,
global_whole_skeleton,random_regular_d2,75,1.25,self_masking_gaussian_preserving,0.3,n_inverse_half,20,20,1.0,1.0,1.0,0.0,0.9973333333333333,0.9940687870540756,1.000597879612591,0.003264546279257652,0.998653183384727,0.9970022593853974,1.0003041073840564,0.0016509239993294789,0.85,0.6785440695301583,1.0214559304698416,0.17145593046984164,0.0,0.0,0.0,0.0,0.2,-0.044840970944328234,0.4448409709443283,0.24484097094432827,3598.5,3557.798605027191,3639.201394972809,40.701394972808885,1106.9,1032.491379680431,1181.3086203195692,74.40862031956908,2023.45,2020.6236016505559,2026.2763983494442,2.826398349444162,0.4569678402709039,0.4556726148593023,0.4582630656825055,0.001295225411601597,16.371462656850202,15.15399042123806,17.588934892462344,1.2174722356121421,1.0,1.0,1.0,0.0,,,,
global_whole_skeleton,random_regular_d2,75,1.25,self_masking_logistic_population,0.3,n_inverse_half,20,20,0.9966927453769558,0.9939419445161023,0.9994435462378094,0.002750800860853553,0.9973333333333333,0.9940687870540756,1.000597879612591,0.003264546279257652,0.9969976443397485,0.9946194046877607,0.9993758839917363,0.0023782396519878013,0.65,0.4209722431203126,0.8790277568796874,0.22902775687968738,0.25,0.04207914368655463,0.45792085631344537,0.20792085631344537,0.2,-0.04484097094432832,0.44484097094432834,0.24484097094432833,3620.75,3574.923595485793,3666.576404514207,45.82640451420684,1038.75,963.9370247596388,1113.5629752403613,74.81297524036125,2021.3,2018.7316373360527,2023.8683626639472,2.568362663947255,0.45574148610770326,0.4540501868883634,0.4574327853270431,0.001691299219339859,16.080856120149996,15.025055865006678,17.136656375293313,1.0558002551433177,1.0,1.0,1.0,0.0,,,,
global_whole_skeleton,random_regular_d2,100,1.0,complete,0.0,n_inverse_half,20,20,0.9809773481631432,0.9753685062474051,0.9865861900788813,0.005608841915738072,0.999,0.9975594820516476,1.0004405179483524,0.0014405179483524266,0.9898770668920432,0.9866606605267076,0.9930934732573788,0.0032164063653356,0.2,0.007930940219671695,0.39206905978032836,0.19206905978032834,1.95,1.3722942298854037,2.527705770114596,0.5777057701145962,0.1,-0.04405179483524621,0.24405179483524622,0.14405179483524622,6310.7,6251.851888557638,6369.548111442362,58.8481114423621,5000.0,5000.0,5000.0,0.0,5000.0,5000.0,5000.0,0.0,1.0,1.0,1.0,0.0,28.69566741220019,26.513309906484604,30.878024917915777,2.1823575057155864,1.0,1.0,1.0,0.0,,,,
global_whole_skeleton,random_regular_d2,100,1.0,self_masking_gaussian_preserving,0.3,n_inverse_half,20,20,0.9990099009900991,0.9975836455956907,1.0004361563845074,0.0014262553944083822,0.999,0.9975594820516476,1.0004405179483524,0.0014405179483524266,0.998999974999375,0.9980395906855875,0.9999603593131625,0.0009603843137875323,0.8,0.6079309402196718,0.9920690597803283,0.1920690597803283,0.1,-0.04405179483524621,0.24405179483524622,0.14405179483524622,0.1,-0.04405179483524621,0.24405179483524622,0.14405179483524622,6180.05,6145.143900521891,6214.9560994781095,34.906099478109354,1367.95,1266.9176950661595,1468.9823049338406,101.03230493384058,2439.225,2436.5639650118283,2441.8860349881716,2.66103498817165,0.46111647427993707,0.46033318932263345,0.4618997592372407,0.0007832849573036205,28.430038902400042,26.309169121548337,30.55090868325175,2.120869780851706,1.0,1.0,1.0,0.0,,,,
global_whole_skeleton,random_regular_d2,100,1.0,self_masking_logistic_population,0.3,n_inverse_half,20,20,0.998019801980198,0.9961181281209869,0.9999214758394092,0.0019016738592111393,0.999,0.9975594820516476,1.0004405179483524,0.0014405179483524266,0.998502462561564,0.9974040375414287,0.9996008875816994,0.0010984250201353518,0.7,0.4799572487244118,0.9200427512755881,0.22004275127558814,0.2,0.007930940219671723,0.3920690597803283,0.1920690597803283,0.1,-0.04405179483524621,0.24405179483524622,0.14405179483524622,6213.55,6168.124176364057,6258.975823635943,45.425823635942834,1200.3,1120.1183416995223,1280.4816583004776,80.1816583004777,2438.0,2436.1034699941265,2439.8965300058735,1.896530005873501,0.4599659906133319,0.4592030171486482,0.46072896407801556,0.0007629734646836805,27.597130863150028,25.726842524745614,29.467419201554442,1.8702883384044142,1.0,1.0,1.0,0.0,,,,
global_whole_skeleton,random_regular_d2,100,1.25,complete,0.0,n_inverse_half,20,20,0.9810715786100914,0.9739559494094433,0.9881872078107395,0.007115629200648121,0.999,0.9975594820516476,1.0004405179483524,0.0014405179483524266,0.989900691942095,0.9860214427461989,0.9937799411379911,0.003879249195896106,0.1,-0.04405179483524621,0.24405179483524622,0.14405179483524622,1.95,1.1987944821127048,2.701205517887295,0.7512055178872952,0.1,-0.04405179483524621,0.24405179483524622,0.14405179483524622,6246.75,6176.418248863758,6317.081751136242,70.33175113624202,5947.0,5947.0,5947.0,0.0,5947.0,5947.0,5947.0,0.0,1.0,1.0,1.0,0.0,28.77238396894977,26.838629123638242,30.7061388142613,1.9337548453115296,1.0,1.0,1.0,0.0,,,,
global_whole_skeleton,random_regular_d2,100,1.25,self_masking_gaussian_preserving,0.3,n_inverse_half,20,20,0.9985148514851486,0.9968172680151501,1.0002124349551471,0.001697583469998487,0.999,0.9975594820516476,1.0004405179483524,0.0014405179483524266,0.9987512187804695,0.9977126114878161,0.9997898260731228,0.0010386072926533707,0.75,0.5420791436865546,0.9579208563134454,0.20792085631344537,0.15,-0.021455930469841594,0.32145593046984156,0.1714559304698416,0.1,-0.04405179483524621,0.24405179483524622,0.14405179483524622,6147.65,6110.903056612093,6184.3969433879065,36.74694338790687,1625.05,1503.4208864340555,1746.6791135659444,121.62911356594441,2902.6,2899.677645428372,2905.5223545716276,2.922354571627693,0.46172520687511975,0.4608936848309377,0.46255672891930183,0.0008315220441820759,25.97733927240008,23.869181056931126,28.085497487869034,2.108158215468954,1.0,1.0,1.0,0.0,,,,
global_whole_skeleton,random_regular_d2,100,1.25,self_masking_logistic_population,0.3,n_inverse_half,20,20,0.9990099009900991,0.9975836455956907,1.0004361563845074,0.0014262553944083822,0.999,0.9975594820516476,1.0004405179483524,0.0014405179483524266,0.998999974999375,0.9980395906855875,0.9999603593131625,0.0009603843137875323,0.8,0.6079309402196718,0.9920690597803283,0.1920690597803283,0.1,-0.04405179483524621,0.24405179483524622,0.14405179483524622,0.1,-0.04405179483524621,0.24405179483524622,0.14405179483524622,6159.35,6119.216276323772,6199.483723676229,40.13372367622833,1456.6,1349.1890810987948,1564.010918901205,107.41091890120515,2901.825,2899.752351291935,2903.8976487080645,2.072648708064662,0.4611073623236808,0.46039498378747373,0.4618197408598879,0.0007123785362070922,28.111961439850027,26.020680868442412,30.203242011257643,2.0912805714076157,1.0,1.0,1.0,0.0,,,,
global_whole_skeleton,random_regular_d2,150,1.0,complete,0.0,n_inverse_half,20,20,0.976762017248394,0.9700725191004912,0.9834515153962967,0.0066894981479027615,1.0,1.0,1.0,0.0,0.98819406661813,0.9847632192203514,0.9916249140159087,0.003430847397778658,0.05,-0.05465120272041542,0.15465120272041544,0.10465120272041542,3.6,2.5436201712081945,4.656379828791806,1.0563798287918058,0.0,0.0,0.0,0.0,13529.35,13441.022861092231,13617.67713890777,88.32713890776904,7500.0,7500.0,7500.0,0.0,7500.0,7500.0,7500.0,0.0,1.0,1.0,1.0,0.0,61.91556621999998,56.945583081781976,66.88554935821799,4.969983138218005,1.0,1.0,1.0,0.0,,,,
global_whole_skeleton,random_regular_d2,150,1.0,self_masking_gaussian_preserving,0.3,n_inverse_half,20,20,0.9983421633554084,0.9969633615772237,0.9997209651335931,0.001378801778184724,0.9993333333333332,0.9983729880344315,1.000293678632235,0.0009603452989017103,0.9988349907591566,0.9979199204227261,0.9997500610955871,0.0009150703364304569,0.7,0.4799572487244118,0.9200427512755881,0.22004275127558814,0.25,0.04207914368655463,0.45792085631344537,0.20792085631344537,0.1,-0.04405179483524621,0.24405179483524622,0.14405179483524622,13272.35,13213.483442656272,13331.216557343729,58.866557343728346,1870.1,1773.8571929940426,1966.3428070059572,96.24280700595727,3665.15,3662.5898420908206,3667.7101579091795,2.560157909179452,0.4670636756945485,0.4664191105311182,0.4677082408579788,0.0006445651634303107,62.65390827135004,58.43286531697738,66.8749512257227,4.22104295437266,1.0,1.0,1.0,0.0,,,,
global_whole_skeleton,random_regular_d2,150,1.0,self_masking_logistic_population,0.3,n_inverse_half,20,20,0.9990044150110375,0.9978664154246137,1.0001424145974613,0.001137999586423799,0.9996666666666666,0.9989689919818638,1.0003643413514693,0.0006976746848027515,0.9993344407530454,0.998519137331614,1.0001497441744769,0.0008153034214314347,0.85,0.6785440695301583,1.0214559304698416,0.17145593046984164,0.15,-0.021455930469841594,0.32145593046984156,0.1714559304698416,0.05,-0.05465120272041543,0.15465120272041544,0.10465120272041543,13295.95,13219.864302718404,13372.035697281597,76.08569728159637,1800.95,1688.982893615163,1912.917106384837,111.96710638483705,3664.75,3663.03964820914,3666.46035179086,1.7103517908599315,0.46648599047369127,0.465706454620353,0.46726552632702956,0.0007795358533382868,60.9796457326501,55.8857714191973,66.0735200461029,5.093874313452801,1.0,1.0,1.0,0.0,,,,
global_whole_skeleton,random_regular_d2,150,1.25,complete,0.0,n_inverse_half,20,20,0.9843252061503269,0.9802620970733409,0.988388315227313,0.004063109076986038,1.0,1.0,1.0,0.0,0.9920823033740538,0.9900115527733311,0.9941530539747765,0.002070750600722704,0.0,0.0,0.0,0.0,2.4,1.7666087737359475,3.0333912262640523,0.6333912262640524,0.0,0.0,0.0,0.0,13350.6,13281.351778540375,13419.848221459626,69.24822145962571,9871.0,9871.0,9871.0,0.0,9871.0,9871.0,9871.0,0.0,1.0,1.0,1.0,0.0,63.03150634129984,58.56615414374916,67.49685853885052,4.465352197550679,1.0,1.0,1.0,0.0,,,,
global_whole_skeleton,random_regular_d2,150,1.25,self_masking_gaussian_preserving,0.3,n_inverse_half,20,20,1.0,1.0,1.0,0.0,1.0,1.0,1.0,0.0,1.0,1.0,1.0,0.0,1.0,1.0,1.0,0.0,0.0,0.0,0.0,0.0,0.0,0.0,0.0,0.0,13148.0,13095.721568021227,13200.278431978773,52.27843197877337,2692.75,2497.9275659002838,2887.5724340997162,194.82243409971625,4826.3,4823.198887553872,4829.4011124461285,3.1011124461283543,0.4682481835711957,0.46770394073315696,0.4687924264092344,0.0005442428380387221,61.47954956214976,57.44836589213589,65.51073323216363,4.031183670013871,1.0,1.0,1.0,0.0,,,,
global_whole_skeleton,random_regular_d2,150,1.25,self_masking_logistic_population,0.3,n_inverse_half,20,20,0.9993377483443708,0.9983837629481109,1.0002917337406307,0.0009539853962599043,1.0,1.0,1.0,0.0,0.9996677740863789,0.9991891966948996,1.0001463514778581,0.0004785773914792735,0.9,0.7559482051647538,1.0440517948352461,0.14405179483524616,0.1,-0.04405179483524621,0.24405179483524622,0.14405179483524622,0.0,0.0,0.0,0.0,13160.8,13098.481877144777,13223.118122855221,62.3181228552221,2528.8,2332.757520733756,2724.8424792662445,196.0424792662443,4824.95,4822.741858317396,4827.158141682604,2.2081416826040368,0.46774187321985466,0.4670414789204376,0.4684422675192717,0.0007003942994170398,61.582698642200214,57.2137202129179,65.95167707148252,4.368978429282311,1.0,1.0,1.0,0.0,,,,
global_whole_skeleton,scale_free_m2,20,1.0,complete,0.0,n_inverse_half,20,20,0.9252053922814202,0.9045530114342896,0.9458577731285508,0.020652380847130614,0.7148648648648649,0.6862919462683968,0.7434377834613329,0.028572918596468044,0.8054260004384627,0.7826296905080542,0.8282223103688712,0.022796309930408487,0.0,0.0,0.0,0.0,2.15,1.5565446784414616,2.743455321558538,0.5934553215585382,10.55,9.492802011930685,11.607197988069316,1.0571979880693156,2280.6,2042.4878879025441,2518.7121120974557,238.1121120974558,1000.0,1000.0,1000.0,0.0,1000.0,1000.0,1000.0,0.0,1.0,1.0,1.0,0.0,14.853126969499954,13.269270134712162,16.436983804287745,1.5838568347877917,,,,,,,,
global_whole_skeleton,scale_free_m2,20,1.0,self_masking_gaussian_preserving,0.3,n_inverse_half,20,20,0.9700676065196525,0.950829907112363,0.989305305926942,0.019237699407289477,0.5540540540540542,0.5213514333222835,0.5867566747858248,0.03270262073177066,0.702764622240488,0.6745601371295459,0.7309691073514301,0.02820448511094209,0.0,0.0,0.0,0.0,0.65,0.24044341042823936,1.0595565895717607,0.40955658957176067,16.5,15.290003032924487,17.709996967075515,1.2099969670755142,1105.75,999.2279562659744,1212.2720437340256,106.5220437340256,163.7,155.80981214143156,171.5901878585684,7.890187858568424,342.425,339.4598852895689,345.39011471043113,2.9651147104311235,0.34216719072182655,0.3360084480193362,0.3483259334243169,0.0061587427024903385,6.622456768399968,5.783236001243434,7.461677535556502,0.8392207671565339,,,,,,,,
global_whole_skeleton,scale_free_m2,20,1.0,self_masking_logistic_population,0.3,n_inverse_half,20,20,0.9635156071998177,0.9429572549432409,0.9840739594563944,0.020558352256576762,0.5527027027027028,0.5269183184666035,0.5784870869388021,0.0257843842360993,0.7009162050065884,0.6790212553780419,0.7228111546351348,0.021894949628546434,0.0,0.0,0.0,0.0,0.8,0.32952880816207686,1.2704711918379232,0.4704711918379232,16.55,15.595977783264326,17.504022216735674,0.954022216735674,1123.55,1016.4346339650915,1230.6653660349084,107.11536603490845,154.4,149.71394790391247,159.08605209608754,4.686052096087536,336.425,332.9480766755754,339.9019233244246,3.476923324424604,0.3390406630077568,0.3333502848442126,0.34473104117130104,0.00569037816354423,7.049694942700114,6.226609398500823,7.872780486899405,0.8230855441992908,,,,,,,,
global_whole_skeleton,scale_free_m2,20,1.25,complete,0.0,n_inverse_half,20,20,0.927500973154477,0.9014115702399063,0.9535903760690477,0.026089402914570736,0.7108108108108108,0.6848231086164357,0.7367985130051858,0.025987702194375073,0.8037754979374055,0.7810520540796777,0.8264989417951334,0.022723443857727843,0.0,0.0,0.0,0.0,2.1,1.312458299437503,2.8875417005624975,0.7875417005624973,10.7,9.738455018808121,11.661544981191877,0.9615449811918779,2126.3,1873.9204560757362,2378.679543924264,252.379543924264,796.0,796.0,796.0,0.0,796.0,796.0,796.0,0.0,1.0,1.0,1.0,0.0,13.617055092450006,11.942509391377962,15.291600793522049,1.6745457010720433,,,,,,,,
global_whole_skeleton,scale_free_m2,20,1.25,self_masking_gaussian_preserving,0.3,n_inverse_half,20,20,0.963138600529905,0.9430030407844778,0.9832741602753321,0.020135559745427134,0.5486486486486486,0.5170993698840137,0.5801979274132835,0.03154927876463487,0.6966663934875037,0.6691163820592448,0.7242164049157626,0.027550011428258858,0.0,0.0,0.0,0.0,0.8,0.3547062037021695,1.2452937962978305,0.4452937962978305,16.7,15.532676685708509,17.86732331429149,1.1673233142914903,1011.05,928.056984411035,1094.0430155889649,82.99301558896491,132.25,125.386931778784,139.113068221216,6.863068221215997,274.5,271.71458472200413,277.28541527799587,2.7854152779958667,0.34841467613410415,0.34274682508220844,0.35408252718599986,0.0056678510518957115,6.118395051200037,5.528486800349976,6.708303302050098,0.589908250850061,,,,,,,,
global_whole_skeleton,scale_free_m2,20,1.25,self_masking_logistic_population,0.3,n_inverse_half,20,20,0.9620960020371786,0.9415154081331525,0.9826765959412047,0.020580593904026112,0.5324324324324324,0.504267666352786,0.5605971985120789,0.028164766079646464,0.6835553953203036,0.6591170578664911,0.7079937327741161,0.02443833745381252,0.0,0.0,0.0,0.0,0.8,0.35470620370216943,1.2452937962978305,0.44529379629783056,17.3,16.257903655053084,18.342096344946917,1.0420963449469163,1037.25,940.1009888457834,1134.3990111542166,97.14901115421662,124.3,118.47208064040277,130.12791935959723,5.827919359597232,270.475,267.2849447160645,273.66505528393554,3.1900552839355214,0.3454285714061292,0.3392233437406095,0.35163379907164893,0.00620522766551973,6.441529253899989,5.775676807333324,7.107381700466655,0.6658524465666655,,,,,,,,
global_whole_skeleton,scale_free_m2,50,1.0,complete,0.0,n_inverse_half,20,20,0.9314233612132867,0.9193396266500671,0.9435070957765064,0.01208373456321965,0.7417525773195875,0.7180392020542581,0.765465952584917,0.02371337526532946,0.8247727933410813,0.8085760361518763,0.8409695505302863,0.01619675718920499,0.0,0.0,0.0,0.0,5.35,4.328292341945108,6.371707658054891,1.0217076580548916,25.05,22.749802599263045,27.350197400736956,2.3001974007369554,18650.75,16869.717962614068,20431.782037385932,1781.0320373859322,2500.0,2500.0,2500.0,0.0,2500.0,2500.0,2500.0,0.0,1.0,1.0,1.0,0.0,132.37817640014993,119.10610848976363,145.6502443105362,13.27206791038629,,,,,,,,
global_whole_skeleton,scale_free_m2,50,1.0,self_masking_gaussian_preserving,0.3,n_inverse_half,20,20,0.9758919148876377,0.9646882796330613,0.9870955501422142,0.01120363525457646,0.5999999999999999,0.5768553422200471,0.6231446577799526,0.023144657779952782,0.741976286452032,0.7226799101026918,0.7612726628013721,0.019296376349340116,0.0,0.0,0.0,0.0,1.45,0.7463381507285385,2.1536618492714616,0.7036618492714616,38.8,36.55496819534458,41.045031804655416,2.2450318046554187,7411.9,6860.439430907477,7963.360569092522,551.4605690925227,385.45,379.46712778948245,391.43287221051753,5.982872210517542,854.3,850.5157642543759,858.084235745624,3.7842357456240734,0.33377795548419564,0.3286996469992037,0.3388562639691876,0.005078308484991967,48.59559757540006,43.978465438109225,53.2127297126909,4.617132137290838,,,,,,,,
global_whole_skeleton,scale_free_m2,50,1.0,self_masking_logistic_population,0.3,n_inverse_half,20,20,0.9747914675681726,0.9639551218517527,0.9856278132845925,0.010836345716419893,0.6061855670103091,0.5806258667008621,0.6317452673197561,0.025559700309446987,0.7463467005411767,0.7249731536321612,0.7677202474501922,0.021373546909015495,0.0,0.0,0.0,0.0,1.5,0.8294753860616222,2.170524613938378,0.6705246139383778,38.2,35.72070906998365,40.67929093001636,2.4792909300163544,7749.2,7262.819340350267,8235.580659649731,486.380659649732,356.65,350.9396286547506,362.36037134524935,5.710371345249371,838.4,833.5805398642286,843.2194601357713,4.819460135771351,0.3279432712294591,0.32378688090625257,0.3320996615526656,0.004156390323206527,50.396770588150034,45.46481168548361,55.32872949081646,4.931958902666423,,,,,,,,
global_whole_skeleton,scale_free_m2,50,1.25,complete,0.0,n_inverse_half,20,20,0.9314233612132868,0.9193396266500672,0.9435070957765065,0.01208373456321965,0.7417525773195875,0.7180392020542581,0.765465952584917,0.02371337526532946,0.8247727933410813,0.8085760361518763,0.8409695505302863,0.01619675718920499,0.0,0.0,0.0,0.0,5.35,4.328292341945108,6.371707658054891,1.0217076580548916,25.05,22.749802599263045,27.350197400736956,2.3001974007369554,18650.75,16869.717962614068,20431.782037385932,1781.0320373859322,2500.0,2500.0,2500.0,0.0,2500.0,2500.0,2500.0,0.0,1.0,1.0,1.0,0.0,134.33561159825007,118.59621550293855,150.0750076935616,15.73939609531152,,,,,,,,
global_whole_skeleton,scale_free_m2,50,1.25,self_masking_gaussian_preserving,0.3,n_inverse_half,20,20,0.9758919148876377,0.9646882796330613,0.9870955501422142,0.01120363525457646,0.5999999999999999,0.5768553422200471,0.6231446577799526,0.023144657779952782,0.7419762864520318,0.7226799101026917,0.761272662801372,0.019296376349340116,0.0,0.0,0.0,0.0,1.45,0.7463381507285385,2.1536618492714616,0.7036618492714616,38.8,36.55496819534458,41.045031804655416,2.2450318046554187,7411.9,6860.439430907477,7963.360569092522,551.4605690925227,385.45,379.46712778948245,391.43287221051753,5.982872210517542,854.3,850.5157642543759,858.084235745624,3.7842357456240734,0.33377795548419564,0.3286996469992037,0.3388562639691876,0.005078308484991967,47.91772216800007,42.270031762127765,53.56541257387237,5.647690405872304,,,,,,,,
global_whole_skeleton,scale_free_m2,50,1.25,self_masking_logistic_population,0.3,n_inverse_half,20,20,0.9747914675681724,0.9639551218517525,0.9856278132845923,0.010836345716419893,0.6061855670103092,0.5806258667008624,0.6317452673197561,0.025559700309446876,0.7463467005411766,0.7249731536321611,0.7677202474501921,0.021373546909015495,0.0,0.0,0.0,0.0,1.5,0.8294753860616222,2.170524613938378,0.6705246139383778,38.2,35.72070906998365,40.67929093001636,2.4792909300163544,7749.2,7262.819340350267,8235.580659649731,486.380659649732,356.65,350.9396286547506,362.36037134524935,5.710371345249371,838.4,833.5805398642286,843.2194601357713,4.819460135771351,0.32794327122945915,0.3237868809062526,0.3320996615526657,0.004156390323206527,52.454620754050026,47.40009523910324,57.509146268996815,5.054525514946789,,,,,,,,
global_whole_skeleton,scale_free_m2,75,1.0,complete,0.0,n_inverse_half,20,20,0.9315922560370667,0.9189617219956879,0.9442227900784456,0.012630534041378816,0.7707482993197279,0.7458693796934651,0.7956272189459906,0.024878919626262763,0.8425079875094965,0.8262099715445348,0.8588060034744582,0.01629801596496172,0.0,0.0,0.0,0.0,8.4,6.747759474034561,10.05224052596544,1.6522405259654391,33.7,30.04279881493938,37.357201185060624,3.6572011850606216,47825.2,42263.41841979956,53386.98158020044,5561.781580200441,3750.0,3750.0,3750.0,0.0,3750.0,3750.0,3750.0,0.0,1.0,1.0,1.0,0.0,354.1522777469,304.53158110737604,403.7729743864239,49.62069663952394,,,,,,,,
global_whole_skeleton,scale_free_m2,75,1.0,self_masking_gaussian_preserving,0.3,n_inverse_half,20,20,0.9817068076691072,0.9756967163363873,0.9877168990018271,0.006010091332719902,0.6452380952380953,0.6207226196669251,0.6697535708092655,0.024515475571170176,0.777415747082474,0.7597633244537967,0.7950681697111512,0.017652422628677278,0.0,0.0,0.0,0.0,1.8,1.2002645530587939,2.3997354469412064,0.5997354469412063,52.15,48.54622509103798,55.753774908962015,3.6037749089620164,17712.05,16529.1370961595,18894.9629038405,1182.9129038405008,575.1,569.384331673712,580.815668326288,5.715668326287982,1270.875,1263.4914672023372,1278.2585327976628,7.383532797662838,0.32339237197710846,0.31791277291113235,0.3288719710430846,0.005479599065976115,113.89940121435059,102.10245660423546,125.69634582446572,11.796944610115133,,,,,,,,
global_whole_skeleton,scale_free_m2,75,1.0,self_masking_logistic_population,0.3,n_inverse_half,20,20,0.97865678182281,0.9717565892653686,0.9855569743802515,0.0069001925574414535,0.6455782312925169,0.6222074813256989,0.6689489812593349,0.023370749966817983,0.7768215070006981,0.7597663041489872,0.793876709852409,0.017055202851710916,0.0,0.0,0.0,0.0,2.1,1.4226331209540612,2.777366879045939,0.6773668790459388,52.1,48.66449975487776,55.53550024512224,3.435500245122242,18071.85,16851.49800569843,19292.201994301566,1220.3519943015672,539.05,533.6976901326918,544.4023098673081,5.352309867308122,1246.825,1222.7098524231676,1270.9401475768325,24.11514757683244,0.32216658601198295,0.3168621904050937,0.32747098161887217,0.005304395606889223,116.72045706070014,106.22603355939158,127.2148805620087,10.49442350130856,,,,,,,,
global_whole_skeleton,scale_free_m2,75,1.25,complete,0.0,n_inverse_half,20,20,0.9309018724465951,0.9191801526939759,0.9426235921992142,0.011721719752619153,0.7758503401360544,0.7522846576834037,0.799416022588705,0.02356568245265067,0.8453405221160629,0.8303310389675921,0.8603500052645338,0.015009483148470837,0.0,0.0,0.0,0.0,8.55,6.983172290580293,10.11682770941971,1.5668277094197083,32.95,29.48584467946036,36.41415532053964,3.464155320539641,51125.95,44926.03894716226,57325.86105283773,6199.911052837735,4151.0,4151.0,4151.0,0.0,4151.0,4151.0,4151.0,0.0,1.0,1.0,1.0,0.0,381.08363612484993,323.4911274361432,438.6761448135567,57.592508688706744,,,,,,,,
global_whole_skeleton,scale_free_m2,75,1.25,self_masking_gaussian_preserving,0.3,n_inverse_half,20,20,0.9808680184557861,0.9744472402173857,0.9872887966941865,0.006420778238400371,0.6496598639455783,0.624966048290976,0.6743536796001806,0.02469381565460227,0.7803345088488477,0.7625856558745756,0.7980833618231198,0.01774885297427209,0.0,0.0,0.0,0.0,1.9,1.2575727790852016,2.5424272209147984,0.6424272209147984,51.5,47.87000909877346,55.12999090122654,3.6299909012265417,18733.6,17476.760767234697,19990.4392327653,1256.8392327653019,638.45,632.3074018214652,644.5925981785349,6.142598178534854,1389.7,1352.8012703002241,1426.598729699776,36.89872969977591,0.3202441849436836,0.3146199664096551,0.3258684034777121,0.005624218534028502,122.09001258394987,108.7378174525002,135.44220771539955,13.352195131449676,,,,,,,,
global_whole_skeleton,scale_free_m2,75,1.25,self_masking_logistic_population,0.3,n_inverse_half,20,20,0.9788075080498922,0.9719689707658652,0.9856460453339193,0.0068385372840270575,0.6554421768707481,0.6328993187764762,0.67798503496502,0.022542858094271923,0.7841484583477404,0.767581159503837,0.8007157571916438,0.0165672988439034,0.0,0.0,0.0,0.0,2.1,1.4058224534339234,2.7941775465660768,0.6941775465660767,50.65,47.33619986014202,53.96380013985798,3.3138001398579817,18937.05,17613.091542937345,20261.008457062653,1323.958457062654,601.7,595.1020364010467,608.2979635989534,6.597963598953356,1377.85,1352.5165010216635,1403.1834989783363,25.333498978336365,0.32010026621802584,0.3150792386872106,0.3251212937488411,0.005021027530815236,128.74712037120003,116.98506645940101,140.50917428299906,11.762053911799022,,,,,,,,
global_whole_skeleton,small_world_k2,20,1.0,complete,0.0,n_inverse_half,20,20,0.9792207792207792,0.9629512893661845,0.995490269075374,0.016269489854594754,0.9974999999999999,0.9922674398639791,1.0027325601360206,0.005232560136020747,0.9879165549897257,0.979377684841424,0.9964554251380275,0.008538870148301791,0.65,0.4209722431203126,0.8790277568796874,0.22902775687968738,0.45,0.09470468498565882,0.8052953150143412,0.3552953150143412,0.05,-0.05465120272041542,0.15465120272041544,0.10465120272041542,432.2,398.28927055331656,466.1107294466834,33.91072944668343,1000.0,1000.0,1000.0,0.0,1000.0,1000.0,1000.0,0.0,1.0,1.0,1.0,0.0,2.298243094049974,1.9796448144294192,2.6168413736705283,0.31859827962055454,1.0,1.0,1.0,0.0,0.13280973594662898,0.11744714813816105,0.14817232375509692,0.015362587808467935
global_whole_skeleton,small_world_k2,20,1.0,self_masking_gaussian_preserving,0.3,n_inverse_half,20,20,1.0,1.0,1.0,0.0,0.9949999999999999,0.9877974102582375,1.0022025897417621,0.0072025897417623,0.9974358974358974,0.9937422616708912,1.0011295332009038,0.003693635765006309,0.9,0.7559482051647538,1.0440517948352461,0.14405179483524616,0.0,0.0,0.0,0.0,0.1,-0.04405179483524621,0.24405179483524622,0.14405179483524622,393.75,367.62804517361246,419.87195482638754,26.121954826387537,233.75,213.60226518028156,253.89773481971844,20.147734819718437,413.375,388.77547878738403,437.97452121261597,24.59952121261597,0.41392477215415946,0.4084786224042142,0.41937092190410474,0.005446149749945284,2.315366954900014,2.0992187017821435,2.531515208017885,0.21614825311787067,1.0,1.0,1.0,0.0,0.13280973594662898,0.11744714813816105,0.14817232375509692,0.015362587808467935
global_whole_skeleton,small_world_k2,20,1.0,self_masking_logistic_population,0.3,n_inverse_half,20,20,1.0,1.0,1.0,0.0,0.9949999999999999,0.9877974102582375,1.0022025897417621,0.0072025897417623,0.9974358974358974,0.9937422616708912,1.0011295332009038,0.003693635765006309,0.9,0.7559482051647538,1.0440517948352461,0.14405179483524616,0.0,0.0,0.0,0.0,0.1,-0.04405179483524621,0.24405179483524622,0.14405179483524622,394.75,371.2127835552606,418.2872164447394,23.537216444739386,224.95,207.3115944665689,242.5884055334311,17.638405533431097,409.875,387.62353377160446,432.12646622839554,22.251466228395543,0.41204157592204077,0.4067204271235499,0.41736272472053165,0.005321148798490882,2.11142469964999,1.8586039092257192,2.3642454900742607,0.25282079042427075,1.0,1.0,1.0,0.0,0.13280973594662898,0.11744714813816105,0.14817232375509692,0.015362587808467935
global_whole_skeleton,small_world_k2,20,1.25,complete,0.0,n_inverse_half,20,20,0.9834307359307359,0.970571452679671,0.9962900191818008,0.01285928325106489,0.9974999999999999,0.9922674398639791,1.0027325601360206,0.005232560136020747,0.99024099883856,0.9824669846526515,0.9980150130244685,0.007774014185908507,0.7,0.4799572487244118,0.9200427512755881,0.22004275127558814,0.35,0.07520864142152628,0.6247913585784737,0.2747913585784737,0.05,-0.05465120272041542,0.15465120272041544,0.10465120272041542,437.35,400.0723088681573,474.62769113184277,37.277691131842744,796.0,796.0,796.0,0.0,796.0,796.0,796.0,0.0,1.0,1.0,1.0,0.0,2.332735177700124,2.0298028394639935,2.6356675159362544,0.3029323382361304,1.0,1.0,1.0,0.0,0.13280973594662898,0.11744714813816105,0.14817232375509692,0.015362587808467935
global_whole_skeleton,small_world_k2,20,1.25,self_masking_gaussian_preserving,0.3,n_inverse_half,20,20,0.9976190476190476,0.9926356570133136,1.0026024382247818,0.004983390605734106,0.9949999999999999,0.9877974102582375,1.0022025897417621,0.0072025897417623,0.9962163852407755,0.9918901741277352,1.0005425963538157,0.004326211113040268,0.85,0.6785440695301583,1.0214559304698416,0.17145593046984164,0.05,-0.05465120272041542,0.15465120272041544,0.10465120272041542,0.1,-0.04405179483524621,0.24405179483524622,0.14405179483524622,393.9,371.8779714408339,415.92202855916605,22.022028559166074,184.75,169.2568032836897,200.2431967163103,15.493196716310308,330.775,312.6556427628581,348.89435723714183,18.119357237141855,0.41362346287534446,0.4080612585346354,0.41918566721605355,0.005562204340709087,2.112567945350031,1.8776530831642304,2.347482807535832,0.2349148621858007,1.0,1.0,1.0,0.0,0.13280973594662898,0.11744714813816105,0.14817232375509692,0.015362587808467935
global_whole_skeleton,small_world_k2,20,1.25,self_masking_logistic_population,0.3,n_inverse_half,20,20,0.9976190476190476,0.9926356570133136,1.0026024382247818,0.004983390605734106,0.9924999999999999,0.9839272034765079,1.001072796523492,0.008572796523492077,0.9949343339587242,0.990068155331412,0.9998005125860364,0.004866178627312201,0.8,0.6079309402196718,0.9920690597803283,0.1920690597803283,0.05,-0.05465120272041542,0.15465120272041544,0.10465120272041542,0.15,-0.021455930469841594,0.32145593046984156,0.1714559304698416,395.15,371.7314157369825,418.56858426301744,23.418584263017465,180.45,165.52251812352054,195.37748187647944,14.927481876479447,323.525,306.726937747058,340.32306225294195,16.798062252941975,0.41200938881213656,0.4066059451576296,0.4174128324666435,0.005403443654506956,2.148993304499913,1.9436309566061039,2.3543556523937226,0.20536234789380936,1.0,1.0,1.0,0.0,0.13280973594662898,0.11744714813816105,0.14817232375509692,0.015362587808467935
global_whole_skeleton,small_world_k2,50,1.0,complete,0.0,n_inverse_half,20,20,0.9845378354534848,0.9765378370753437,0.992537833831626,0.007999998378141138,1.0,1.0,1.0,0.0,0.9921371663151467,0.9880465814339537,0.9962277511963397,0.00409058488119296,0.45,0.21111712307711622,0.6888828769228839,0.23888287692288382,0.8,0.38139518911833825,1.2186048108816618,0.4186048108816618,0.0,0.0,0.0,0.0,1954.55,1897.5879876326064,2011.5120123673935,56.96201236739353,2500.0,2500.0,2500.0,0.0,2500.0,2500.0,2500.0,0.0,1.0,1.0,1.0,0.0,9.233100664849928,8.770511559853254,9.695689769846602,0.46258910499667394,1.0,1.0,1.0,0.0,,,,
global_whole_skeleton,small_world_k2,50,1.0,self_masking_gaussian_preserving,0.3,n_inverse_half,20,20,0.9990196078431373,0.9969676234760703,1.0010715922102043,0.0020519843670669946,0.999,0.9969069759455916,1.0010930240544083,0.00209302405440831,0.998999899989999,0.9975591579408897,1.0004406420391085,0.0014407420491094336,0.9,0.7559482051647538,1.0440517948352461,0.14405179483524616,0.05,-0.05465120272041542,0.15465120272041544,0.10465120272041542,0.05,-0.05465120272041542,0.15465120272041544,0.10465120272041542,1881.7,1829.3259290261176,1934.0740709738825,52.37407097388245,579.8,557.637756336761,601.962243663239,22.162243663238996,1209.1,1206.2964331270439,1211.903566872956,2.8035668729560257,0.4396567164258978,0.43725887552758846,0.4420545573242072,0.0023978408983093558,8.846517221499926,8.300128437095609,9.392906005904244,0.5463887844043178,1.0,1.0,1.0,0.0,,,,
global_whole_skeleton,small_world_k2,50,1.0,self_masking_logistic_population,0.3,n_inverse_half,20,20,0.9990196078431373,0.9969676234760703,1.0010715922102043,0.0020519843670669946,0.998,0.995118964103295,1.0008810358967049,0.0028810358967049088,0.9984948494849485,0.9967743135789788,1.0002153853909181,0.0017205359059696557,0.85,0.6785440695301583,1.0214559304698416,0.17145593046984164,0.05,-0.05465120272041543,0.15465120272041544,0.10465120272041543,0.1,-0.04405179483524621,0.24405179483524622,0.14405179483524622,1876.8,1832.5092850247604,1921.0907149752395,44.29071497523955,553.3,537.5344613395469,569.0655386604531,15.765538660453103,1204.05,1201.1431702532998,1206.9568297467001,2.9068297467001685,0.43760228221103176,0.43508265154105813,0.4401219128810054,0.002519630669973627,8.393866881100019,7.7696689514707415,9.018064810729296,0.6241979296292772,1.0,1.0,1.0,0.0,,,,
global_whole_skeleton,small_world_k2,50,1.25,complete,0.0,n_inverse_half,20,20,0.9845378354534846,0.9765378370753435,0.9925378338316257,0.007999998378141138,1.0,1.0,1.0,0.0,0.9921371663151467,0.9880465814339537,0.9962277511963397,0.00409058488119296,0.45,0.21111712307711622,0.6888828769228839,0.23888287692288382,0.8,0.3813951891183383,1.2186048108816618,0.4186048108816618,0.0,0.0,0.0,0.0,1954.55,1897.5879876326064,2011.5120123673935,56.96201236739353,2500.0,2500.0,2500.0,0.0,2500.0,2500.0,2500.0,0.0,1.0,1.0,1.0,0.0,9.624523807549895,8.747780498280823,10.501267116818967,0.876743309269072,1.0,1.0,1.0,0.0,,,,
global_whole_skeleton,small_world_k2,50,1.25,self_masking_gaussian_preserving,0.3,n_inverse_half,20,20,0.9990196078431373,0.9969676234760703,1.0010715922102043,0.0020519843670669946,0.999,0.9969069759455916,1.0010930240544083,0.00209302405440831,0.998999899989999,0.9975591579408897,1.0004406420391085,0.0014407420491094336,0.9,0.7559482051647538,1.0440517948352461,0.14405179483524616,0.05,-0.05465120272041542,0.15465120272041544,0.10465120272041542,0.05,-0.05465120272041542,0.15465120272041544,0.10465120272041542,1881.7,1829.3259290261176,1934.0740709738825,52.37407097388245,579.8,557.637756336761,601.962243663239,22.162243663238996,1209.1,1206.2964331270439,1211.903566872956,2.8035668729560257,0.4396567164258977,0.43725887552758835,0.44205455732420706,0.0023978408983093558,8.98102275120002,8.463912102678577,9.498133399721464,0.5171106485214434,1.0,1.0,1.0,0.0,,,,
global_whole_skeleton,small_world_k2,50,1.25,self_masking_logistic_population,0.3,n_inverse_half,20,20,0.9990196078431373,0.9969676234760703,1.0010715922102043,0.0020519843670669946,0.998,0.995118964103295,1.0008810358967049,0.0028810358967049088,0.9984948494849485,0.9967743135789788,1.0002153853909181,0.0017205359059696557,0.85,0.6785440695301583,1.0214559304698416,0.17145593046984164,0.05,-0.05465120272041543,0.15465120272041544,0.10465120272041543,0.1,-0.04405179483524621,0.24405179483524622,0.14405179483524622,1876.8,1832.5092850247604,1921.0907149752395,44.29071497523955,553.3,537.5344613395469,569.0655386604531,15.765538660453103,1204.05,1201.1431702532998,1206.9568297467001,2.9068297467001685,0.43760228221103176,0.43508265154105813,0.4401219128810054,0.002519630669973627,8.63035269595,7.891300385236376,9.369405006663625,0.7390523107136242,1.0,1.0,1.0,0.0,,,,
global_whole_skeleton,small_world_k2,75,1.0,complete,0.0,n_inverse_half,20,20,0.9774409498174489,0.9696001489114704,0.9852817507234274,0.007840800905978496,0.9986666666666666,0.9967459760688633,1.00058735726447,0.0019206905978033095,0.987868840940538,0.9836599785821332,0.9920777032989427,0.004208862358404786,0.1,-0.04405179483524621,0.24405179483524622,0.14405179483524622,1.75,1.1262374310596637,2.3737625689403363,0.6237625689403363,0.1,-0.04405179483524621,0.24405179483524622,0.14405179483524622,3976.9,3897.5177303756045,4056.2822696243957,79.38226962439558,3750.0,3750.0,3750.0,0.0,3750.0,3750.0,3750.0,0.0,1.0,1.0,1.0,0.0,18.202277758799983,16.67680792789475,19.727747589705217,1.5254698309052337,1.0,1.0,1.0,0.0,,,,
global_whole_skeleton,small_world_k2,75,1.0,self_masking_gaussian_preserving,0.3,n_inverse_half,20,20,0.9973684210526315,0.9948411965818377,0.9998956455234252,0.0025272244707937874,0.998,0.9957139209270688,1.000286079072931,0.0022860790729311575,0.9976687852793458,0.9961432687279282,0.9991943018307633,0.0015255165514175273,0.65,0.42097224312031256,0.8790277568796875,0.22902775687968746,0.2,0.007930940219671695,0.39206905978032836,0.19206905978032834,0.15,-0.021455930469841594,0.32145593046984156,0.1714559304698416,3832.1,3763.4680747787247,3900.731925221275,68.6319252212752,850.75,816.5591868828009,884.9408131171991,34.19081311719913,1823.875,1820.9425295695735,1826.8074704304265,2.9324704304265197,0.44956966336908566,0.44769788373846886,0.45144144299970246,0.0018717796306167989,17.70190764634997,16.581809832018074,18.822005460681865,1.1200978143318956,1.0,1.0,1.0,0.0,,,,
global_whole_skeleton,small_world_k2,75,1.0,self_masking_logistic_population,0.3,n_inverse_half,20,20,0.9980087719298245,0.9957326675550049,1.0002848763046441,0.002276104374819621,0.998,0.9957139209270688,1.000286079072931,0.0022860790729311575,0.9979999703690534,0.9959502069506273,1.0000497337874794,0.002049763418426054,0.8,0.6079309402196718,0.9920690597803283,0.1920690597803283,0.15,-0.021455930469841594,0.32145593046984156,0.1714559304698416,0.15,-0.021455930469841594,0.32145593046984156,0.1714559304698416,3840.4,3783.6537496796245,3897.1462503203757,56.746250320375566,802.95,768.047203335515,837.8527966644851,34.902796664485095,1822.55,1820.498842047053,1824.601157952947,2.051157952947051,0.4488422719810202,0.44720064104687085,0.4504839029151696,0.001641630934149374,17.269660127150054,16.117075683886902,18.422244570413206,1.1525844432631516,1.0,1.0,1.0,0.0,,,,
global_whole_skeleton,small_world_k2,75,1.25,complete,0.0,n_inverse_half,20,20,0.9730158998230284,0.9650828397646961,0.9809489598813607,0.007933060058332275,0.9993333333333332,0.9979379839637277,1.0007286827029387,0.001395349369605503,0.9859301490170516,0.9817017716621899,0.9901585263719133,0.004228377354861701,0.2,0.007930940219671723,0.3920690597803283,0.1920690597803283,2.1,1.4757755557139332,2.724224444286067,0.6242244442860669,0.05,-0.05465120272041542,0.15465120272041544,0.10465120272041542,3956.3,3889.3321640742033,4023.267835925797,66.96783592579686,4151.0,4151.0,4151.0,0.0,4151.0,4151.0,4151.0,0.0,1.0,1.0,1.0,0.0,18.79424032854997,17.21274219724948,20.375738459850464,1.581498131300492,1.0,1.0,1.0,0.0,,,,
global_whole_skeleton,small_world_k2,75,1.25,self_masking_gaussian_preserving,0.3,n_inverse_half,20,20,0.9960526315789474,0.9931573322200581,0.9989479309378367,0.002895299358889325,0.998,0.9957139209270688,1.000286079072931,0.0022860790729311575,0.9970065336237166,0.9954173921655708,0.9985956750818624,0.0015891414581458152,0.55,0.31111712307711625,0.7888828769228838,0.2388828769228838,0.3,0.07995724872441184,0.5200427512755881,0.22004275127558812,0.15,-0.021455930469841594,0.32145593046984156,0.1714559304698416,3813.35,3756.7744790128068,3869.925520987193,56.57552098719316,943.4,905.3488093602678,981.4511906397322,38.051190639732226,2019.775,2016.5678250037029,2022.9821749962973,3.2071749962972262,0.44988980125616607,0.4482711719980781,0.45150843051425404,0.001618629258087978,17.488841410299916,16.570866410473972,18.40681641012586,0.9179749998259439,1.0,1.0,1.0,0.0,,,,
global_whole_skeleton,small_world_k2,75,1.25,self_masking_logistic_population,0.3,n_inverse_half,20,20,0.9993421052631579,0.9979651157536787,1.000719094772637,0.0013769895094791207,0.998,0.9957139209270688,1.000286079072931,0.0022860790729311575,0.9986621627627894,0.9973773504727993,0.9999469750527795,0.0012848122899901115,0.8,0.6079309402196718,0.9920690597803283,0.1920690597803283,0.05,-0.05465120272041542,0.15465120272041544,0.10465120272041542,0.15,-0.021455930469841594,0.32145593046984156,0.1714559304698416,3830.4,3773.48578585757,3887.31421414243,56.914214142429955,894.95,855.0365673515877,934.8634326484124,39.91343264841237,2018.325,2016.2398741126658,2020.4101258873343,2.085125887334243,0.4490061677822027,0.44732257971077366,0.45068975585363175,0.001683588071429043,18.15868403444997,16.578037914537305,19.739330154362634,1.5806461199126645,1.0,1.0,1.0,0.0,,,,
global_whole_skeleton,small_world_k2,100,1.0,complete,0.0,n_inverse_half,20,20,0.9739412115159214,0.9667386357862092,0.9811437872456336,0.007202575729712168,1.0,1.0,1.0,0.0,0.9867400468661218,0.9830400902350411,0.9904400034972025,0.003699956631080692,0.05,-0.05465120272041542,0.15465120272041544,0.10465120272041542,2.7,1.9392634549764565,3.460736545023544,0.7607365450235437,0.0,0.0,0.0,0.0,6733.05,6630.25250718306,6835.847492816941,102.79749281694058,5000.0,5000.0,5000.0,0.0,5000.0,5000.0,5000.0,0.0,1.0,1.0,1.0,0.0,32.21926008140006,29.360890915527865,35.07762924727225,2.858369165872192,1.0,1.0,1.0,0.0,,,,
global_whole_skeleton,small_world_k2,100,1.0,self_masking_gaussian_preserving,0.3,n_inverse_half,20,20,0.9995049504950495,0.9984687999730651,1.0005411010170338,0.0010361505219843026,1.0,1.0,1.0,0.0,0.9997512437810945,0.9992305910312417,1.0002718965309474,0.0005206527498528568,0.95,0.8453487972795845,1.0546512027204153,0.10465120272041545,0.05,-0.05465120272041542,0.15465120272041544,0.10465120272041542,0.0,0.0,0.0,0.0,6522.95,6435.663450938614,6610.236549061386,87.28654906138581,1087.5,1018.7012119918585,1156.2987880081416,68.79878800814157,2437.625,2434.8908868566605,2440.3591131433395,2.7341131433395276,0.4547841273601826,0.45324292729610316,0.456325327424262,0.0015412000640794288,31.135773941199727,28.65571957484576,33.61582830755369,2.480054366353965,1.0,1.0,1.0,0.0,,,,
global_whole_skeleton,small_world_k2,100,1.0,self_masking_logistic_population,0.3,n_inverse_half,20,20,0.998019801980198,0.9961181281209869,0.9999214758394092,0.0019016738592111393,1.0,1.0,1.0,0.0,0.9990049751243781,0.9980494076627845,0.9999605425859718,0.0009555674615936427,0.8,0.6079309402196718,0.9920690597803283,0.1920690597803283,0.2,0.007930940219671695,0.39206905978032836,0.19206905978032834,0.0,0.0,0.0,0.0,6497.35,6424.812093684779,6569.887906315222,72.53790631522133,1000.4,941.0033225733148,1059.7966774266852,59.39667742668519,2435.925,2433.3906673609104,2438.45933263909,2.5343326390898255,0.4545534913522138,0.4530639799303945,0.4560430027740331,0.0014895114218193006,28.876268837100202,26.657949195889834,31.09458847831057,2.2183196412103676,1.0,1.0,1.0,0.0,,,,
global_whole_skeleton,small_world_k2,100,1.25,complete,0.0,n_inverse_half,20,20,0.9692238825997119,0.9620481356573691,0.9763996295420547,0.007175746942342798,1.0,1.0,1.0,0.0,0.984312810060468,0.9806023393681882,0.9880232807527478,0.0037104706922798103,0.05,-0.05465120272041542,0.15465120272041544,0.10465120272041542,3.2,2.431723760878687,3.9682762391213133,0.7682762391213132,0.0,0.0,0.0,0.0,6681.3,6592.949132829354,6769.650867170646,88.35086717064587,5947.0,5947.0,5947.0,0.0,5947.0,5947.0,5947.0,0.0,1.0,1.0,1.0,0.0,32.42640959694984,29.73696009389948,35.11585910000019,2.6894495030503567,1.0,1.0,1.0,0.0,,,,
global_whole_skeleton,small_world_k2,100,1.25,self_masking_gaussian_preserving,0.3,n_inverse_half,20,20,0.9995049504950495,0.9984687999730651,1.0005411010170338,0.0010361505219843026,1.0,1.0,1.0,0.0,0.9997512437810945,0.9992305910312417,1.0002718965309474,0.0005206527498528568,0.95,0.8453487972795845,1.0546512027204153,0.10465120272041545,0.05,-0.05465120272041542,0.15465120272041544,0.10465120272041542,0.0,0.0,0.0,0.0,6488.05,6403.775052324542,6572.324947675458,84.27494767545795,1297.8,1216.0468025085681,1379.5531974914318,81.75319749143182,2900.75,2897.6311871552984,2903.8688128447016,3.1188128447015515,0.4553292493413935,0.45380962046696405,0.456848878215823,0.0015196288744294684,29.834059333449886,27.570799483062792,32.09731918383698,2.2632598503870938,1.0,1.0,1.0,0.0,,,,
global_whole_skeleton,small_world_k2,100,1.25,self_masking_logistic_population,0.3,n_inverse_half,20,20,0.998019801980198,0.9961181281209869,0.9999214758394092,0.0019016738592111393,1.0,1.0,1.0,0.0,0.9990049751243781,0.9980494076627845,0.9999605425859718,0.0009555674615936427,0.8,0.6079309402196718,0.9920690597803283,0.1920690597803283,0.2,0.007930940219671723,0.3920690597803283,0.1920690597803283,0.0,0.0,0.0,0.0,6476.55,6396.153054887354,6556.946945112646,80.39694511264588,1207.05,1137.0396626918164,1277.0603373081835,70.01033730818358,2899.0,2896.0400169958825,2901.9599830041175,2.9599830041174755,0.45499512670150405,0.45333114693125276,0.45665910647175534,0.0016639797702512893,31.236753472650186,28.713673701544053,33.75983324375632,2.523079771106133,1.0,1.0,1.0,0.0,,,,
target_restriction_of_global,er_expected_degree_2,20,1.0,complete,0.0,n_inverse_half,20,20,0.9691666666666666,0.9516286751579116,0.9867046581754216,0.017537991508755013,0.9691666666666666,0.9504623479693904,0.9878709853639428,0.01870431869727618,0.9626821789321788,0.9470642027915761,0.9783001550727815,0.015617976140602674,0.8200000000000001,0.744687862713217,0.8953121372867832,0.0753121372867831,0.075,0.035186187179519365,0.11481381282048063,0.03981381282048063,0.13500000000000004,0.052842754350026014,0.21715724564997407,0.08215724564997404,769.25,582.2554017729952,956.2445982270048,186.99459822700476,1000.0,1000.0,1000.0,0.0,1000.0,1000.0,1000.0,0.0,1.0,1.0,1.0,0.0,4.2733164131799795,2.9637621852907183,5.58287064106924,1.309554227889261,1.0,1.0,1.0,0.0,0.07533304298440663,0.05622475177410049,0.09444133419471276,0.019108291210306137
target_restriction_of_global,er_expected_degree_2,20,1.0,self_masking_gaussian_preserving,0.3,n_inverse_half,20,20,0.9916666666666666,0.9796623504303961,1.003670982902937,0.012004316236270518,0.9384166666666667,0.909316026290653,0.9675173070426804,0.029100640376013676,0.9571345598845598,0.935926841753252,0.9783422780158675,0.02120771813130773,0.805,0.7225625924264579,0.8874374075735422,0.08243740757354212,0.02,-0.008810358967049244,0.048810358967049244,0.028810358967049244,0.23500000000000001,0.12210835673936574,0.34789164326063426,0.11289164326063426,622.4,505.4955214956426,739.3044785043573,116.90447850435737,178.25,165.7204607844259,190.7795392155741,12.52953921557409,359.15,346.9293702325689,371.37062976743107,12.220629767431092,0.37981076729838836,0.37056330995365355,0.3890582246431232,0.00924745734473481,3.5981702506650692,2.718247671103107,4.478092830227031,0.8799225795619621,1.0,1.0,1.0,0.0,0.07533304298440663,0.05622475177410049,0.09444133419471276,0.019108291210306137
target_restriction_of_global,er_expected_degree_2,20,1.0,self_masking_logistic_population,0.3,n_inverse_half,20,20,0.9883333333333335,0.9744488598149803,1.0022178068516867,0.013884473518353202,0.9387500000000001,0.9092586906378,0.9682413093622002,0.029491309362200124,0.9561623376623377,0.9331818352236946,0.9791428401009808,0.022980502438643136,0.82,0.7462344779085605,0.8937655220914394,0.0737655220914395,0.015000000000000003,-0.007902775687968745,0.03790277568796875,0.022902775687968748,0.23499999999999996,0.12109175231192897,0.34890824768807094,0.11390824768807098,627.3,504.10243542983574,750.4975645701642,123.19756457016422,173.75,159.59925825187764,187.90074174812236,14.150741748122357,359.125,348.455093993685,369.794906006315,10.669906006314989,0.3779469236524735,0.3680505407627868,0.3878433065421602,0.009896382889686695,3.5830987871799946,2.768438643326448,4.397758931033541,0.8146601438535468,1.0,1.0,1.0,0.0,0.07533304298440663,0.05622475177410049,0.09444133419471276,0.019108291210306137
target_restriction_of_global,er_expected_degree_2,20,1.25,complete,0.0,n_inverse_half,20,20,0.9829166666666665,0.9683525839402415,0.9974807493930916,0.014564082726425065,0.9691666666666668,0.9504623479693907,0.987870985363943,0.01870431869727618,0.9717297979797982,0.955886653776653,0.9875729421829433,0.015843144203145143,0.85,0.7703723743590387,0.9296276256409612,0.07962762564096126,0.045,0.009470468498565886,0.0805295315014341,0.035529531501434106,0.135,0.052842754350026014,0.21715724564997402,0.08215724564997401,767.25,577.594575577713,956.905424422287,189.65542442228696,796.0,796.0,796.0,0.0,796.0,796.0,796.0,0.0,1.0,1.0,1.0,0.0,4.698887715150023,3.4370386805540116,5.960736749746034,1.2618490345960112,1.0,1.0,1.0,0.0,0.07533304298440663,0.05622475177410049,0.09444133419471276,0.019108291210306137
target_restriction_of_global,er_expected_degree_2,20,1.25,self_masking_gaussian_preserving,0.3,n_inverse_half,20,20,0.9941666666666664,0.9849459764052365,1.0033873569280964,0.009220690261429965,0.931,0.9035600480999557,0.9584399519000444,0.027439951900044335,0.9542914862914863,0.9338820046110466,0.974700967971926,0.020409481680439656,0.79,0.7157671098406722,0.8642328901593279,0.07423289015932788,0.015000000000000003,-0.007902775687968745,0.03790277568796875,0.022902775687968748,0.265,0.15733526923043364,0.3726647307695664,0.10766473076956638,597.3,492.020890063262,702.5791099367378,105.27910993673791,143.4,133.06858581400735,153.73141418599266,10.331414185992656,287.275,277.6315733021418,296.91842669785814,9.64342669785816,0.3829849451850312,0.37394182559370537,0.392028064776357,0.00904311959132581,3.163196639054968,2.5168782085954344,3.809515069514502,0.6463184304595337,1.0,1.0,1.0,0.0,0.07533304298440663,0.05622475177410049,0.09444133419471276,0.019108291210306137
target_restriction_of_global,er_expected_degree_2,20,1.25,self_masking_logistic_population,0.3,n_inverse_half,20,20,0.9820833333333333,0.9639097958552177,1.000256870811449,0.01817353747811562,0.9244166666666664,0.8950489684792187,0.9537843648541142,0.029367698187447777,0.9424422799422798,0.9207080462297861,0.9641765136547735,0.021734233712493722,0.78,0.716297899487231,0.8437021005127691,0.06370210051276903,0.03,-0.007502682797525126,0.06750268279752512,0.037502682797525125,0.275,0.159483792788129,0.3905162072118711,0.11551620721187104,595.8,487.000718335318,704.5992816646819,108.79928166468196,137.8,127.45386710392425,148.14613289607576,10.346132896075751,290.75,278.58079648843125,302.91920351156875,12.169203511568753,0.38111994371590774,0.3719910809799295,0.390248806451886,0.009128862735978238,3.5018640699448915,2.691439497792995,4.312288642096788,0.8104245721518963,1.0,1.0,1.0,0.0,0.07533304298440664,0.0562247517741005,0.09444133419471279,0.019108291210306143
target_restriction_of_global,er_expected_degree_2,50,1.0,complete,0.0,n_inverse_half,20,20,0.9709523809523809,0.9548983141389816,0.9870064477657802,0.01605406681339927,0.9776130952380953,0.9602166391321394,0.9950095513440511,0.01739645610595586,0.967623570873571,0.95059470812157,0.984652433625572,0.017028862752000995,0.85,0.7883207063989036,0.9116792936010963,0.06167929360109636,0.07500000000000001,0.03518618717951938,0.11481381282048064,0.03981381282048063,0.09000000000000001,0.025757277908520185,0.15424272209147982,0.06424272209147983,3998.15,3191.2970028567443,4805.002997143256,806.8529971432558,2500.0,2500.0,2500.0,0.0,2500.0,2500.0,2500.0,0.0,1.0,1.0,1.0,0.0,23.27543696659502,17.49588885561766,29.05498507757238,5.779548110977359,1.0,1.0,1.0,0.0,,,,
target_restriction_of_global,er_expected_degree_2,50,1.0,self_masking_gaussian_preserving,0.3,n_inverse_half,20,20,1.0,1.0,1.0,0.0,0.9613452380952381,0.9411226839699852,0.981567792220491,0.020222554125252867,0.9762773615273617,0.9632432977473941,0.9893114253073292,0.01303406377996752,0.865,0.8037426905574355,0.9262573094425645,0.06125730944256447,0.0,0.0,0.0,0.0,0.165,0.08145133881341489,0.24854866118658514,0.08354866118658513,3319.25,2793.7179835257994,3844.7820164742006,525.5320164742006,399.0,391.55964771232726,406.44035228767274,7.440352287672738,957.275,890.9399055409968,1023.6100944590031,66.33509445900313,0.3894003519888806,0.3781913095282126,0.40060939444954863,0.011209042460668006,18.57494042310494,14.51690649199935,22.632974354210532,4.058033931105591,1.0,1.0,1.0,0.0,,,,
target_restriction_of_global,er_expected_degree_2,50,1.0,self_masking_logistic_population,0.3,n_inverse_half,20,20,0.9980357142857142,0.9950915211580877,1.0009799074133408,0.0029441931276265043,0.9538869047619046,0.9304482035806219,0.9773256059431874,0.023438701181282773,0.9710157620157622,0.9558792260885706,0.9861522979429539,0.015136535927191663,0.8400000000000001,0.7697567971387603,0.9102432028612398,0.07024320286123975,0.01,-0.004405179483524622,0.024405179483524622,0.014405179483524622,0.18,0.08940120569902654,0.27059879430097344,0.09059879430097345,3310.15,2784.552915371075,3835.747084628925,525.5970846289251,377.0,366.29096570041065,387.70903429958935,10.709034299589348,958.375,892.0010143450783,1024.7489856549219,66.3739856549218,0.3873326251269077,0.37544237431317906,0.3992228759406363,0.011890250813728631,18.809844106649948,15.0727328503413,22.546955362958595,3.7371112563086477,1.0,1.0,1.0,0.0,,,,
target_restriction_of_global,er_expected_degree_2,50,1.25,complete,0.0,n_inverse_half,20,20,0.9709523809523809,0.9548983141389816,0.9870064477657802,0.01605406681339927,0.9776130952380951,0.9602166391321393,0.995009551344051,0.01739645610595586,0.9676235708735709,0.9505947081215699,0.9846524336255719,0.017028862752000995,0.85,0.7883207063989036,0.9116792936010963,0.06167929360109636,0.07500000000000001,0.035186187179519386,0.11481381282048064,0.03981381282048063,0.09,0.02575727790852017,0.15424272209147982,0.06424272209147983,3998.15,3191.2970028567443,4805.002997143256,806.8529971432558,2500.0,2500.0,2500.0,0.0,2500.0,2500.0,2500.0,0.0,1.0,1.0,1.0,0.0,25.083665049395044,19.171551474854517,30.99577862393557,5.912113574540527,1.0,1.0,1.0,0.0,,,,
target_restriction_of_global,er_expected_degree_2,50,1.25,self_masking_gaussian_preserving,0.3,n_inverse_half,20,20,1.0,1.0,1.0,0.0,0.961345238095238,0.9411226839699851,0.9815677922204908,0.020222554125252867,0.9762773615273617,0.9632432977473941,0.9893114253073292,0.01303406377996752,0.865,0.8037426905574355,0.9262573094425645,0.06125730944256447,0.0,0.0,0.0,0.0,0.16500000000000004,0.08145133881341492,0.24854866118658514,0.0835486611865851,3319.25,2793.7179835257994,3844.7820164742006,525.5320164742006,399.0,391.55964771232726,406.44035228767274,7.440352287672738,957.275,890.9399055409968,1023.6100944590031,66.33509445900313,0.38940035198888057,0.37819130952821256,0.4006093944495486,0.011209042460668006,19.904592658909973,16.101595374279576,23.70758994354037,3.802997284630397,1.0,1.0,1.0,0.0,,,,
target_restriction_of_global,er_expected_degree_2,50,1.25,self_masking_logistic_population,0.3,n_inverse_half,20,20,0.9980357142857145,0.995091521158088,1.000979907413341,0.0029441931276265043,0.9538869047619049,0.9304482035806221,0.9773256059431876,0.023438701181282773,0.9710157620157618,0.9558792260885701,0.9861522979429534,0.015136535927191663,0.8400000000000002,0.7697567971387604,0.9102432028612399,0.07024320286123975,0.01,-0.0044051794835246235,0.024405179483524622,0.014405179483524624,0.18000000000000002,0.08940120569902657,0.27059879430097344,0.09059879430097344,3310.15,2784.552915371075,3835.747084628925,525.5970846289251,377.0,366.29096570041065,387.70903429958935,10.709034299589348,958.375,892.0010143450783,1024.7489856549219,66.3739856549218,0.3873326251269077,0.37544237431317906,0.3992228759406363,0.011890250813728631,19.281010540574986,15.639961196803034,22.922059884346936,3.641049343771951,1.0,1.0,1.0,0.0,,,,
target_restriction_of_global,er_expected_degree_2,75,1.0,complete,0.0,n_inverse_half,20,20,0.9553690476190475,0.9405901014142971,0.9701479938237979,0.014778946204750398,0.9860515873015874,0.9763552627849708,0.995747911818204,0.009696324516616617,0.9641950598421184,0.9534456816097581,0.9749444380744787,0.01074937823236033,0.85,0.8084158287373109,0.8915841712626891,0.041584171262689096,0.11500000000000003,0.07696317274882285,0.15303682725117723,0.03803682725117719,0.06000000000000001,0.024714660612155763,0.09528533938784425,0.03528533938784424,7726.3,6356.562062973836,9096.037937026163,1369.7379370261638,3750.0,3750.0,3750.0,0.0,3750.0,3750.0,3750.0,0.0,1.0,1.0,1.0,0.0,46.32094120897495,36.440915512681585,56.20096690526832,9.880025696293366,1.0,1.0,1.0,0.0,,,,
target_restriction_of_global,er_expected_degree_2,75,1.0,self_masking_gaussian_preserving,0.3,n_inverse_half,20,20,0.99125,0.982531361724532,0.9999686382754679,0.008718638275467927,0.9809642857142858,0.9716748902685156,0.9902536811600561,0.009289395445770232,0.9837163392163392,0.9745158547975893,0.992916823635089,0.009200484418749877,0.915,0.8769631727488229,0.9530368272511772,0.038036827251177185,0.02,0.0007930940219671723,0.03920690597803283,0.019206905978032828,0.095,0.053485193541669494,0.1365148064583305,0.0415148064583305,6546.25,5601.217051244824,7491.282948755176,945.0329487551762,605.65,598.6581272541431,612.6418727458569,6.991872745856881,1492.825,1383.5730254552875,1602.0769745447126,109.25197454471254,0.40163182105582457,0.3923714966888382,0.41089214542281094,0.009260324366986372,36.790101122009915,29.39311865084265,44.187083593177185,7.396982471167268,1.0,1.0,1.0,0.0,,,,
target_restriction_of_global,er_expected_degree_2,75,1.0,self_masking_logistic_population,0.3,n_inverse_half,20,20,0.9949999999999999,0.9877974102582375,1.0022025897417621,0.0072025897417623,0.9826984126984127,0.9729453155292226,0.9924515098676029,0.00975309716919015,0.9863135614385616,0.9791231765537319,0.9935039463233913,0.007190384884829704,0.925,0.8914737693030812,0.9585262306969189,0.033526230696918846,0.01,-0.004405179483524622,0.024405179483524622,0.014405179483524622,0.08000000000000002,0.040990589550057334,0.1190094104499427,0.03900941044994269,6620.25,5608.352201353855,7632.147798646145,1011.897798646145,559.65,552.0969666445599,567.2030333554401,7.553033355440107,1520.7,1413.6661774692757,1627.7338225307244,107.03382253072436,0.39952373123900664,0.3903006393752791,0.4087468231027342,0.00922309186372755,37.752914685059935,30.489059893816677,45.016769476303196,7.26385479124326,1.0,1.0,1.0,0.0,,,,
target_restriction_of_global,er_expected_degree_2,75,1.25,complete,0.0,n_inverse_half,20,20,0.9637023809523809,0.9462822416472906,0.9811225202574713,0.017420139305090343,0.9860515873015874,0.9763552627849708,0.995747911818204,0.009696324516616617,0.9695781767252356,0.9571376460500414,0.9820187074004298,0.012440530675194239,0.875,0.8323889044427993,0.9176110955572007,0.04261109555720066,0.095,0.05348519354166949,0.13651480645833053,0.04151480645833052,0.06000000000000001,0.024714660612155763,0.09528533938784425,0.03528533938784424,7721.8,6338.632627159397,9104.967372840603,1383.167372840603,4151.0,4151.0,4151.0,0.0,4151.0,4151.0,4151.0,0.0,1.0,1.0,1.0,0.0,45.06633061796003,35.175212938091086,54.95744829782897,9.891117679868941,1.0,1.0,1.0,0.0,,,,
target_restriction_of_global,er_expected_degree_2,75,1.25,self_masking_gaussian_preserving,0.3,n_inverse_half,20,20,0.9904166666666667,0.9817164124670593,0.9991169208662741,0.008700254199607405,0.9815198412698413,0.9723556649841407,0.9906840175555418,0.009164176285700543,0.9837708263958265,0.9751971291972878,0.9923445235943651,0.008573697198538621,0.9149999999999998,0.880125446898128,0.9498745531018716,0.03487455310187182,0.025,0.004207914368655464,0.04579208563134454,0.02079208563134454,0.09000000000000001,0.053117238954280256,0.12688276104571977,0.03688276104571976,6621.15,5655.533650968375,7586.7663490316245,965.6163490316248,671.5,663.7522390928985,679.2477609071015,7.747760907101451,1671.875,1546.8265298329231,1796.9234701670769,125.04847016707686,0.4005645523080178,0.3913210992253175,0.4098080053907181,0.009243453082700304,37.368923763469816,28.61145919665706,46.12638833028257,8.757464566812757,1.0,1.0,1.0,0.0,,,,
target_restriction_of_global,er_expected_degree_2,75,1.25,self_masking_logistic_population,0.3,n_inverse_half,20,20,0.9924999999999999,0.9839272034765079,1.001072796523492,0.008572796523492077,0.979781746031746,0.9670016818878747,0.9925618101756172,0.012780064143871228,0.9835278471528472,0.9741372005755476,0.9929184937301468,0.0093906465772996,0.9199999999999999,0.8809905895500573,0.9590094104499426,0.03900941044994266,0.015000000000000003,-0.002145593046984154,0.03214559304698416,0.017145593046984157,0.09,0.04222342461542324,0.13777657538457674,0.04777657538457675,6681.15,5649.066732181877,7713.233267818122,1032.0832678181223,621.45,612.6817857755419,630.2182142244582,8.76821422445812,1679.35,1559.259379551117,1799.4406204488828,120.09062044888287,0.39890251072184985,0.38937799557911235,0.40842702586458735,0.0095245151427375,39.28548641146483,31.60727535680268,46.96369746612698,7.67821105466215,1.0,1.0,1.0,0.0,,,,
target_restriction_of_global,er_expected_degree_2,100,1.0,complete,0.0,n_inverse_half,20,20,0.9676190476190477,0.9504389937125562,0.9847991015255392,0.017180053906491466,0.9983333333333334,0.9959324700860793,1.0007341965805876,0.002400863247254137,0.9777777222777221,0.9662242399253363,0.9893312046301078,0.011553482352385736,0.915,0.8713201216359623,0.9586798783640378,0.04367987836403775,0.07999999999999999,0.038139518911833814,0.12186048108816616,0.041860481088166174,0.01,-0.004405179483524622,0.024405179483524622,0.014405179483524622,11502.95,9930.180747653223,13075.719252346778,1572.7692523467776,5000.0,5000.0,5000.0,0.0,5000.0,5000.0,5000.0,0.0,1.0,1.0,1.0,0.0,67.1135432103899,56.13784410186171,78.08924231891811,10.9756991085282,1.0,1.0,1.0,0.0,,,,
target_restriction_of_global,er_expected_degree_2,100,1.0,self_masking_gaussian_preserving,0.3,n_inverse_half,20,20,0.9974999999999999,0.9922674398639791,1.0027325601360206,0.005232560136020747,0.9917380952380952,0.9852132380820868,0.9982629523941036,0.006524857156008368,0.9936708846708846,0.9889057256594354,0.9984360436823339,0.004765159011449249,0.9549999999999998,0.9266942397708494,0.9833057602291503,0.028305760229150434,0.005,-0.005465120272041543,0.015465120272041544,0.010465120272041543,0.045,0.012878638954260078,0.07712136104573991,0.03212136104573991,10037.2,8914.365446976446,11160.034553023555,1122.8345530235547,812.05,803.3650120141521,820.7349879858479,8.684987985847897,2147.8,1994.2202028224744,2301.3797971775257,153.57979717752562,0.41108936227124293,0.40261229229401957,0.4195664322484663,0.008477069977223362,54.52567204479991,44.71837778447956,64.33296630512027,9.807294260320354,1.0,1.0,1.0,0.0,,,,
target_restriction_of_global,er_expected_degree_2,100,1.0,self_masking_logistic_population,0.3,n_inverse_half,20,20,0.9974999999999999,0.9922674398639791,1.0027325601360206,0.005232560136020747,0.9946547619047621,0.9906126215757253,0.9986969022337989,0.004042140329036825,0.9953851703851704,0.9915193348008339,0.9992510059695069,0.0038658355843365078,0.9649999999999999,0.9420972243120311,0.9879027756879686,0.022902775687968724,0.005,-0.005465120272041545,0.015465120272041544,0.010465120272041545,0.034999999999999996,0.007520864142152632,0.06247913585784736,0.027479135857847364,10154.5,8992.306834373147,11316.693165626853,1162.1931656268534,750.9,743.3049193014768,758.4950806985231,7.595080698523134,2158.375,2013.826824107596,2302.9231758924043,144.54817589240417,0.40962859333105517,0.40120188802629403,0.4180552986358163,0.00842670530476114,56.927922903325076,49.93300651520967,63.92283929144048,6.994916388115406,1.0,1.0,1.0,0.0,,,,
target_restriction_of_global,er_expected_degree_2,100,1.25,complete,0.0,n_inverse_half,20,20,0.9559523809523809,0.9347810723657812,0.9771236895389805,0.021171308586599658,0.9983333333333334,0.9959324700860793,1.0007341965805876,0.002400863247254137,0.9701110556110555,0.9557498712613215,0.9844722399607895,0.01436118434973399,0.8899999999999999,0.8422234246154231,0.9377765753845767,0.0477765753845768,0.10500000000000001,0.05585555499230354,0.15414444500769647,0.04914444500769646,0.01,-0.004405179483524622,0.024405179483524622,0.014405179483524622,11551.3,9911.894542354605,13190.705457645394,1639.4054576453946,5947.0,5947.0,5947.0,0.0,5947.0,5947.0,5947.0,0.0,1.0,1.0,1.0,0.0,69.87919224332508,55.1654194408421,84.59296504580806,14.713772802482978,1.0,1.0,1.0,0.0,,,,
target_restriction_of_global,er_expected_degree_2,100,1.25,self_masking_gaussian_preserving,0.3,n_inverse_half,20,20,1.0,1.0,1.0,0.0,0.9943273809523809,0.9883331417879766,1.0003216201167853,0.005994239164404336,0.9968174048174049,0.9933644521269943,1.0002703575078153,0.0034529526904105157,0.97,0.9432651183438204,0.9967348816561795,0.026734881656179543,0.0,0.0,0.0,0.0,0.03,0.0032651183438204764,0.05673488165617952,0.026734881656179522,10137.4,9009.012935293,11265.787064707,1128.3870647069998,968.4,958.6023597714728,978.1976402285271,9.797640228527143,2553.55,2369.3872011888716,2737.712798811129,184.1627988111286,0.41024310066876646,0.40176752719952136,0.41871867413801156,0.008475573469245101,57.00242910764008,49.94862953029155,64.05622868498862,7.0537995773485385,1.0,1.0,1.0,0.0,,,,
target_restriction_of_global,er_expected_degree_2,100,1.25,self_masking_logistic_population,0.3,n_inverse_half,20,20,0.9958333333333333,0.9896992438916611,1.0019674227750055,0.006134089441672208,0.9946547619047619,0.990612621575725,0.9986969022337987,0.004042140329036825,0.9943851703851705,0.9902381966765426,0.9985321440937984,0.004146973708627932,0.96,0.9364764404081038,0.9835235595918961,0.023523559591896115,0.01,-0.004405179483524622,0.024405179483524622,0.014405179483524622,0.035,0.007520864142152632,0.062479135857847375,0.02747913585784737,10199.45,8997.209618050529,11401.690381949473,1202.240381949472,894.1,884.817752221728,903.382247778272,9.282247778271994,2567.575,2393.773903143298,2741.3760968567017,173.80109685670186,0.40952933717697093,0.40078531553879404,0.4182733588151478,0.008744021638176891,56.981029937970206,46.627481599618214,67.33457827632219,10.353548338351988,1.0,1.0,1.0,0.0,,,,
target_restriction_of_global,er_expected_degree_2,150,1.0,complete,0.0,n_inverse_half,20,20,0.9608333333333332,0.9434328249341183,0.9782338417325481,0.01740050839921492,0.9963690476190477,0.9916225048902878,1.0011155903478075,0.0047465427287598505,0.9723253413253412,0.9599242579516297,0.9847264246990527,0.012401083373711486,0.8949999999999999,0.8458555549923035,0.9441444450076963,0.049144445007696436,0.085,0.04696317274882282,0.12303682725117719,0.038036827251177185,0.02,-0.0044840970944328255,0.04448409709443282,0.024484097094432826,23865.05,21348.654071107645,26381.445928892354,2516.3959288923543,7500.0,7500.0,7500.0,0.0,7500.0,7500.0,7500.0,0.0,1.0,1.0,1.0,0.0,143.77147578331994,123.60883168712266,163.93411987951723,20.162644096197283,1.0,1.0,1.0,0.0,,,,
target_restriction_of_global,er_expected_degree_2,150,1.0,self_masking_gaussian_preserving,0.3,n_inverse_half,20,20,1.0,1.0,1.0,0.0,0.9924404761904763,0.9846921978074903,1.0001887545734622,0.007748278382985974,0.9953463203463203,0.990483888545488,1.0002087521471525,0.00486243180083229,0.975,0.9492536099970931,1.0007463900029068,0.02574639000290685,0.0,0.0,0.0,0.0,0.034999999999999996,-0.003036827251177196,0.07303682725117719,0.03803682725117719,21271.05,19472.558937981725,23069.541062018274,1798.4910620182745,1214.35,1210.2804836798073,1218.4195163201925,4.069516320192633,3188.7,2952.95483290974,3424.4451670902595,235.74516709025966,0.4168896898732909,0.40956730916867734,0.42421207057790444,0.007322380704613551,117.66787987570515,101.78242030304962,133.55333944836067,15.885459572655527,1.0,1.0,1.0,0.0,,,,
target_restriction_of_global,er_expected_degree_2,150,1.0,self_masking_logistic_population,0.3,n_inverse_half,20,20,0.9925,0.9831243293006188,1.0018756706993814,0.009375670699381333,0.9904761904761905,0.9826112862213947,0.9983410947309863,0.007864904254795801,0.9898426573426574,0.9802190473395569,0.9994662673457579,0.009623610003100525,0.9549999999999998,0.9163617626955883,0.9936382373044114,0.038638237304411516,0.02,-0.0044840970944328255,0.04448409709443282,0.024484097094432826,0.045,0.006361762695588455,0.08363823730441154,0.038638237304411543,21359.6,19536.161750532086,23183.03824946791,1823.438249467912,1124.7,1112.6917469935286,1136.7082530064715,12.008253006471477,3255.75,3038.374145828142,3473.125854171858,217.375854171858,0.41589576409226253,0.4084017763154601,0.42338975186906497,0.0074939877768024354,121.34465177697491,107.78508676039235,134.90421679355748,13.559565016582567,1.0,1.0,1.0,0.0,,,,
target_restriction_of_global,er_expected_degree_2,150,1.25,complete,0.0,n_inverse_half,20,20,0.9641666666666666,0.9469047363301969,0.9814285970031363,0.017261930336469722,0.9963690476190475,0.9916225048902877,1.0011155903478075,0.004746542728759906,0.9743967698967699,0.9616137794780467,0.9871797603154931,0.012782990418723217,0.9,0.8431852059237325,0.9568147940762676,0.05681479407626755,0.08499999999999999,0.03875610800140457,0.13124389199859543,0.04624389199859543,0.02,-0.0044840970944328255,0.04448409709443282,0.024484097094432826,23856.6,21242.41555170912,26470.784448290877,2614.184448290878,9871.0,9871.0,9871.0,0.0,9871.0,9871.0,9871.0,0.0,1.0,1.0,1.0,0.0,152.71778316934495,128.91932922860832,176.5162371100816,23.798453940736636,1.0,1.0,1.0,0.0,,,,
target_restriction_of_global,er_expected_degree_2,150,1.25,self_masking_gaussian_preserving,0.3,n_inverse_half,20,20,0.9945833333333333,0.9880971751585971,1.0010694915080693,0.006486158174736134,0.993154761904762,0.9860382616452,1.000271262164324,0.007116500259561953,0.992495670995671,0.9863513396418325,0.9986400023495096,0.006144331353838517,0.9599999999999997,0.9247146606121555,0.995285339387844,0.03528533938784428,0.015000000000000003,-0.002145593046984154,0.03214559304698416,0.017145593046984157,0.030000000000000006,-0.0007460512985089686,0.06074605129850898,0.03074605129850897,21530.15,19612.574363555043,23447.72563644496,1917.575636444959,1613.55,1608.1890814942776,1618.9109185057223,5.3609185057223385,4250.15,3939.4351324329346,4560.864867567065,310.7148675670651,0.41595680046017264,0.4083017519053787,0.42361184901496657,0.007655048554793931,120.99782951093997,105.36323951501643,136.6324195068635,15.634589995923534,1.0,1.0,1.0,0.0,,,,
target_restriction_of_global,er_expected_degree_2,150,1.25,self_masking_logistic_population,0.3,n_inverse_half,20,20,0.99375,0.9862773734057964,1.0012226265942037,0.0074726265942036685,0.9911904761904762,0.9839026457332296,0.9984783066477227,0.007287830457246569,0.9909086746586746,0.982810696141504,0.9990066531758452,0.008097978517170645,0.9550000000000001,0.9228786389542601,0.98712136104574,0.03212136104573993,0.015000000000000003,-0.002145593046984154,0.03214559304698416,0.017145593046984157,0.04,0.008148949743615491,0.07185105025638451,0.03185105025638451,21645.25,19699.855225457846,23590.644774542154,1945.3947745421538,1486.9,1473.350194849902,1500.4498051500982,13.54980515009811,4229.575,3934.5686974442374,4524.581302555762,295.0063025557622,0.4147435417000656,0.4068243246748053,0.42266275872532594,0.007919217025260328,126.56712310265,111.15164436867222,141.98260183662777,15.415478733977771,1.0,1.0,1.0,0.0,,,,
target_restriction_of_global,random_regular_d2,20,1.0,complete,0.0,n_inverse_half,20,20,0.9966666666666667,0.9918649401721584,1.001468393161175,0.004801726494508274,0.99,0.9777579514527835,1.0022420485472163,0.012242048547216389,0.9913333333333332,0.9830411781685927,0.9996254884980736,0.008292155164740467,0.97,0.9432651183438204,0.9967348816561795,0.026734881656179543,0.01,-0.004405179483524622,0.024405179483524622,0.014405179483524622,0.02,-0.0044840970944328255,0.04448409709443282,0.024484097094432826,380.1,358.5200453379887,401.67995466201137,21.579954662011346,1000.0,1000.0,1000.0,0.0,1000.0,1000.0,1000.0,0.0,1.0,1.0,1.0,0.0,1.7938003996400798,1.6334461139207486,1.954154685359411,0.1603542857193312,1.0,1.0,1.0,0.0,0.15135499974110572,0.13450715034532254,0.1682028491368889,0.016847849395783182
target_restriction_of_global,random_regular_d2,20,1.0,self_masking_gaussian_preserving,0.3,n_inverse_half,20,20,1.0,1.0,1.0,0.0,0.9875,0.9746268049985466,1.0003731950014536,0.012873195001453508,0.9916666666666666,0.9830845366656976,1.0002487966676357,0.008582130000969024,0.975,0.9492536099970931,1.0007463900029068,0.02574639000290685,0.0,0.0,0.0,0.0,0.025,-0.0007463900029069104,0.05074639000290691,0.025746390002906912,357.3,340.26631940084394,374.3336805991561,17.03368059915607,278.6,260.1015706948752,297.09842930512485,18.49842930512483,448.55,428.42152850963083,468.6784714903692,20.12847149036918,0.4226112721641579,0.4186879986512334,0.4265345456770824,0.0039232735129244856,1.8670503483099847,1.685805845171985,2.0482948514479844,0.18124450313799967,1.0,1.0,1.0,0.0,0.15135499974110572,0.13450715034532254,0.1682028491368889,0.016847849395783182
target_restriction_of_global,random_regular_d2,20,1.0,self_masking_logistic_population,0.3,n_inverse_half,20,20,1.0,1.0,1.0,0.0,0.9875,0.9746268049985466,1.0003731950014536,0.012873195001453508,0.9916666666666666,0.9830845366656976,1.0002487966676357,0.008582130000969024,0.975,0.9492536099970931,1.0007463900029068,0.02574639000290685,0.0,0.0,0.0,0.0,0.025,-0.0007463900029069104,0.05074639000290691,0.025746390002906912,355.65,339.3663585205434,371.9336414794566,16.283641479456605,272.4,254.12540865981995,290.67459134018,18.27459134018001,454.575,439.645708187401,469.504291812599,14.92929181259899,0.421749756138747,0.4177253446420239,0.4257741676354701,0.004024411496723113,1.7063488474949726,1.539809869910256,1.8728878250796892,0.16653897758471659,1.0,1.0,1.0,0.0,0.15135499974110572,0.13450715034532254,0.1682028491368889,0.016847849395783182
target_restriction_of_global,random_regular_d2,20,1.25,complete,0.0,n_inverse_half,20,20,0.9966666666666667,0.989689919818639,1.0036434135146943,0.006976746848027682,0.9899999999999999,0.9777579514527834,1.0022420485472163,0.012242048547216444,0.9913333333333332,0.982502565065093,1.0001641016015732,0.008830768268240086,0.97,0.939253948701491,1.000746051298509,0.030746051298508936,0.01,-0.01093024054408309,0.03093024054408309,0.02093024054408309,0.02,-0.0044840970944328255,0.04448409709443282,0.024484097094432826,380.35,357.8682391221859,402.83176087781413,22.48176087781411,796.0,796.0,796.0,0.0,796.0,796.0,796.0,0.0,1.0,1.0,1.0,0.0,1.922584217404974,1.6698387355959332,2.175329699214015,0.252745481809041,1.0,1.0,1.0,0.0,0.15135499974110572,0.13450715034532254,0.1682028491368889,0.016847849395783182
target_restriction_of_global,random_regular_d2,20,1.25,self_masking_gaussian_preserving,0.3,n_inverse_half,20,20,0.9983333333333333,0.9948449599093194,1.0018217067573472,0.0034883734240138686,0.9875,0.9746268049985466,1.0003731950014536,0.012873195001453508,0.9906666666666666,0.9820532502621351,0.9992800830711981,0.008613416404531504,0.97,0.9432651183438204,0.9967348816561795,0.026734881656179543,0.005,-0.005465120272041545,0.015465120272041544,0.010465120272041545,0.025,-0.0007463900029069104,0.05074639000290691,0.025746390002906912,359.25,340.133413783376,378.366586216624,19.116586216624,222.4,208.0450059487361,236.7549940512639,14.354994051263901,349.275,331.3333897548195,367.21661024518045,17.94161024518047,0.42216454268376047,0.4175818161647687,0.42674726920275224,0.004582726518991775,1.9063801831501508,1.7409313458735678,2.071829020426734,0.165448837276583,1.0,1.0,1.0,0.0,0.15135499974110572,0.13450715034532254,0.1682028491368889,0.016847849395783182
target_restriction_of_global,random_regular_d2,20,1.25,self_masking_logistic_population,0.3,n_inverse_half,20,20,0.9966666666666667,0.989689919818639,1.0036434135146943,0.006976746848027682,0.9875,0.9746268049985466,1.0003731950014536,0.012873195001453508,0.9896666666666667,0.978978704678948,1.0003546286543854,0.010687961987718708,0.9650000000000001,0.9269631727488229,1.0030368272511772,0.03803682725117713,0.01,-0.01093024054408309,0.03093024054408309,0.02093024054408309,0.025,-0.0007463900029069104,0.05074639000290691,0.025746390002906912,351.0,335.8604678005473,366.1395321994527,15.139532199452674,212.35,198.4222821101319,226.2777178898681,13.927717889868092,361.1,349.91635738220003,372.2836426178,11.18364261779999,0.42340908797596405,0.419650428628451,0.4271677473234771,0.0037586593475130714,1.7920629902350071,1.7039519483006933,1.880174032169321,0.08811104193431385,1.0,1.0,1.0,0.0,0.15135499974110572,0.13450715034532254,0.1682028491368889,0.016847849395783182
target_restriction_of_global,random_regular_d2,50,1.0,complete,0.0,n_inverse_half,20,20,0.9916666666666665,0.9830845366656975,1.0002487966676354,0.008582130000968968,1.0,1.0,1.0,0.0,0.9949999999999999,0.9898507219994185,1.0001492780005812,0.005149278000581348,0.9749999999999999,0.949253609997093,1.0007463900029068,0.025746390002906905,0.025,-0.0007463900029069138,0.05074639000290691,0.025746390002906912,0.0,0.0,0.0,0.0,1798.85,1763.3655092326019,1834.334490767398,35.48449076739803,2500.0,2500.0,2500.0,0.0,2500.0,2500.0,2500.0,0.0,1.0,1.0,1.0,0.0,7.954177036524949,7.333469779135189,8.574884293914709,0.6207072573897596,1.0,1.0,1.0,0.0,,,,
target_restriction_of_global,random_regular_d2,50,1.0,self_masking_gaussian_preserving,0.3,n_inverse_half,20,20,1.0,1.0,1.0,0.0,0.9974999999999999,0.9922674398639791,1.0027325601360206,0.005232560136020747,0.9983333333333334,0.9948449599093195,1.0018217067573472,0.003488373424013813,0.9949999999999999,0.9845348797279584,1.0054651202720415,0.01046512027204155,0.0,0.0,0.0,0.0,0.005,-0.005465120272041545,0.015465120272041544,0.010465120272041545,1767.3,1738.4524116924918,1796.1475883075082,28.847588307508204,660.35,615.5894411621043,705.1105588378957,44.7605588378957,1212.825,1210.4394611519847,1215.2105388480154,2.385538848015358,0.4461442192411309,0.44450631841996185,0.44778212006229995,0.0016379008211690471,7.922551264875038,7.4055544676094565,8.43954806214062,0.5169967972655818,1.0,1.0,1.0,0.0,,,,
target_restriction_of_global,random_regular_d2,50,1.0,self_masking_logistic_population,0.3,n_inverse_half,20,20,0.9983333333333334,0.9948449599093195,1.0018217067573472,0.003488373424013813,0.9974999999999999,0.9922674398639791,1.0027325601360206,0.005232560136020747,0.9973333333333333,0.993360809417723,1.0013058572489435,0.00397252391561026,0.99,0.9755948205164754,1.0044051794835247,0.014405179483524655,0.005,-0.005465120272041545,0.015465120272041544,0.010465120272041545,0.005,-0.005465120272041545,0.015465120272041544,0.010465120272041545,1770.75,1738.0168467308722,1803.4831532691278,32.7331532691278,670.25,625.9612957859675,714.5387042140325,44.288704214032464,1207.85,1204.7076194286535,1210.9923805713463,3.1423805713463935,0.44400112021726884,0.4417938440379388,0.44620839639659887,0.002207276179330031,8.030459840325015,7.305632211959804,8.755287468690227,0.7248276283652118,1.0,1.0,1.0,0.0,,,,
target_restriction_of_global,random_regular_d2,50,1.25,complete,0.0,n_inverse_half,20,20,0.9916666666666665,0.9830845366656975,1.0002487966676354,0.008582130000968968,1.0,1.0,1.0,0.0,0.9950000000000001,0.9898507219994187,1.0001492780005814,0.005149278000581348,0.9749999999999999,0.949253609997093,1.0007463900029068,0.025746390002906905,0.025,-0.0007463900029069138,0.05074639000290691,0.025746390002906912,0.0,0.0,0.0,0.0,1798.85,1763.3655092326019,1834.334490767398,35.48449076739803,2500.0,2500.0,2500.0,0.0,2500.0,2500.0,2500.0,0.0,1.0,1.0,1.0,0.0,8.201512088350015,7.4660340307422155,8.936990145957813,0.7354780576077986,1.0,1.0,1.0,0.0,,,,
target_restriction_of_global,random_regular_d2,50,1.25,self_masking_gaussian_preserving,0.3,n_inverse_half,20,20,1.0,1.0,1.0,0.0,0.9974999999999999,0.9922674398639791,1.0027325601360206,0.005232560136020747,0.9983333333333334,0.9948449599093195,1.0018217067573472,0.003488373424013813,0.9949999999999999,0.9845348797279584,1.0054651202720415,0.01046512027204155,0.0,0.0,0.0,0.0,0.005,-0.005465120272041545,0.015465120272041544,0.010465120272041545,1767.3,1738.452411692492,1796.147588307508,28.847588307507976,660.35,615.5894411621043,705.1105588378957,44.7605588378957,1212.825,1210.4394611519847,1215.2105388480154,2.385538848015358,0.4461442192411308,0.44450631841996174,0.44778212006229984,0.0016379008211690471,8.142143798834953,7.5751341564102885,8.709153441259618,0.5670096424246647,1.0,1.0,1.0,0.0,,,,
target_restriction_of_global,random_regular_d2,50,1.25,self_masking_logistic_population,0.3,n_inverse_half,20,20,0.9983333333333334,0.9948449599093195,1.0018217067573472,0.003488373424013813,0.9974999999999999,0.9922674398639791,1.0027325601360206,0.005232560136020747,0.9973333333333333,0.993360809417723,1.0013058572489435,0.00397252391561026,0.99,0.9755948205164754,1.0044051794835247,0.014405179483524655,0.005,-0.005465120272041545,0.015465120272041544,0.010465120272041545,0.005,-0.005465120272041545,0.015465120272041544,0.010465120272041545,1770.75,1738.0168467308722,1803.4831532691278,32.7331532691278,670.25,625.9612957859675,714.5387042140325,44.288704214032464,1207.85,1204.7076194286535,1210.9923805713463,3.1423805713463935,0.44400112021726884,0.4417938440379388,0.44620839639659887,0.002207276179330031,7.995156168535035,7.2589928680816085,8.731319468988463,0.7361633004534274,1.0,1.0,1.0,0.0,,,,
target_restriction_of_global,random_regular_d2,75,1.0,complete,0.0,n_inverse_half,20,20,0.9916666666666666,0.9830845366656976,1.0002487966676357,0.008582130000969024,0.9949999999999999,0.9877974102582375,1.0022025897417621,0.0072025897417623,0.9916666666666666,0.9840998200955147,0.9992335132378185,0.0075668465711519195,0.9649999999999999,0.9336046391838753,0.9963953608161245,0.031395360816124596,0.025,-0.0007463900029069104,0.05074639000290691,0.025746390002906912,0.01,-0.004405179483524622,0.024405179483524622,0.014405179483524622,3720.15,3671.64203897094,3768.65796102906,48.50796102905997,3750.0,3750.0,3750.0,0.0,3750.0,3750.0,3750.0,0.0,1.0,1.0,1.0,0.0,17.6248769715849,16.397606248834002,18.852147694335798,1.227270722750898,1.0,1.0,1.0,0.0,,,,
target_restriction_of_global,random_regular_d2,75,1.0,self_masking_gaussian_preserving,0.3,n_inverse_half,20,20,1.0,1.0,1.0,0.0,0.9949999999999999,0.9877974102582375,1.0022025897417621,0.0072025897417623,0.9966666666666667,0.9918649401721584,1.001468393161175,0.004801726494508274,0.99,0.9755948205164754,1.0044051794835247,0.014405179483524655,0.0,0.0,0.0,0.0,0.01,-0.004405179483524622,0.024405179483524622,0.014405179483524622,3622.2,3589.8623772969727,3654.537622703027,32.33762270302714,1057.45,983.0843741578371,1131.815625842163,74.3656258421629,1827.25,1824.7325257314023,1829.7674742685977,2.5174742685976526,0.45637783588040765,0.455349608925738,0.4574060628350773,0.001028226954669642,16.851801256570035,15.807437012692438,17.89616550044763,1.0443642438775962,1.0,1.0,1.0,0.0,,,,
target_restriction_of_global,random_regular_d2,75,1.0,self_masking_logistic_population,0.3,n_inverse_half,20,20,0.9966666666666667,0.9918649401721584,1.001468393161175,0.004801726494508274,0.9949999999999999,0.9877974102582375,1.0022025897417621,0.0072025897417623,0.9946666666666666,0.9893485152156682,0.9999848181176649,0.005318151450998343,0.9799999999999999,0.960793094021967,0.9992069059780327,0.019206905978032873,0.01,-0.0044051794835246235,0.024405179483524622,0.014405179483524624,0.01,-0.004405179483524622,0.024405179483524622,0.014405179483524622,3639.5,3593.170306087054,3685.829693912946,46.32969391294591,955.2,885.3754667081184,1025.0245332918817,69.82453329188161,1825.075,1822.5704093801733,1827.5795906198268,2.5045906198267858,0.4551807237239758,0.4535012821880475,0.456860165259904,0.00167944153592825,15.774363447120042,14.76901447095397,16.779712423286114,1.005348976166072,1.0,1.0,1.0,0.0,,,,
target_restriction_of_global,random_regular_d2,75,1.25,complete,0.0,n_inverse_half,20,20,0.9949999999999999,0.9892848023176718,1.0007151976823279,0.005715197682328033,0.9949999999999999,0.9877974102582375,1.0022025897417621,0.0072025897417623,0.9936666666666667,0.9869157283724884,1.000417604960845,0.0067509382941783325,0.975,0.9492536099970931,1.0007463900029068,0.02574639000290685,0.015000000000000003,-0.002145593046984154,0.03214559304698416,0.017145593046984157,0.01,-0.004405179483524622,0.024405179483524622,0.014405179483524622,3695.1,3652.3754529409034,3737.8245470590964,42.724547059096494,4151.0,4151.0,4151.0,0.0,4151.0,4151.0,4151.0,0.0,1.0,1.0,1.0,0.0,16.356794600339832,14.989795192782523,17.72379400789714,1.3669994075573086,1.0,1.0,1.0,0.0,,,,
target_restriction_of_global,random_regular_d2,75,1.25,self_masking_gaussian_preserving,0.3,n_inverse_half,20,20,1.0,1.0,1.0,0.0,0.9949999999999999,0.9877974102582375,1.0022025897417621,0.0072025897417623,0.9966666666666667,0.9918649401721584,1.001468393161175,0.004801726494508274,0.99,0.9755948205164754,1.0044051794835247,0.014405179483524655,0.0,0.0,0.0,0.0,0.01,-0.004405179483524622,0.024405179483524622,0.014405179483524622,3598.5,3557.798605027191,3639.201394972809,40.701394972808885,1106.9,1032.491379680431,1181.3086203195692,74.40862031956908,2023.45,2020.6236016505559,2026.2763983494442,2.826398349444162,0.4569678402709038,0.4556726148593022,0.4582630656825054,0.001295225411601597,16.371472270635184,15.153999040391291,17.588945500879078,1.2174732302438933,1.0,1.0,1.0,0.0,,,,
target_restriction_of_global,random_regular_d2,75,1.25,self_masking_logistic_population,0.3,n_inverse_half,20,20,0.9949999999999999,0.9892848023176718,1.0007151976823279,0.005715197682328033,0.9949999999999999,0.9877974102582375,1.0022025897417621,0.0072025897417623,0.9936666666666667,0.9881708394950972,0.9991624938382362,0.0054958271715694895,0.975,0.9542079143686555,0.9957920856313445,0.020792085631344492,0.015000000000000003,-0.002145593046984154,0.03214559304698416,0.017145593046984157,0.01,-0.004405179483524622,0.024405179483524622,0.014405179483524622,3620.75,3574.923595485793,3666.576404514207,45.82640451420684,1038.75,963.9370247596388,1113.5629752403613,74.81297524036125,2021.3,2018.7316373360527,2023.8683626639472,2.568362663947255,0.45574148610770326,0.4540501868883634,0.4574327853270431,0.001691299219339859,16.08086466512501,15.02506386298483,17.13666546726519,1.0558008021401797,1.0,1.0,1.0,0.0,,,,
target_restriction_of_global,random_regular_d2,100,1.0,complete,0.0,n_inverse_half,20,20,0.9899999999999999,0.9826652416241469,0.9973347583758528,0.007334758375852957,1.0,1.0,1.0,0.0,0.9940000000000001,0.9895991449744883,0.9984008550255119,0.004400855025511796,0.97,0.9479957248724411,0.9920042751275588,0.02200427512755887,0.03,0.007995724872441181,0.05200427512755881,0.022004275127558814,0.0,0.0,0.0,0.0,6310.7,6251.851888557638,6369.548111442362,58.8481114423621,5000.0,5000.0,5000.0,0.0,5000.0,5000.0,5000.0,0.0,1.0,1.0,1.0,0.0,28.695678940795126,26.513319946555036,30.878037935035216,2.18235899424009,1.0,1.0,1.0,0.0,,,,
target_restriction_of_global,random_regular_d2,100,1.0,self_masking_gaussian_preserving,0.3,n_inverse_half,20,20,0.9983333333333333,0.9948449599093194,1.0018217067573472,0.0034883734240138686,1.0,1.0,1.0,0.0,0.999,0.9969069759455917,1.0010930240544083,0.0020930240544082546,0.9949999999999999,0.9845348797279584,1.0054651202720415,0.01046512027204155,0.005,-0.005465120272041543,0.015465120272041544,0.010465120272041543,0.0,0.0,0.0,0.0,6180.05,6145.143900521891,6214.9560994781095,34.906099478109354,1367.95,1266.9176950661595,1468.9823049338406,101.03230493384058,2439.225,2436.5639650118283,2441.8860349881716,2.66103498817165,0.46111647427993707,0.46033318932263345,0.4618997592372407,0.0007832849573036205,28.430049751509934,26.309178915102926,30.55092058791694,2.1208708364070077,1.0,1.0,1.0,0.0,,,,
target_restriction_of_global,random_regular_d2,100,1.0,self_masking_logistic_population,0.3,n_inverse_half,20,20,0.9966666666666667,0.9918649401721584,1.001468393161175,0.004801726494508274,1.0,1.0,1.0,0.0,0.998,0.995118964103295,1.0008810358967049,0.0028810358967049088,0.9899999999999999,0.9755948205164753,1.0044051794835245,0.0144051794835246,0.01,-0.004405179483524622,0.024405179483524622,0.014405179483524622,0.0,0.0,0.0,0.0,6213.55,6168.124176364057,6258.975823635943,45.425823635942834,1200.3,1120.1183416995223,1280.4816583004776,80.1816583004777,2438.0,2436.1034699941265,2439.8965300058735,1.896530005873501,0.4599659906133319,0.4592030171486482,0.46072896407801556,0.0007629734646836805,27.597140540035063,25.72685157244257,29.467429507627557,1.8702889675924936,1.0,1.0,1.0,0.0,,,,
target_restriction_of_global,random_regular_d2,100,1.25,complete,0.0,n_inverse_half,20,20,0.985,0.9755647465902831,0.9944352534097168,0.009435253409716848,1.0,1.0,1.0,0.0,0.991,0.9853388479541699,0.9966611520458301,0.005661152045830065,0.9549999999999998,0.9266942397708494,0.9833057602291503,0.028305760229150434,0.045,0.016694239770849512,0.07330576022915049,0.02830576022915049,0.0,0.0,0.0,0.0,6246.75,6176.418248863758,6317.081751136242,70.33175113624202,5947.0,5947.0,5947.0,0.0,5947.0,5947.0,5947.0,0.0,1.0,1.0,1.0,0.0,28.772392013729906,26.838635671779706,30.706148355680106,1.9337563419502004,1.0,1.0,1.0,0.0,,,,
target_restriction_of_global,random_regular_d2,100,1.25,self_masking_gaussian_preserving,0.3,n_inverse_half,20,20,1.0,1.0,1.0,0.0,1.0,1.0,1.0,0.0,1.0,1.0,1.0,0.0,1.0,1.0,1.0,0.0,0.0,0.0,0.0,0.0,0.0,0.0,0.0,0.0,6147.65,6110.903056612093,6184.3969433879065,36.74694338790687,1625.05,1503.4208864340555,1746.6791135659444,121.62911356594441,2902.6,2899.677645428372,2905.5223545716276,2.922354571627693,0.46172520687511964,0.46089368483093757,0.4625567289193017,0.0008315220441820759,25.977349034044995,23.86918924100439,28.0855088270856,2.108159793040606,1.0,1.0,1.0,0.0,,,,
target_restriction_of_global,random_regular_d2,100,1.25,self_masking_logistic_population,0.3,n_inverse_half,20,20,0.9966666666666667,0.9918649401721584,1.001468393161175,0.004801726494508274,1.0,1.0,1.0,0.0,0.998,0.995118964103295,1.0008810358967049,0.0028810358967049088,0.99,0.9755948205164754,1.0044051794835247,0.014405179483524655,0.01,-0.004405179483524622,0.024405179483524622,0.014405179483524622,0.0,0.0,0.0,0.0,6159.35,6119.216276323772,6199.483723676229,40.13372367622833,1456.6,1349.1890810987948,1564.010918901205,107.41091890120515,2901.825,2899.752351291935,2903.8976487080645,2.072648708064662,0.4611073623236808,0.46039498378747373,0.4618197408598879,0.0007123785362070922,28.111972488265042,26.020690703963307,30.203254272566777,2.091281784301735,1.0,1.0,1.0,0.0,,,,
target_restriction_of_global,random_regular_d2,150,1.0,complete,0.0,n_inverse_half,20,20,0.99,0.9810883727812735,0.9989116272187265,0.008911627218726514,1.0,1.0,1.0,0.0,0.994,0.9886530236687641,0.9993469763312359,0.005346976331235931,0.97,0.9432651183438204,0.9967348816561795,0.026734881656179543,0.030000000000000006,0.00326511834382048,0.05673488165617953,0.026734881656179522,0.0,0.0,0.0,0.0,13529.35,13441.022861092231,13617.67713890777,88.32713890776904,7500.0,7500.0,7500.0,0.0,7500.0,7500.0,7500.0,0.0,1.0,1.0,1.0,0.0,61.91557904772499,56.94559427931677,66.88556381613321,4.969984768408221,1.0,1.0,1.0,0.0,,,,
target_restriction_of_global,random_regular_d2,150,1.0,self_masking_gaussian_preserving,0.3,n_inverse_half,20,20,1.0,1.0,1.0,0.0,1.0,1.0,1.0,0.0,1.0,1.0,1.0,0.0,1.0,1.0,1.0,0.0,0.0,0.0,0.0,0.0,0.0,0.0,0.0,0.0,13272.35,13213.483442656272,13331.216557343729,58.866557343728346,1870.1,1773.8571929940426,1966.3428070059572,96.24280700595727,3665.15,3662.5898420908206,3667.7101579091795,2.560157909179452,0.4670636756945485,0.4664191105311182,0.4677082408579788,0.0006445651634303107,62.65392139174503,58.43287756018362,66.87496522330645,4.221043831561413,1.0,1.0,1.0,0.0,,,,
target_restriction_of_global,random_regular_d2,150,1.0,self_masking_logistic_population,0.3,n_inverse_half,20,20,1.0,1.0,1.0,0.0,1.0,1.0,1.0,0.0,1.0,1.0,1.0,0.0,1.0,1.0,1.0,0.0,0.0,0.0,0.0,0.0,0.0,0.0,0.0,0.0,13295.95,13219.864302718404,13372.035697281597,76.08569728159637,1800.95,1688.982893615163,1912.917106384837,111.96710638483705,3664.75,3663.03964820914,3666.46035179086,1.7103517908599315,0.46648599047369127,0.465706454620353,0.46726552632702956,0.0007795358533382868,60.979659232020005,55.885783109835444,66.07353535420457,5.093876122184561,1.0,1.0,1.0,0.0,,,,
target_restriction_of_global,random_regular_d2,150,1.25,complete,0.0,n_inverse_half,20,20,0.99,0.9810883727812735,0.9989116272187265,0.008911627218726514,1.0,1.0,1.0,0.0,0.994,0.9886530236687641,0.9993469763312359,0.005346976331235931,0.97,0.9432651183438204,0.9967348816561795,0.026734881656179543,0.030000000000000006,0.00326511834382048,0.05673488165617953,0.026734881656179522,0.0,0.0,0.0,0.0,13350.6,13281.351778540375,13419.848221459626,69.24822145962571,9871.0,9871.0,9871.0,0.0,9871.0,9871.0,9871.0,0.0,1.0,1.0,1.0,0.0,63.03151790768487,58.56616422953262,67.49687158583713,4.465353678152255,1.0,1.0,1.0,0.0,,,,
target_restriction_of_global,random_regular_d2,150,1.25,self_masking_gaussian_preserving,0.3,n_inverse_half,20,20,1.0,1.0,1.0,0.0,1.0,1.0,1.0,0.0,1.0,1.0,1.0,0.0,1.0,1.0,1.0,0.0,0.0,0.0,0.0,0.0,0.0,0.0,0.0,0.0,13148.0,13095.721568021227,13200.278431978773,52.27843197877337,2692.75,2497.9275659002838,2887.5724340997162,194.82243409971625,4826.3,4823.198887553872,4829.4011124461285,3.1011124461283543,0.4682481835711957,0.46770394073315696,0.4687924264092344,0.0005442428380387221,61.47956353360494,57.4483778217699,65.51074924543998,4.03118571183504,1.0,1.0,1.0,0.0,,,,
target_restriction_of_global,random_regular_d2,150,1.25,self_masking_logistic_population,0.3,n_inverse_half,20,20,1.0,1.0,1.0,0.0,1.0,1.0,1.0,0.0,1.0,1.0,1.0,0.0,1.0,1.0,1.0,0.0,0.0,0.0,0.0,0.0,0.0,0.0,0.0,0.0,13160.8,13098.481877144777,13223.118122855221,62.3181228552221,2528.8,2332.757520733756,2724.8424792662445,196.0424792662443,4824.95,4822.741858317396,4827.158141682604,2.2081416826040368,0.46774187321985466,0.46704147892043757,0.46844226751927176,0.0007003942994170953,61.582713084750004,57.21373231771129,65.95169385178872,4.368980767038714,1.0,1.0,1.0,0.0,,,,
target_restriction_of_global,scale_free_m2,20,1.0,complete,0.0,n_inverse_half,20,20,0.9370952380952382,0.9162190353055799,0.9579714408848965,0.020876202789658294,0.7618712953712954,0.7267802030452684,0.7969623876973224,0.03509109232602703,0.8215967790379555,0.7946854083682876,0.8485081497076233,0.026911370669667867,0.39,0.3127235253911769,0.4672764746088231,0.07727647460882309,0.195,0.141368777548188,0.24863122245181202,0.05363122245181201,1.055,0.9378979104974428,1.1721020895025571,0.11710208950255718,2280.6,2042.4878879025441,2518.7121120974557,238.1121120974558,1000.0,1000.0,1000.0,0.0,1000.0,1000.0,1000.0,0.0,1.0,1.0,1.0,0.0,14.853136167049971,13.269280424274344,16.436991909825597,1.5838557427756266,,,,,,,,
target_restriction_of_global,scale_free_m2,20,1.0,self_masking_gaussian_preserving,0.3,n_inverse_half,20,20,0.9075,0.8792366963122646,0.9357633036877353,0.02826330368773533,0.6017187812187812,0.5603064002041481,0.6431311622334143,0.04141238101463307,0.7000111204155323,0.664236491729481,0.7357857491015836,0.0357746286860513,0.21999999999999997,0.16828382293657812,0.2717161770634218,0.05171617706342185,0.06,0.013445534383500483,0.1065544656164995,0.04655446561649951,1.625,1.4892928110202353,1.7607071889797647,0.13570718897976475,1105.75,999.2279562659744,1212.2720437340256,106.5220437340256,163.7,155.80981214143156,171.5901878585684,7.890187858568424,342.425,339.4598852895689,345.39011471043113,2.9651147104311235,0.34216719072182655,0.3360084480193362,0.3483259334243169,0.0061587427024903385,6.622462614354933,5.783241775831725,7.46168345287814,0.8392208385232074,,,,,,,,
target_restriction_of_global,scale_free_m2,20,1.0,self_masking_logistic_population,0.3,n_inverse_half,20,20,0.9209166666666668,0.891719349623318,0.9501139837100157,0.029197317043348825,0.6057919580419581,0.5650184944060499,0.6465654216778662,0.04077346363590817,0.705783189033189,0.6709067765829418,0.7406596014834362,0.034876412450247196,0.23000000000000004,0.1750417282843053,0.28495827171569477,0.05495827171569473,0.06500000000000002,0.016326975433425372,0.11367302456657466,0.048673024566574644,1.64,1.5046969239134553,1.7753030760865445,0.13530307608654457,1123.55,1016.4346339650915,1230.6653660349084,107.11536603490845,154.4,149.71394790391247,159.08605209608754,4.686052096087536,336.425,332.9480766755754,339.9019233244246,3.476923324424604,0.3390406630077568,0.3333502848442126,0.34473104117130104,0.00569037816354423,7.049701001945074,6.2266153295689,7.872786674321248,0.8230856723761741,,,,,,,,
target_restriction_of_global,scale_free_m2,20,1.25,complete,0.0,n_inverse_half,20,20,0.9381904761904762,0.9050602597825013,0.9713206925984512,0.03313021640797498,0.7600893689643689,0.7281051793352428,0.7920735585934949,0.03198418962912608,0.8211702439717146,0.7926357741956438,0.8497047137477853,0.02853446977607077,0.39499999999999996,0.3279905347384409,0.462009465261559,0.06700946526155904,0.195,0.09721086232707772,0.2927891376729223,0.0977891376729223,1.0550000000000002,0.9439616970312444,1.166038302968756,0.11103830296875578,2126.3,1873.9204560757362,2378.679543924264,252.379543924264,796.0,796.0,796.0,0.0,796.0,796.0,796.0,0.0,1.0,1.0,1.0,0.0,13.617063280345022,11.942517032141382,15.291609528548662,1.6745462482036402,,,,,,,,
target_restriction_of_global,scale_free_m2,20,1.25,self_masking_gaussian_preserving,0.3,n_inverse_half,20,20,0.9037500000000002,0.8681512479339282,0.9393487520660722,0.03559875206607199,0.5998155178155178,0.555970497532933,0.6436605380981025,0.043845020282584746,0.6965398514883808,0.6560270880148178,0.7370526149619439,0.04051276347356303,0.225,0.17267439863979228,0.27732560136020773,0.052325601360207724,0.075,0.022674398639792287,0.1273256013602077,0.05232560136020771,1.65,1.5087769870425727,1.7912230129574271,0.14122301295742723,1011.05,928.056984411035,1094.0430155889649,82.99301558896491,132.25,125.386931778784,139.113068221216,6.863068221215997,274.5,271.71458472200413,277.28541527799587,2.7854152779958667,0.34841467613410415,0.34274682508220844,0.35408252718599986,0.0056678510518957115,6.118401647534984,5.528493422856425,6.708309872213544,0.5899082246785596,,,,,,,,
target_restriction_of_global,scale_free_m2,20,1.25,self_masking_logistic_population,0.3,n_inverse_half,20,20,0.9146666666666666,0.8817928564557171,0.9475404768776161,0.03287381021094948,0.5936178404928405,0.5486244073991018,0.6386112735865792,0.04499343309373871,0.6935933510933511,0.6541806871027879,0.7330060150839143,0.0394126639905632,0.22999999999999998,0.16720927836775074,0.29279072163224923,0.06279072163224925,0.06999999999999999,0.017181008560409723,0.12281899143959027,0.05281899143959028,1.69,1.555123613957665,1.824876386042335,0.13487638604233498,1037.25,940.1009888457834,1134.3990111542166,97.14901115421662,124.3,118.47208064040277,130.12791935959723,5.827919359597232,270.475,267.2849447160645,273.66505528393554,3.1900552839355214,0.3454285714061292,0.3392233437406095,0.35163379907164893,0.00620522766551973,6.441537979585014,5.77568657300152,7.107389386168508,0.665851406583494,,,,,,,,
target_restriction_of_global,scale_free_m2,50,1.0,complete,0.0,n_inverse_half,20,20,0.9327526917526917,0.9126088394990761,0.9528965440063073,0.02014385225361559,0.7840688207131705,0.7589753935757342,0.8091622478506069,0.02509342713743634,0.8327435888587168,0.8145751786748104,0.8509119990426232,0.01816841018390636,0.41000000000000003,0.36470060284951333,0.45529939715048673,0.0452993971504867,0.295,0.18712133016050236,0.4028786698394976,0.10787866983949762,1.475,1.3635471802263692,1.586452819773631,0.11145281977363086,18650.75,16869.717962614068,20431.782037385932,1781.0320373859322,2500.0,2500.0,2500.0,0.0,2500.0,2500.0,2500.0,0.0,1.0,1.0,1.0,0.0,132.37818622849494,119.10611906217075,145.65025339481912,13.272067166324184,,,,,,,,
target_restriction_of_global,scale_free_m2,50,1.0,self_masking_gaussian_preserving,0.3,n_inverse_half,20,20,0.9331190476190475,0.9033326451157704,0.9629054501223246,0.029786402503277132,0.6370652467802237,0.6055731314232041,0.6685573621372433,0.03149211535701957,0.7275768897260887,0.7000862398805974,0.75506753957158,0.02749064984549132,0.27,0.21298265699581617,0.32701734300418384,0.05701734300418383,0.07,0.021743245963551705,0.11825675403644831,0.0482567540364483,2.175,2.0209887863620186,2.329011213637981,0.1540112136379812,7411.9,6860.439430907477,7963.360569092522,551.4605690925227,385.45,379.46712778948245,391.43287221051753,5.982872210517542,854.3,850.5157642543759,858.084235745624,3.7842357456240734,0.33377795548419564,0.3286996469992037,0.3388562639691876,0.005078308484991967,48.59560868764504,43.978475994134925,53.212741381155155,4.617132693510115,,,,,,,,
target_restriction_of_global,scale_free_m2,50,1.0,self_masking_logistic_population,0.3,n_inverse_half,20,20,0.9490833333333331,0.9251930684375532,0.9729735982291129,0.023890264895779834,0.664037884823295,0.6309447650176485,0.6971310046289414,0.03309311980564644,0.7523773909792216,0.7254594342380984,0.7792953477203448,0.026917956741123183,0.3,0.24318520592373238,0.3568147940762676,0.056814794076267605,0.07,0.01718100856040973,0.12281899143959028,0.05281899143959028,2.09,1.9352234389713465,2.244776561028653,0.15477656102865334,7749.2,7262.819340350267,8235.580659649731,486.380659649732,356.65,350.9396286547506,362.36037134524935,5.710371345249371,838.4,833.5805398642286,843.2194601357713,4.819460135771351,0.3279432712294591,0.32378688090625257,0.3320996615526656,0.004156390323206527,50.39678094352501,45.46482139275693,55.328740494293086,4.931959550768077,,,,,,,,
target_restriction_of_global,scale_free_m2,50,1.25,complete,0.0,n_inverse_half,20,20,0.9327526917526917,0.9126088394990761,0.9528965440063073,0.02014385225361559,0.7840688207131705,0.7589753935757342,0.8091622478506069,0.02509342713743634,0.8327435888587168,0.8145751786748104,0.8509119990426232,0.01816841018390636,0.41000000000000003,0.36470060284951333,0.45529939715048673,0.0452993971504867,0.295,0.18712133016050236,0.4028786698394976,0.10787866983949762,1.475,1.3635471802263692,1.586452819773631,0.11145281977363086,18650.75,16869.717962614068,20431.782037385932,1781.0320373859322,2500.0,2500.0,2500.0,0.0,2500.0,2500.0,2500.0,0.0,1.0,1.0,1.0,0.0,134.3356229019,118.5962272387318,150.07501856506818,15.739395663168189,,,,,,,,
target_restriction_of_global,scale_free_m2,50,1.25,self_masking_gaussian_preserving,0.3,n_inverse_half,20,20,0.9331190476190476,0.9033326451157705,0.9629054501223248,0.029786402503277132,0.6370652467802236,0.605573131423204,0.6685573621372431,0.03149211535701957,0.7275768897260888,0.7000862398805975,0.7550675395715801,0.02749064984549132,0.27,0.21298265699581617,0.3270173430041839,0.05701734300418386,0.06999999999999999,0.02174324596355169,0.1182567540364483,0.0482567540364483,2.175,2.0209887863620186,2.329011213637981,0.1540112136379812,7411.9,6860.439430907477,7963.360569092522,551.4605690925227,385.45,379.46712778948245,391.43287221051753,5.982872210517542,854.3,850.5157642543759,858.084235745624,3.7842357456240734,0.33377795548419564,0.3286996469992037,0.3388562639691876,0.005078308484991967,47.91773216838007,42.27004138574865,53.56542295101149,5.647690782631422,,,,,,,,
target_restriction_of_global,scale_free_m2,50,1.25,self_masking_logistic_population,0.3,n_inverse_half,20,20,0.9490833333333333,0.9251930684375534,0.9729735982291131,0.023890264895779834,0.6640378848232951,0.6309447650176486,0.6971310046289415,0.03309311980564644,0.7523773909792216,0.7254594342380984,0.7792953477203448,0.026917956741123183,0.30000000000000004,0.24318520592373244,0.35681479407626765,0.056814794076267605,0.06999999999999999,0.017181008560409716,0.12281899143959027,0.05281899143959028,2.09,1.9352234389713463,2.244776561028653,0.15477656102865345,7749.2,7262.819340350267,8235.580659649731,486.380659649732,356.65,350.9396286547506,362.36037134524935,5.710371345249371,838.4,833.5805398642286,843.2194601357713,4.819460135771351,0.32794327122945915,0.3237868809062526,0.3320996615526657,0.004156390323206527,52.45462965160003,47.400105462377915,57.509153840822144,5.054524189222114,,,,,,,,
target_restriction_of_global,scale_free_m2,75,1.0,complete,0.0,n_inverse_half,20,20,0.9391696485703838,0.9203446570883266,0.957994640052441,0.018824991482057185,0.8005535559784785,0.7729408714232509,0.8281662405337062,0.027612684555227696,0.8435909244800002,0.8243644109195752,0.8628174380404251,0.01922651356042493,0.45999999999999996,0.40441599724776633,0.5155840027522336,0.05558400275223363,0.36500000000000005,0.2594985179956132,0.4705014820043869,0.10550148200438686,1.7349999999999999,1.513248077130266,1.9567519228697337,0.22175192286973378,47825.2,42263.41841979956,53386.98158020044,5561.781580200441,3750.0,3750.0,3750.0,0.0,3750.0,3750.0,3750.0,0.0,1.0,1.0,1.0,0.0,354.1522903944248,304.5315929494401,403.77298783940955,49.62069744498473,,,,,,,,
target_restriction_of_global,scale_free_m2,75,1.0,self_masking_gaussian_preserving,0.3,n_inverse_half,20,20,0.9645833333333332,0.935264089613689,0.9939025770529775,0.029319243719644228,0.6713705431135772,0.6300470627544579,0.7126940234726966,0.04132348035911937,0.7593101153874525,0.7251941201128811,0.793426110662024,0.03411599527457143,0.32500000000000007,0.26080215581975447,0.38919784418024567,0.0641978441802456,0.039999999999999994,0.012001363798318478,0.0679986362016815,0.027998636201681512,2.485,2.2886129084549705,2.6813870915450293,0.19638709154502942,17712.05,16529.1370961595,18894.9629038405,1182.9129038405008,575.1,569.384331673712,580.815668326288,5.715668326287982,1270.875,1263.4914672023372,1278.2585327976628,7.383532797662838,0.32339237197710846,0.31791277291113235,0.3288719710430846,0.005479599065976115,113.89941251714035,102.10246720692678,125.69635782735392,11.796945310213573,,,,,,,,
target_restriction_of_global,scale_free_m2,75,1.0,self_masking_logistic_population,0.3,n_inverse_half,20,20,0.9391607142857143,0.9094033869637147,0.968918041607714,0.02975732732199965,0.6611304542550673,0.6178898666349907,0.704371041875144,0.043240587620076654,0.7439904930727161,0.7093280296653838,0.7786529564800485,0.03466246340733237,0.305,0.22687043550867292,0.38312956449132707,0.07812956449132707,0.07500000000000001,0.03518618717951938,0.11481381282048064,0.03981381282048063,2.525,2.319659512543937,2.7303404874560626,0.2053404874560627,18071.85,16851.49800569843,19292.201994301566,1220.3519943015672,539.05,533.6976901326918,544.4023098673081,5.352309867308122,1246.825,1222.7098524231676,1270.9401475768325,24.11514757683244,0.32216658601198295,0.3168621904050937,0.32747098161887217,0.005304395606889223,116.72046629724014,106.22604256070196,127.21489003377832,10.494423736538181,,,,,,,,
target_restriction_of_global,scale_free_m2,75,1.25,complete,0.0,n_inverse_half,20,20,0.9469013828448812,0.9306647884427689,0.9631379772469936,0.016236594402112337,0.8082733826917263,0.7825384904549816,0.8340082749284711,0.025734892236744744,0.8532181224074533,0.8358317737367905,0.8706044710781161,0.0173863486706628,0.4800000000000001,0.42828382293657824,0.531716177063422,0.05171617706342188,0.34500000000000003,0.25081391755162613,0.4391860824483739,0.0941860824483739,1.6749999999999996,1.474776065793402,1.8752239342065973,0.20022393420659768,51125.95,44926.03894716226,57325.86105283773,6199.911052837735,4151.0,4151.0,4151.0,0.0,4151.0,4151.0,4151.0,0.0,1.0,1.0,1.0,0.0,381.08365043893,323.4911409335047,438.67615994435533,57.59250950542531,,,,,,,,
target_restriction_of_global,scale_free_m2,75,1.25,self_masking_gaussian_preserving,0.3,n_inverse_half,20,20,0.9595,0.9288832665836669,0.9901167334163331,0.030616733416333086,0.6774706513386854,0.6379838162470169,0.716957486430354,0.039486835091668504,0.7626803007132599,0.7290281881863037,0.7963324132402161,0.03365211252695621,0.33,0.26907292104640174,0.3909270789535983,0.06092707895359828,0.04,0.016476440408103844,0.06352355959189615,0.023523559591896153,2.4449999999999994,2.255058484332452,2.634941515667547,0.18994151566754747,18733.6,17476.760767234697,19990.4392327653,1256.8392327653019,638.45,632.3074018214652,644.5925981785349,6.142598178534854,1389.7,1352.8012703002241,1426.598729699776,36.89872969977591,0.3202441849436836,0.3146199664096551,0.3258684034777121,0.005624218534028502,122.0900236536548,108.7378273326083,135.4422199747013,13.352196321046492,,,,,,,,
target_restriction_of_global,scale_free_m2,75,1.25,self_masking_logistic_population,0.3,n_inverse_half,20,20,0.9480416666666667,0.9176894217574315,0.9783939115759018,0.03035224490923516,0.6678090256836386,0.6264430985698288,0.7091749527974485,0.04136592711380982,0.7516427954319148,0.7176822135840388,0.7856033772797908,0.03396058184787598,0.31499999999999995,0.23866160913624326,0.39133839086375666,0.0763383908637567,0.07,0.03249731720247488,0.10750268279752513,0.037502682797525125,2.4999999999999996,2.3014383037164863,2.698561696283513,0.19856169628351328,18937.05,17613.091542937345,20261.008457062653,1323.958457062654,601.7,595.1020364010467,608.2979635989534,6.597963598953356,1377.85,1352.5165010216635,1403.1834989783363,25.333498978336365,0.32010026621802584,0.3150792386872106,0.3251212937488411,0.005021027530815236,128.74713311389,116.98507876992376,140.50918745785623,11.762054343966234,,,,,,,,
target_restriction_of_global,small_world_k2,20,1.0,complete,0.0,n_inverse_half,20,20,0.9816666666666667,0.9652851849974345,0.9980481483358988,0.016381481669232145,0.9962500000000001,0.9884011597959689,1.0040988402040312,0.007848840204031149,0.9866190476190477,0.9761613238637075,0.997076771374388,0.010457723755340265,0.9349999999999999,0.8840134420289131,0.9859865579710868,0.050986557971086865,0.05500000000000001,0.005855554992303537,0.10414444500769648,0.04914444500769648,0.01,-0.01093024054408309,0.03093024054408309,0.02093024054408309,432.2,398.28927055331656,466.1107294466834,33.91072944668343,1000.0,1000.0,1000.0,0.0,1000.0,1000.0,1000.0,0.0,1.0,1.0,1.0,0.0,2.298249552634996,1.9796508851509147,2.6168482201190777,0.3185986674840815,1.0,1.0,1.0,0.0,0.13280973594662898,0.11744714813816105,0.14817232375509692,0.015362587808467935
target_restriction_of_global,small_world_k2,20,1.0,self_masking_gaussian_preserving,0.3,n_inverse_half,20,20,1.0,1.0,1.0,0.0,0.9945833333333333,0.9861636558141064,1.00300301085256,0.008419677519226842,0.9966190476190476,0.9913165011206251,1.0019215941174702,0.0053025464984225446,0.985,0.9620972243120313,1.0079027756879688,0.02290277568796878,0.0,0.0,0.0,0.0,0.015000000000000003,-0.007902775687968745,0.03790277568796875,0.022902775687968748,393.75,367.62804517361246,419.87195482638754,26.121954826387537,233.75,213.60226518028156,253.89773481971844,20.147734819718437,413.375,388.77547878738403,437.97452121261597,24.59952121261597,0.41392477215415946,0.4084786224042142,0.41937092190410474,0.005446149749945284,2.3153732285050492,2.0992248287245197,2.531521628285579,0.21614839978052958,1.0,1.0,1.0,0.0,0.13280973594662898,0.11744714813816105,0.14817232375509692,0.015362587808467935
target_restriction_of_global,small_world_k2,20,1.0,self_masking_logistic_population,0.3,n_inverse_half,20,20,1.0,1.0,1.0,0.0,0.9945833333333335,0.9861636558141066,1.0030030108525603,0.008419677519226842,0.9966190476190476,0.9913165011206251,1.0019215941174702,0.0053025464984225446,0.985,0.9620972243120313,1.0079027756879688,0.02290277568796878,0.0,0.0,0.0,0.0,0.015000000000000003,-0.007902775687968745,0.03790277568796875,0.022902775687968748,394.75,371.2127835552606,418.2872164447394,23.537216444739386,224.95,207.3115944665689,242.5884055334311,17.638405533431097,409.875,387.62353377160446,432.12646622839554,22.251466228395543,0.41204157592204077,0.4067204271235499,0.41736272472053165,0.005321148798490882,2.1114310676449852,1.858610056529939,2.3642520787600314,0.2528210111150462,1.0,1.0,1.0,0.0,0.13280973594662898,0.11744714813816105,0.14817232375509692,0.015362587808467935
target_restriction_of_global,small_world_k2,20,1.25,complete,0.0,n_inverse_half,20,20,0.9875,0.9743804057090627,1.0006195942909375,0.013119594290937397,0.9962500000000001,0.9884011597959689,1.0040988402040312,0.007848840204031149,0.989952380952381,0.9809951389841348,0.9989096229206272,0.00895724196824621,0.9549999999999998,0.9134851935416693,0.9965148064583303,0.0415148064583305,0.035,-0.003036827251177189,0.07303682725117719,0.038036827251177185,0.01,-0.01093024054408309,0.03093024054408309,0.02093024054408309,437.35,400.0723088681573,474.62769113184277,37.277691131842744,796.0,796.0,796.0,0.0,796.0,796.0,796.0,0.0,1.0,1.0,1.0,0.0,2.332740521315091,2.029808147576504,2.635672895053678,0.30293237373858695,1.0,1.0,1.0,0.0,0.13280973594662898,0.11744714813816105,0.14817232375509692,0.015362587808467935
target_restriction_of_global,small_world_k2,20,1.25,self_masking_gaussian_preserving,0.3,n_inverse_half,20,20,0.9958333333333332,0.9871123997732986,1.0045542668933678,0.008720933560034616,0.9945833333333333,0.9861636558141064,1.00300301085256,0.008419677519226842,0.9939523809523809,0.9865286693663439,1.001376092538418,0.007423711586037107,0.975,0.9451094936231852,1.0048905063768148,0.029890506376814785,0.01,-0.01093024054408309,0.03093024054408309,0.02093024054408309,0.015000000000000003,-0.007902775687968745,0.03790277568796875,0.022902775687968748,393.9,371.8779714408339,415.92202855916605,22.022028559166074,184.75,169.2568032836897,200.2431967163103,15.493196716310308,330.775,312.6556427628581,348.89435723714183,18.119357237141855,0.41362346287534446,0.4080612585346354,0.41918566721605355,0.005562204340709087,2.1125745873700543,1.877659503631565,2.347489671108544,0.23491508373848935,1.0,1.0,1.0,0.0,0.13280973594662898,0.11744714813816105,0.14817232375509692,0.015362587808467935
target_restriction_of_global,small_world_k2,20,1.25,self_masking_logistic_population,0.3,n_inverse_half,20,20,0.9983333333333333,0.9948449599093194,1.0018217067573472,0.0034883734240138686,0.9904166666666667,0.9787317118586831,1.0021016214746503,0.011684954807983594,0.9929523809523809,0.9854222086116871,1.0004825532930748,0.007530172340693864,0.97,0.939253948701491,1.000746051298509,0.030746051298508936,0.005,-0.005465120272041545,0.015465120272041544,0.010465120272041545,0.025,-0.0048905063768147905,0.05489050637681479,0.029890506376814792,395.15,371.7314157369825,418.56858426301744,23.418584263017465,180.45,165.52251812352054,195.37748187647944,14.927481876479447,323.525,306.726937747058,340.32306225294195,16.798062252941975,0.41200938881213656,0.4066059451576296,0.4174128324666435,0.005403443654506956,2.148998958180002,1.9436366962812437,2.354361220078761,0.2053622618987586,1.0,1.0,1.0,0.0,0.13280973594662898,0.11744714813816105,0.14817232375509692,0.015362587808467935
target_restriction_of_global,small_world_k2,50,1.0,complete,0.0,n_inverse_half,20,20,0.9933333333333332,0.9851719676351889,1.0014946990314775,0.008161365698144296,1.0,1.0,1.0,0.0,0.9960000000000001,0.9911031805811136,1.0008968194188868,0.004896819418886589,0.9799999999999999,0.9555159029055671,1.0044840970944326,0.024484097094432777,0.02,-0.0044840970944328255,0.04448409709443282,0.024484097094432826,0.0,0.0,0.0,0.0,1954.55,1897.5879876326064,2011.5120123673935,56.96201236739353,2500.0,2500.0,2500.0,0.0,2500.0,2500.0,2500.0,0.0,1.0,1.0,1.0,0.0,9.233108408269995,8.77051901183146,9.69569780470853,0.4625893964385348,1.0,1.0,1.0,0.0,,,,
target_restriction_of_global,small_world_k2,50,1.0,self_masking_gaussian_preserving,0.3,n_inverse_half,20,20,1.0,1.0,1.0,0.0,0.9974999999999999,0.9922674398639791,1.0027325601360206,0.005232560136020747,0.9983333333333334,0.9948449599093195,1.0018217067573472,0.003488373424013813,0.9949999999999999,0.9845348797279584,1.0054651202720415,0.01046512027204155,0.0,0.0,0.0,0.0,0.005,-0.005465120272041545,0.015465120272041544,0.010465120272041545,1881.7,1829.3259290261176,1934.0740709738825,52.37407097388245,579.8,557.637756336761,601.962243663239,22.162243663238996,1209.1,1206.2964331270439,1211.903566872956,2.8035668729560257,0.4396567164258978,0.43725887552758846,0.4420545573242072,0.0023978408983093558,8.846524020429952,8.300134944995948,9.392913095863955,0.5463890754340035,1.0,1.0,1.0,0.0,,,,
target_restriction_of_global,small_world_k2,50,1.0,self_masking_logistic_population,0.3,n_inverse_half,20,20,1.0,1.0,1.0,0.0,0.99375,0.9845488658374917,1.0029511341625084,0.00920113416250834,0.9959523809523809,0.9900216943154766,1.0018830675892854,0.005930686636904381,0.985,0.9620972243120313,1.0079027756879688,0.02290277568796878,0.0,0.0,0.0,0.0,0.015000000000000003,-0.007902775687968749,0.03790277568796875,0.02290277568796875,1876.8,1832.5092850247604,1921.0907149752395,44.29071497523955,553.3,537.5344613395469,569.0655386604531,15.765538660453103,1204.05,1201.1431702532998,1206.9568297467001,2.9068297467001685,0.43760228221103176,0.43508265154105813,0.4401219128810054,0.002519630669973627,8.393873372700005,7.769674393481574,9.018072351918438,0.6241989792184319,1.0,1.0,1.0,0.0,,,,
target_restriction_of_global,small_world_k2,50,1.25,complete,0.0,n_inverse_half,20,20,0.9933333333333334,0.9851719676351891,1.0014946990314777,0.008161365698144296,1.0,1.0,1.0,0.0,0.9960000000000001,0.9911031805811136,1.0008968194188868,0.004896819418886589,0.9800000000000001,0.9555159029055673,1.0044840970944329,0.024484097094432777,0.02,-0.0044840970944328255,0.04448409709443282,0.024484097094432826,0.0,0.0,0.0,0.0,1954.55,1897.5879876326064,2011.5120123673935,56.96201236739353,2500.0,2500.0,2500.0,0.0,2500.0,2500.0,2500.0,0.0,1.0,1.0,1.0,0.0,9.624531089759913,8.747787249622874,10.501274929896951,0.8767438401370384,1.0,1.0,1.0,0.0,,,,
target_restriction_of_global,small_world_k2,50,1.25,self_masking_gaussian_preserving,0.3,n_inverse_half,20,20,1.0,1.0,1.0,0.0,0.9974999999999999,0.9922674398639791,1.0027325601360206,0.005232560136020747,0.9983333333333334,0.9948449599093195,1.0018217067573472,0.003488373424013813,0.9949999999999999,0.9845348797279584,1.0054651202720415,0.01046512027204155,0.0,0.0,0.0,0.0,0.005,-0.005465120272041545,0.015465120272041544,0.010465120272041545,1881.7,1829.3259290261176,1934.0740709738825,52.37407097388245,579.8,557.637756336761,601.962243663239,22.162243663238996,1209.1,1206.2964331270439,1211.903566872956,2.8035668729560257,0.4396567164258977,0.43725887552758835,0.44205455732420706,0.0023978408983093558,8.981029763605061,8.463918866583091,9.498140660627032,0.5171108970219702,1.0,1.0,1.0,0.0,,,,
target_restriction_of_global,small_world_k2,50,1.25,self_masking_logistic_population,0.3,n_inverse_half,20,20,1.0,1.0,1.0,0.0,0.99375,0.9845488658374917,1.0029511341625084,0.00920113416250834,0.9959523809523809,0.9900216943154766,1.0018830675892854,0.005930686636904381,0.985,0.9620972243120313,1.0079027756879688,0.02290277568796878,0.0,0.0,0.0,0.0,0.015000000000000003,-0.007902775687968745,0.03790277568796875,0.022902775687968748,1876.8,1832.5092850247604,1921.0907149752395,44.29071497523955,553.3,537.5344613395469,569.0655386604531,15.765538660453103,1204.05,1201.1431702532998,1206.9568297467001,2.9068297467001685,0.43760228221103176,0.43508265154105813,0.4401219128810054,0.002519630669973627,8.630359466154964,7.891306799307583,9.369412133002346,0.7390526668473814,1.0,1.0,1.0,0.0,,,,
target_restriction_of_global,small_world_k2,75,1.0,complete,0.0,n_inverse_half,20,20,0.9929166666666666,0.985840226609379,0.9999931067239541,0.007076440057287581,1.0,1.0,1.0,0.0,0.9956190476190476,0.9911514573599914,1.000086637878104,0.004467590259056242,0.9799999999999999,0.960793094021967,0.9992069059780327,0.019206905978032873,0.02,0.0007930940219671688,0.039206905978032836,0.01920690597803283,0.0,0.0,0.0,0.0,3976.9,3897.5177303756045,4056.2822696243957,79.38226962439558,3750.0,3750.0,3750.0,0.0,3750.0,3750.0,3750.0,0.0,1.0,1.0,1.0,0.0,18.202286051450088,16.67681549344911,19.727756609451067,1.525470558000979,1.0,1.0,1.0,0.0,,,,
target_restriction_of_global,small_world_k2,75,1.0,self_masking_gaussian_preserving,0.3,n_inverse_half,20,20,1.0,1.0,1.0,0.0,1.0,1.0,1.0,0.0,1.0,1.0,1.0,0.0,1.0,1.0,1.0,0.0,0.0,0.0,0.0,0.0,0.0,0.0,0.0,0.0,3832.1,3763.4680747787247,3900.731925221275,68.6319252212752,850.75,816.5591868828009,884.9408131171991,34.19081311719913,1823.875,1820.9425295695735,1826.8074704304265,2.9324704304265197,0.44956966336908577,0.44769788373846897,0.45144144299970257,0.0018717796306167989,17.70191730776,16.581819479912195,18.822015135607803,1.120097827847804,1.0,1.0,1.0,0.0,,,,
target_restriction_of_global,small_world_k2,75,1.0,self_masking_logistic_population,0.3,n_inverse_half,20,20,0.9966666666666667,0.9918649401721584,1.001468393161175,0.004801726494508274,1.0,1.0,1.0,0.0,0.998,0.995118964103295,1.0008810358967049,0.0028810358967049088,0.99,0.9755948205164754,1.0044051794835247,0.014405179483524655,0.01,-0.004405179483524622,0.024405179483524622,0.014405179483524622,0.0,0.0,0.0,0.0,3840.4,3783.6537496796245,3897.1462503203757,56.746250320375566,802.95,768.047203335515,837.8527966644851,34.902796664485095,1822.55,1820.498842047053,1824.601157952947,2.051157952947051,0.4488422719810202,0.44720064104687085,0.4504839029151696,0.001641630934149374,17.26966963931008,16.117083894635105,18.422255383985057,1.152585744674976,1.0,1.0,1.0,0.0,,,,
target_restriction_of_global,small_world_k2,75,1.25,complete,0.0,n_inverse_half,20,20,0.9812499999999998,0.9688600697491874,0.9936399302508123,0.012389930250812475,1.0,1.0,1.0,0.0,0.9882857142857142,0.9804497302679624,0.996121698303466,0.007835984017751763,0.9499999999999998,0.9177890394467535,0.9822109605532462,0.03221096055324635,0.05,0.017789039446753627,0.08221096055324638,0.032210960553246376,0.0,0.0,0.0,0.0,3956.3,3889.3321640742033,4023.267835925797,66.96783592579686,4151.0,4151.0,4151.0,0.0,4151.0,4151.0,4151.0,0.0,1.0,1.0,1.0,0.0,18.79425028939503,17.21275125621074,20.37574932257932,1.58149903318429,1.0,1.0,1.0,0.0,,,,
target_restriction_of_global,small_world_k2,75,1.25,self_masking_gaussian_preserving,0.3,n_inverse_half,20,20,1.0,1.0,1.0,0.0,1.0,1.0,1.0,0.0,1.0,1.0,1.0,0.0,1.0,1.0,1.0,0.0,0.0,0.0,0.0,0.0,0.0,0.0,0.0,0.0,3813.35,3756.7744790128068,3869.925520987193,56.57552098719316,943.4,905.3488093602678,981.4511906397322,38.051190639732226,2019.775,2016.5678250037029,2022.9821749962973,3.2071749962972262,0.44988980125616607,0.4482711719980781,0.45150843051425404,0.001618629258087978,17.488850946014843,16.570875258156114,18.40682663387357,0.9179756878587284,1.0,1.0,1.0,0.0,,,,
target_restriction_of_global,small_world_k2,75,1.25,self_masking_logistic_population,0.3,n_inverse_half,20,20,1.0,1.0,1.0,0.0,1.0,1.0,1.0,0.0,1.0,1.0,1.0,0.0,1.0,1.0,1.0,0.0,0.0,0.0,0.0,0.0,0.0,0.0,0.0,0.0,3830.4,3773.48578585757,3887.31421414243,56.914214142429955,894.95,855.0365673515877,934.8634326484124,39.91343264841237,2018.325,2016.2398741126658,2020.4101258873343,2.085125887334243,0.4490061677822027,0.4473225797107737,0.4506897558536317,0.0016835880714289875,18.158694217985026,16.57804651452799,19.739341921442062,1.5806477034570356,1.0,1.0,1.0,0.0,,,,
target_restriction_of_global,small_world_k2,100,1.0,complete,0.0,n_inverse_half,20,20,0.9883333333333333,0.9764362006378033,1.0002304660288632,0.011897132695529944,1.0,1.0,1.0,0.0,0.9926666666666668,0.9851661301071618,1.000167203226172,0.0075005365595050555,0.97,0.939253948701491,1.000746051298509,0.030746051298508936,0.03,-0.0007460512985089755,0.06074605129850898,0.030746051298508978,0.0,0.0,0.0,0.0,6733.05,6630.25250718306,6835.847492816941,102.79749281694058,5000.0,5000.0,5000.0,0.0,5000.0,5000.0,5000.0,0.0,1.0,1.0,1.0,0.0,32.21927076399015,29.36090035923277,35.07764116874753,2.858370404757382,1.0,1.0,1.0,0.0,,,,
target_restriction_of_global,small_world_k2,100,1.0,self_masking_gaussian_preserving,0.3,n_inverse_half,20,20,1.0,1.0,1.0,0.0,1.0,1.0,1.0,0.0,1.0,1.0,1.0,0.0,1.0,1.0,1.0,0.0,0.0,0.0,0.0,0.0,0.0,0.0,0.0,0.0,6522.95,6435.663450938614,6610.236549061386,87.28654906138581,1087.5,1018.7012119918585,1156.2987880081416,68.79878800814157,2437.625,2434.8908868566605,2440.3591131433395,2.7341131433395276,0.4547841273601826,0.45324292729610316,0.456325327424262,0.0015412000640794288,31.135782433734857,28.65572815693529,33.615836710534424,2.4800542767995672,1.0,1.0,1.0,0.0,,,,
target_restriction_of_global,small_world_k2,100,1.0,self_masking_logistic_population,0.3,n_inverse_half,20,20,1.0,1.0,1.0,0.0,1.0,1.0,1.0,0.0,1.0,1.0,1.0,0.0,1.0,1.0,1.0,0.0,0.0,0.0,0.0,0.0,0.0,0.0,0.0,0.0,6497.35,6424.812093684779,6569.887906315222,72.53790631522133,1000.4,941.0033225733148,1059.7966774266852,59.39667742668519,2435.925,2433.3906673609104,2438.45933263909,2.5343326390898255,0.4545534913522138,0.4530639799303945,0.4560430027740331,0.0014895114218193006,28.87627871286025,26.65795808938568,31.094599336334817,2.2183206234745683,1.0,1.0,1.0,0.0,,,,
target_restriction_of_global,small_world_k2,100,1.25,complete,0.0,n_inverse_half,20,20,0.9891666666666667,0.9777713447058496,1.000561988627484,0.011395321960817162,1.0,1.0,1.0,0.0,0.9933333333333334,0.9862472835355498,1.000419383131117,0.0070860497977836,0.9700000000000001,0.9392539487014911,1.0007460512985091,0.030746051298508992,0.030000000000000006,-0.0007460512985089617,0.06074605129850898,0.03074605129850897,0.0,0.0,0.0,0.0,6681.3,6592.949132829354,6769.650867170646,88.35086717064587,5947.0,5947.0,5947.0,0.0,5947.0,5947.0,5947.0,0.0,1.0,1.0,1.0,0.0,32.42641937819014,29.736968823837362,35.11586993254292,2.6894505543527796,1.0,1.0,1.0,0.0,,,,
target_restriction_of_global,small_world_k2,100,1.25,self_masking_gaussian_preserving,0.3,n_inverse_half,20,20,1.0,1.0,1.0,0.0,1.0,1.0,1.0,0.0,1.0,1.0,1.0,0.0,1.0,1.0,1.0,0.0,0.0,0.0,0.0,0.0,0.0,0.0,0.0,0.0,6488.05,6403.775052324542,6572.324947675458,84.27494767545795,1297.8,1216.0468025085681,1379.5531974914318,81.75319749143182,2900.75,2897.6311871552984,2903.8688128447016,3.1188128447015515,0.4553292493413935,0.45380962046696405,0.456848878215823,0.0015196288744294684,29.834067540460005,27.570806929039435,32.097328151880575,2.26326061142057,1.0,1.0,1.0,0.0,,,,
target_restriction_of_global,small_world_k2,100,1.25,self_masking_logistic_population,0.3,n_inverse_half,20,20,0.9983333333333334,0.9948449599093195,1.0018217067573472,0.003488373424013813,1.0,1.0,1.0,0.0,0.999,0.9969069759455917,1.0010930240544083,0.0020930240544082546,0.9949999999999999,0.9845348797279584,1.0054651202720415,0.01046512027204155,0.005,-0.005465120272041545,0.015465120272041544,0.010465120272041545,0.0,0.0,0.0,0.0,6476.55,6396.153054887354,6556.946945112646,80.39694511264588,1207.05,1137.0396626918164,1277.0603373081835,70.01033730818358,2899.0,2896.0400169958825,2901.9599830041175,2.9599830041174755,0.45499512670150405,0.45333114693125276,0.45665910647175534,0.0016639797702512893,31.23676273512521,28.713682093913818,33.759843376336605,2.5230806412113935,1.0,1.0,1.0,0.0,,,,
